phase,source_url,destination_url,anchor_text,link_context,http_status,final_url,chain_length,verification,rel,recommended_action,internal
"baseline","https://kujo.robertdevore.com/","https://kujo.robertdevore.com/#main","Skip to content","HTML anchor","200","https://kujo.robertdevore.com/","","reachable","","retain","true"
"baseline","https://kujo.robertdevore.com/","https://kujo.robertdevore.com/","K_ KUJO THE COURSE","HTML anchor","200","https://kujo.robertdevore.com/","","reachable","","retain","true"
"baseline","https://kujo.robertdevore.com/","https://kujo.robertdevore.com/course/","Curriculum","HTML anchor","200","https://kujo.robertdevore.com/course/","","reachable","","retain","true"
"baseline","https://kujo.robertdevore.com/","https://kujo.robertdevore.com/explorer/","Examples","HTML anchor","200","https://kujo.robertdevore.com/explorer/","","reachable","","retain","true"
"baseline","https://kujo.robertdevore.com/","https://kujo.robertdevore.com/evidence/","Evidence","HTML anchor","200","https://kujo.robertdevore.com/evidence/","","reachable","","retain","true"
"baseline","https://kujo.robertdevore.com/","https://kujo.robertdevore.com/course/what-is-kujo/","Start lesson 01 →","HTML anchor","200","https://kujo.robertdevore.com/course/what-is-kujo/","","reachable","","retain","true"
"baseline","https://kujo.robertdevore.com/","https://kujo.robertdevore.com/course/","Explore the curriculum","HTML anchor","200","https://kujo.robertdevore.com/course/","","reachable","","retain","true"
"baseline","https://kujo.robertdevore.com/","https://kujo.robertdevore.com/course/what-is-kujo/","01 What Kujo is","HTML anchor","200","https://kujo.robertdevore.com/course/what-is-kujo/","","reachable","","retain","true"
"baseline","https://kujo.robertdevore.com/","https://kujo.robertdevore.com/course/setup-and-cli/","02 Installation, CLI, and your first program","HTML anchor","200","https://kujo.robertdevore.com/course/setup-and-cli/","","reachable","","retain","true"
"baseline","https://kujo.robertdevore.com/","https://kujo.robertdevore.com/course/bindings-and-mutability/","03 Bindings, values, and mutability","HTML anchor","200","https://kujo.robertdevore.com/course/bindings-and-mutability/","","reachable","","retain","true"
"baseline","https://kujo.robertdevore.com/","https://kujo.robertdevore.com/course/values-and-truthiness/","04 Values, operators, and truthiness","HTML anchor","200","https://kujo.robertdevore.com/course/values-and-truthiness/","","reachable","","retain","true"
"baseline","https://kujo.robertdevore.com/","https://kujo.robertdevore.com/course/control-flow/","05 Control flow and block scopes","HTML anchor","200","https://kujo.robertdevore.com/course/control-flow/","","reachable","","retain","true"
"baseline","https://kujo.robertdevore.com/","https://kujo.robertdevore.com/course/functions/","06 Functions, callbacks, and return values","HTML anchor","200","https://kujo.robertdevore.com/course/functions/","","reachable","","retain","true"
"baseline","https://kujo.robertdevore.com/","https://kujo.robertdevore.com/course/collections-and-pipelines/","07 Collections, pipes, and null handling","HTML anchor","200","https://kujo.robertdevore.com/course/collections-and-pipelines/","","reachable","","retain","true"
"baseline","https://kujo.robertdevore.com/","https://kujo.robertdevore.com/build-1/","◆ Build 1 · Put it to work →","HTML anchor","200","https://kujo.robertdevore.com/build-1/","","reachable","","retain","true"
"baseline","https://kujo.robertdevore.com/","https://kujo.robertdevore.com/course/scope-and-capture/","08 Scope, shadowing, and capture","HTML anchor","200","https://kujo.robertdevore.com/course/scope-and-capture/","","reachable","","retain","true"
"baseline","https://kujo.robertdevore.com/","https://kujo.robertdevore.com/course/structs-and-enums/","09 Structs and enums","HTML anchor","200","https://kujo.robertdevore.com/course/structs-and-enums/","","reachable","","retain","true"
"baseline","https://kujo.robertdevore.com/","https://kujo.robertdevore.com/course/match-result-option/","10 Match, Result, and Option","HTML anchor","200","https://kujo.robertdevore.com/course/match-result-option/","","reachable","","retain","true"
"baseline","https://kujo.robertdevore.com/","https://kujo.robertdevore.com/course/exceptions/","11 Exceptions and recoverable errors","HTML anchor","200","https://kujo.robertdevore.com/course/exceptions/","","reachable","","retain","true"
"baseline","https://kujo.robertdevore.com/","https://kujo.robertdevore.com/course/optional-typing/","12 Optional typing without imaginary guarantees","HTML anchor","200","https://kujo.robertdevore.com/course/optional-typing/","","reachable","","retain","true"
"baseline","https://kujo.robertdevore.com/","https://kujo.robertdevore.com/course/async-and-await/","13 Async functions and await","HTML anchor","200","https://kujo.robertdevore.com/course/async-and-await/","","reachable","","retain","true"
"baseline","https://kujo.robertdevore.com/","https://kujo.robertdevore.com/course/bounded-concurrency/","14 Spawn and bounded concurrent work","HTML anchor","200","https://kujo.robertdevore.com/course/bounded-concurrency/","","reachable","","retain","true"
"baseline","https://kujo.robertdevore.com/","https://kujo.robertdevore.com/build-2/","◆ Build 2 · Put it to work →","HTML anchor","200","https://kujo.robertdevore.com/build-2/","","reachable","","retain","true"
"baseline","https://kujo.robertdevore.com/","https://kujo.robertdevore.com/course/modules/","15 Modules and explicit exports","HTML anchor","200","https://kujo.robertdevore.com/course/modules/","","reachable","","retain","true"
"baseline","https://kujo.robertdevore.com/","https://kujo.robertdevore.com/course/projects-and-lockfiles/","16 Projects, packages, and lockfiles","HTML anchor","200","https://kujo.robertdevore.com/course/projects-and-lockfiles/","","reachable","","retain","true"
"baseline","https://kujo.robertdevore.com/","https://kujo.robertdevore.com/course/standard-library/","17 Finding the standard library contract","HTML anchor","200","https://kujo.robertdevore.com/course/standard-library/","","reachable","","retain","true"
"baseline","https://kujo.robertdevore.com/","https://kujo.robertdevore.com/course/testing/","18 Testing, fixtures, and runtime evidence","HTML anchor","200","https://kujo.robertdevore.com/course/testing/","","reachable","","retain","true"
"baseline","https://kujo.robertdevore.com/","https://kujo.robertdevore.com/course/machine-contracts/","19 Diagnostics and machine-readable interfaces","HTML anchor","200","https://kujo.robertdevore.com/course/machine-contracts/","","reachable","","retain","true"
"baseline","https://kujo.robertdevore.com/","https://kujo.robertdevore.com/course/documentation/","20 Documentation as a build artifact","HTML anchor","200","https://kujo.robertdevore.com/course/documentation/","","reachable","","retain","true"
"baseline","https://kujo.robertdevore.com/","https://kujo.robertdevore.com/course/editor-and-lsp/","21 Editor integration and the LSP boundary","HTML anchor","200","https://kujo.robertdevore.com/course/editor-and-lsp/","","reachable","","retain","true"
"baseline","https://kujo.robertdevore.com/","https://kujo.robertdevore.com/build-3/","◆ Build 3 · Put it to work →","HTML anchor","200","https://kujo.robertdevore.com/build-3/","","reachable","","retain","true"
"baseline","https://kujo.robertdevore.com/","https://kujo.robertdevore.com/course/filesystem/","22 Filesystem automation with bounded paths","HTML anchor","200","https://kujo.robertdevore.com/course/filesystem/","","reachable","","retain","true"
"baseline","https://kujo.robertdevore.com/","https://kujo.robertdevore.com/course/processes/","23 Processes without unnecessary shells","HTML anchor","200","https://kujo.robertdevore.com/course/processes/","","reachable","","retain","true"
"baseline","https://kujo.robertdevore.com/","https://kujo.robertdevore.com/course/http-and-networking/","24 HTTP and network boundaries","HTML anchor","200","https://kujo.robertdevore.com/course/http-and-networking/","","reachable","","retain","true"
"baseline","https://kujo.robertdevore.com/","https://kujo.robertdevore.com/course/data-and-persistence/","25 Structured data and local persistence","HTML anchor","200","https://kujo.robertdevore.com/course/data-and-persistence/","","reachable","","retain","true"
"baseline","https://kujo.robertdevore.com/","https://kujo.robertdevore.com/course/capability-security/","26 Trusted execution and minimum authority","HTML anchor","200","https://kujo.robertdevore.com/course/capability-security/","","reachable","","retain","true"
"baseline","https://kujo.robertdevore.com/","https://kujo.robertdevore.com/course/secret-boundaries/","27 Secrets, redaction, and endpoint policy","HTML anchor","200","https://kujo.robertdevore.com/course/secret-boundaries/","","reachable","","retain","true"
"baseline","https://kujo.robertdevore.com/","https://kujo.robertdevore.com/build-4/","◆ Build 4 · Put it to work →","HTML anchor","200","https://kujo.robertdevore.com/build-4/","","reachable","","retain","true"
"baseline","https://kujo.robertdevore.com/","https://kujo.robertdevore.com/course/ai-effects-and-messages/","28 AI effects and portable messages","HTML anchor","200","https://kujo.robertdevore.com/course/ai-effects-and-messages/","","reachable","","retain","true"
"baseline","https://kujo.robertdevore.com/","https://kujo.robertdevore.com/course/request-identity/","29 Deterministic request identity","HTML anchor","200","https://kujo.robertdevore.com/course/request-identity/","","reachable","","retain","true"
"baseline","https://kujo.robertdevore.com/","https://kujo.robertdevore.com/course/record-and-replay/","30 Record, replay, and offline evidence","HTML anchor","200","https://kujo.robertdevore.com/course/record-and-replay/","","reachable","","retain","true"
"baseline","https://kujo.robertdevore.com/","https://kujo.robertdevore.com/course/streaming/","31 Streaming and cancellation","HTML anchor","200","https://kujo.robertdevore.com/course/streaming/","","reachable","","retain","true"
"baseline","https://kujo.robertdevore.com/","https://kujo.robertdevore.com/course/structured-outputs/","32 Structured outputs and schema validation","HTML anchor","200","https://kujo.robertdevore.com/course/structured-outputs/","","reachable","","retain","true"
"baseline","https://kujo.robertdevore.com/","https://kujo.robertdevore.com/course/context-and-vectors/","33 Context budgets, embeddings, and vectors","HTML anchor","200","https://kujo.robertdevore.com/course/context-and-vectors/","","reachable","","retain","true"
"baseline","https://kujo.robertdevore.com/","https://kujo.robertdevore.com/course/tool-loops/","34 Bounded AI tool loops","HTML anchor","200","https://kujo.robertdevore.com/course/tool-loops/","","reachable","","retain","true"
"baseline","https://kujo.robertdevore.com/","https://kujo.robertdevore.com/build-5/","◆ Build 5 · Put it to work →","HTML anchor","200","https://kujo.robertdevore.com/build-5/","","reachable","","retain","true"
"baseline","https://kujo.robertdevore.com/","https://kujo.robertdevore.com/course/mechanism-and-policy/","35 Mechanism versus policy","HTML anchor","200","https://kujo.robertdevore.com/course/mechanism-and-policy/","","reachable","","retain","true"
"baseline","https://kujo.robertdevore.com/","https://kujo.robertdevore.com/course/loop-engineering/","36 Loop Engineering, specs, and stop conditions","HTML anchor","200","https://kujo.robertdevore.com/course/loop-engineering/","","reachable","","retain","true"
"baseline","https://kujo.robertdevore.com/","https://kujo.robertdevore.com/course/evaluation/","37 Evaluation independent of generation","HTML anchor","200","https://kujo.robertdevore.com/course/evaluation/","","reachable","","retain","true"
"baseline","https://kujo.robertdevore.com/","https://kujo.robertdevore.com/course/evidence-and-handoffs/","38 Evidence, run records, and work boundaries","HTML anchor","200","https://kujo.robertdevore.com/course/evidence-and-handoffs/","","reachable","","retain","true"
"baseline","https://kujo.robertdevore.com/","https://kujo.robertdevore.com/course/isolation-and-observability/","39 Isolation, observability, and watchdogs","HTML anchor","200","https://kujo.robertdevore.com/course/isolation-and-observability/","","reachable","","retain","true"
"baseline","https://kujo.robertdevore.com/","https://kujo.robertdevore.com/course/mcp-interoperability/","40 MCP and external tool interoperability","HTML anchor","200","https://kujo.robertdevore.com/course/mcp-interoperability/","","reachable","","retain","true"
"baseline","https://kujo.robertdevore.com/","https://kujo.robertdevore.com/build-6/","◆ Build 6 · Put it to work →","HTML anchor","200","https://kujo.robertdevore.com/build-6/","","reachable","","retain","true"
"baseline","https://kujo.robertdevore.com/","https://kujo.robertdevore.com/capstone/","Build the runner →","HTML anchor","200","https://kujo.robertdevore.com/capstone/","","reachable","","retain","true"
"baseline","https://kujo.robertdevore.com/","https://kujo.robertdevore.com/","K_ KUJO COURSE","HTML anchor","200","https://kujo.robertdevore.com/","","reachable","","retain","true"
"baseline","https://kujo.robertdevore.com/","https://kujo.robertdevore.com/about/","About","HTML anchor","200","https://kujo.robertdevore.com/about/","","reachable","","retain","true"
"baseline","https://kujo.robertdevore.com/","https://kujo.robertdevore.com/sitemap.xml","Sitemap","HTML anchor","200","https://kujo.robertdevore.com/sitemap.xml","","reachable","","retain","true"
"baseline","https://kujo.robertdevore.com/course/","https://kujo.robertdevore.com/course/#main","Skip to content","HTML anchor","200","https://kujo.robertdevore.com/course/","","reachable","","retain","true"
"baseline","https://kujo.robertdevore.com/course/","https://kujo.robertdevore.com/","K_ KUJO THE COURSE","HTML anchor","200","https://kujo.robertdevore.com/","","reachable","","retain","true"
"baseline","https://kujo.robertdevore.com/course/","https://kujo.robertdevore.com/course/","Curriculum","HTML anchor","200","https://kujo.robertdevore.com/course/","","reachable","","retain","true"
"baseline","https://kujo.robertdevore.com/course/","https://kujo.robertdevore.com/explorer/","Examples","HTML anchor","200","https://kujo.robertdevore.com/explorer/","","reachable","","retain","true"
"baseline","https://kujo.robertdevore.com/course/","https://kujo.robertdevore.com/evidence/","Evidence","HTML anchor","200","https://kujo.robertdevore.com/evidence/","","reachable","","retain","true"
"baseline","https://kujo.robertdevore.com/course/","https://kujo.robertdevore.com/course/what-is-kujo/","01 What Kujo is","HTML anchor","200","https://kujo.robertdevore.com/course/what-is-kujo/","","reachable","","retain","true"
"baseline","https://kujo.robertdevore.com/course/","https://kujo.robertdevore.com/course/setup-and-cli/","02 Installation, CLI, and your first program","HTML anchor","200","https://kujo.robertdevore.com/course/setup-and-cli/","","reachable","","retain","true"
"baseline","https://kujo.robertdevore.com/course/","https://kujo.robertdevore.com/course/bindings-and-mutability/","03 Bindings, values, and mutability","HTML anchor","200","https://kujo.robertdevore.com/course/bindings-and-mutability/","","reachable","","retain","true"
"baseline","https://kujo.robertdevore.com/course/","https://kujo.robertdevore.com/course/values-and-truthiness/","04 Values, operators, and truthiness","HTML anchor","200","https://kujo.robertdevore.com/course/values-and-truthiness/","","reachable","","retain","true"
"baseline","https://kujo.robertdevore.com/course/","https://kujo.robertdevore.com/course/control-flow/","05 Control flow and block scopes","HTML anchor","200","https://kujo.robertdevore.com/course/control-flow/","","reachable","","retain","true"
"baseline","https://kujo.robertdevore.com/course/","https://kujo.robertdevore.com/course/functions/","06 Functions, callbacks, and return values","HTML anchor","200","https://kujo.robertdevore.com/course/functions/","","reachable","","retain","true"
"baseline","https://kujo.robertdevore.com/course/","https://kujo.robertdevore.com/course/collections-and-pipelines/","07 Collections, pipes, and null handling","HTML anchor","200","https://kujo.robertdevore.com/course/collections-and-pipelines/","","reachable","","retain","true"
"baseline","https://kujo.robertdevore.com/course/","https://kujo.robertdevore.com/build-1/","◆ Build 1 · Put it to work →","HTML anchor","200","https://kujo.robertdevore.com/build-1/","","reachable","","retain","true"
"baseline","https://kujo.robertdevore.com/course/","https://kujo.robertdevore.com/course/scope-and-capture/","08 Scope, shadowing, and capture","HTML anchor","200","https://kujo.robertdevore.com/course/scope-and-capture/","","reachable","","retain","true"
"baseline","https://kujo.robertdevore.com/course/","https://kujo.robertdevore.com/course/structs-and-enums/","09 Structs and enums","HTML anchor","200","https://kujo.robertdevore.com/course/structs-and-enums/","","reachable","","retain","true"
"baseline","https://kujo.robertdevore.com/course/","https://kujo.robertdevore.com/course/match-result-option/","10 Match, Result, and Option","HTML anchor","200","https://kujo.robertdevore.com/course/match-result-option/","","reachable","","retain","true"
"baseline","https://kujo.robertdevore.com/course/","https://kujo.robertdevore.com/course/exceptions/","11 Exceptions and recoverable errors","HTML anchor","200","https://kujo.robertdevore.com/course/exceptions/","","reachable","","retain","true"
"baseline","https://kujo.robertdevore.com/course/","https://kujo.robertdevore.com/course/optional-typing/","12 Optional typing without imaginary guarantees","HTML anchor","200","https://kujo.robertdevore.com/course/optional-typing/","","reachable","","retain","true"
"baseline","https://kujo.robertdevore.com/course/","https://kujo.robertdevore.com/course/async-and-await/","13 Async functions and await","HTML anchor","200","https://kujo.robertdevore.com/course/async-and-await/","","reachable","","retain","true"
"baseline","https://kujo.robertdevore.com/course/","https://kujo.robertdevore.com/course/bounded-concurrency/","14 Spawn and bounded concurrent work","HTML anchor","200","https://kujo.robertdevore.com/course/bounded-concurrency/","","reachable","","retain","true"
"baseline","https://kujo.robertdevore.com/course/","https://kujo.robertdevore.com/build-2/","◆ Build 2 · Put it to work →","HTML anchor","200","https://kujo.robertdevore.com/build-2/","","reachable","","retain","true"
"baseline","https://kujo.robertdevore.com/course/","https://kujo.robertdevore.com/course/modules/","15 Modules and explicit exports","HTML anchor","200","https://kujo.robertdevore.com/course/modules/","","reachable","","retain","true"
"baseline","https://kujo.robertdevore.com/course/","https://kujo.robertdevore.com/course/projects-and-lockfiles/","16 Projects, packages, and lockfiles","HTML anchor","200","https://kujo.robertdevore.com/course/projects-and-lockfiles/","","reachable","","retain","true"
"baseline","https://kujo.robertdevore.com/course/","https://kujo.robertdevore.com/course/standard-library/","17 Finding the standard library contract","HTML anchor","200","https://kujo.robertdevore.com/course/standard-library/","","reachable","","retain","true"
"baseline","https://kujo.robertdevore.com/course/","https://kujo.robertdevore.com/course/testing/","18 Testing, fixtures, and runtime evidence","HTML anchor","200","https://kujo.robertdevore.com/course/testing/","","reachable","","retain","true"
"baseline","https://kujo.robertdevore.com/course/","https://kujo.robertdevore.com/course/machine-contracts/","19 Diagnostics and machine-readable interfaces","HTML anchor","200","https://kujo.robertdevore.com/course/machine-contracts/","","reachable","","retain","true"
"baseline","https://kujo.robertdevore.com/course/","https://kujo.robertdevore.com/course/documentation/","20 Documentation as a build artifact","HTML anchor","200","https://kujo.robertdevore.com/course/documentation/","","reachable","","retain","true"
"baseline","https://kujo.robertdevore.com/course/","https://kujo.robertdevore.com/course/editor-and-lsp/","21 Editor integration and the LSP boundary","HTML anchor","200","https://kujo.robertdevore.com/course/editor-and-lsp/","","reachable","","retain","true"
"baseline","https://kujo.robertdevore.com/course/","https://kujo.robertdevore.com/build-3/","◆ Build 3 · Put it to work →","HTML anchor","200","https://kujo.robertdevore.com/build-3/","","reachable","","retain","true"
"baseline","https://kujo.robertdevore.com/course/","https://kujo.robertdevore.com/course/filesystem/","22 Filesystem automation with bounded paths","HTML anchor","200","https://kujo.robertdevore.com/course/filesystem/","","reachable","","retain","true"
"baseline","https://kujo.robertdevore.com/course/","https://kujo.robertdevore.com/course/processes/","23 Processes without unnecessary shells","HTML anchor","200","https://kujo.robertdevore.com/course/processes/","","reachable","","retain","true"
"baseline","https://kujo.robertdevore.com/course/","https://kujo.robertdevore.com/course/http-and-networking/","24 HTTP and network boundaries","HTML anchor","200","https://kujo.robertdevore.com/course/http-and-networking/","","reachable","","retain","true"
"baseline","https://kujo.robertdevore.com/course/","https://kujo.robertdevore.com/course/data-and-persistence/","25 Structured data and local persistence","HTML anchor","200","https://kujo.robertdevore.com/course/data-and-persistence/","","reachable","","retain","true"
"baseline","https://kujo.robertdevore.com/course/","https://kujo.robertdevore.com/course/capability-security/","26 Trusted execution and minimum authority","HTML anchor","200","https://kujo.robertdevore.com/course/capability-security/","","reachable","","retain","true"
"baseline","https://kujo.robertdevore.com/course/","https://kujo.robertdevore.com/course/secret-boundaries/","27 Secrets, redaction, and endpoint policy","HTML anchor","200","https://kujo.robertdevore.com/course/secret-boundaries/","","reachable","","retain","true"
"baseline","https://kujo.robertdevore.com/course/","https://kujo.robertdevore.com/build-4/","◆ Build 4 · Put it to work →","HTML anchor","200","https://kujo.robertdevore.com/build-4/","","reachable","","retain","true"
"baseline","https://kujo.robertdevore.com/course/","https://kujo.robertdevore.com/course/ai-effects-and-messages/","28 AI effects and portable messages","HTML anchor","200","https://kujo.robertdevore.com/course/ai-effects-and-messages/","","reachable","","retain","true"
"baseline","https://kujo.robertdevore.com/course/","https://kujo.robertdevore.com/course/request-identity/","29 Deterministic request identity","HTML anchor","200","https://kujo.robertdevore.com/course/request-identity/","","reachable","","retain","true"
"baseline","https://kujo.robertdevore.com/course/","https://kujo.robertdevore.com/course/record-and-replay/","30 Record, replay, and offline evidence","HTML anchor","200","https://kujo.robertdevore.com/course/record-and-replay/","","reachable","","retain","true"
"baseline","https://kujo.robertdevore.com/course/","https://kujo.robertdevore.com/course/streaming/","31 Streaming and cancellation","HTML anchor","200","https://kujo.robertdevore.com/course/streaming/","","reachable","","retain","true"
"baseline","https://kujo.robertdevore.com/course/","https://kujo.robertdevore.com/course/structured-outputs/","32 Structured outputs and schema validation","HTML anchor","200","https://kujo.robertdevore.com/course/structured-outputs/","","reachable","","retain","true"
"baseline","https://kujo.robertdevore.com/course/","https://kujo.robertdevore.com/course/context-and-vectors/","33 Context budgets, embeddings, and vectors","HTML anchor","200","https://kujo.robertdevore.com/course/context-and-vectors/","","reachable","","retain","true"
"baseline","https://kujo.robertdevore.com/course/","https://kujo.robertdevore.com/course/tool-loops/","34 Bounded AI tool loops","HTML anchor","200","https://kujo.robertdevore.com/course/tool-loops/","","reachable","","retain","true"
"baseline","https://kujo.robertdevore.com/course/","https://kujo.robertdevore.com/build-5/","◆ Build 5 · Put it to work →","HTML anchor","200","https://kujo.robertdevore.com/build-5/","","reachable","","retain","true"
"baseline","https://kujo.robertdevore.com/course/","https://kujo.robertdevore.com/course/mechanism-and-policy/","35 Mechanism versus policy","HTML anchor","200","https://kujo.robertdevore.com/course/mechanism-and-policy/","","reachable","","retain","true"
"baseline","https://kujo.robertdevore.com/course/","https://kujo.robertdevore.com/course/loop-engineering/","36 Loop Engineering, specs, and stop conditions","HTML anchor","200","https://kujo.robertdevore.com/course/loop-engineering/","","reachable","","retain","true"
"baseline","https://kujo.robertdevore.com/course/","https://kujo.robertdevore.com/course/evaluation/","37 Evaluation independent of generation","HTML anchor","200","https://kujo.robertdevore.com/course/evaluation/","","reachable","","retain","true"
"baseline","https://kujo.robertdevore.com/course/","https://kujo.robertdevore.com/course/evidence-and-handoffs/","38 Evidence, run records, and work boundaries","HTML anchor","200","https://kujo.robertdevore.com/course/evidence-and-handoffs/","","reachable","","retain","true"
"baseline","https://kujo.robertdevore.com/course/","https://kujo.robertdevore.com/course/isolation-and-observability/","39 Isolation, observability, and watchdogs","HTML anchor","200","https://kujo.robertdevore.com/course/isolation-and-observability/","","reachable","","retain","true"
"baseline","https://kujo.robertdevore.com/course/","https://kujo.robertdevore.com/course/mcp-interoperability/","40 MCP and external tool interoperability","HTML anchor","200","https://kujo.robertdevore.com/course/mcp-interoperability/","","reachable","","retain","true"
"baseline","https://kujo.robertdevore.com/course/","https://kujo.robertdevore.com/build-6/","◆ Build 6 · Put it to work →","HTML anchor","200","https://kujo.robertdevore.com/build-6/","","reachable","","retain","true"
"baseline","https://kujo.robertdevore.com/course/","https://kujo.robertdevore.com/capstone/","Build the runner →","HTML anchor","200","https://kujo.robertdevore.com/capstone/","","reachable","","retain","true"
"baseline","https://kujo.robertdevore.com/course/","https://kujo.robertdevore.com/","K_ KUJO COURSE","HTML anchor","200","https://kujo.robertdevore.com/","","reachable","","retain","true"
"baseline","https://kujo.robertdevore.com/course/","https://kujo.robertdevore.com/about/","About","HTML anchor","200","https://kujo.robertdevore.com/about/","","reachable","","retain","true"
"baseline","https://kujo.robertdevore.com/course/","https://kujo.robertdevore.com/sitemap.xml","Sitemap","HTML anchor","200","https://kujo.robertdevore.com/sitemap.xml","","reachable","","retain","true"
"baseline","https://kujo.robertdevore.com/course/what-is-kujo/","https://kujo.robertdevore.com/course/what-is-kujo/#main","Skip to content","HTML anchor","200","https://kujo.robertdevore.com/course/what-is-kujo/","","reachable","","retain","true"
"baseline","https://kujo.robertdevore.com/course/what-is-kujo/","https://kujo.robertdevore.com/","K_ KUJO THE COURSE","HTML anchor","200","https://kujo.robertdevore.com/","","reachable","","retain","true"
"baseline","https://kujo.robertdevore.com/course/what-is-kujo/","https://kujo.robertdevore.com/course/","Curriculum","HTML anchor","200","https://kujo.robertdevore.com/course/","","reachable","","retain","true"
"baseline","https://kujo.robertdevore.com/course/what-is-kujo/","https://kujo.robertdevore.com/explorer/","Examples","HTML anchor","200","https://kujo.robertdevore.com/explorer/","","reachable","","retain","true"
"baseline","https://kujo.robertdevore.com/course/what-is-kujo/","https://kujo.robertdevore.com/evidence/","Evidence","HTML anchor","200","https://kujo.robertdevore.com/evidence/","","reachable","","retain","true"
"baseline","https://kujo.robertdevore.com/course/what-is-kujo/","https://kujo.robertdevore.com/course/what-is-kujo/","01 · What Kujo is","HTML anchor","200","https://kujo.robertdevore.com/course/what-is-kujo/","","reachable","","retain","true"
"baseline","https://kujo.robertdevore.com/course/what-is-kujo/","https://kujo.robertdevore.com/course/setup-and-cli/","02 · Installation, CLI, and your first program","HTML anchor","200","https://kujo.robertdevore.com/course/setup-and-cli/","","reachable","","retain","true"
"baseline","https://kujo.robertdevore.com/course/what-is-kujo/","https://kujo.robertdevore.com/course/bindings-and-mutability/","03 · Bindings, values, and mutability","HTML anchor","200","https://kujo.robertdevore.com/course/bindings-and-mutability/","","reachable","","retain","true"
"baseline","https://kujo.robertdevore.com/course/what-is-kujo/","https://kujo.robertdevore.com/course/values-and-truthiness/","04 · Values, operators, and truthiness","HTML anchor","200","https://kujo.robertdevore.com/course/values-and-truthiness/","","reachable","","retain","true"
"baseline","https://kujo.robertdevore.com/course/what-is-kujo/","https://kujo.robertdevore.com/course/control-flow/","05 · Control flow and block scopes","HTML anchor","200","https://kujo.robertdevore.com/course/control-flow/","","reachable","","retain","true"
"baseline","https://kujo.robertdevore.com/course/what-is-kujo/","https://kujo.robertdevore.com/course/functions/","06 · Functions, callbacks, and return values","HTML anchor","200","https://kujo.robertdevore.com/course/functions/","","reachable","","retain","true"
"baseline","https://kujo.robertdevore.com/course/what-is-kujo/","https://kujo.robertdevore.com/course/collections-and-pipelines/","07 · Collections, pipes, and null handling","HTML anchor","200","https://kujo.robertdevore.com/course/collections-and-pipelines/","","reachable","","retain","true"
"baseline","https://kujo.robertdevore.com/course/what-is-kujo/","https://kujo.robertdevore.com/build-1/","◆ Stage build","HTML anchor","200","https://kujo.robertdevore.com/build-1/","","reachable","","retain","true"
"baseline","https://kujo.robertdevore.com/course/what-is-kujo/","https://kujo.robertdevore.com/course/scope-and-capture/","08 · Scope, shadowing, and capture","HTML anchor","200","https://kujo.robertdevore.com/course/scope-and-capture/","","reachable","","retain","true"
"baseline","https://kujo.robertdevore.com/course/what-is-kujo/","https://kujo.robertdevore.com/course/structs-and-enums/","09 · Structs and enums","HTML anchor","200","https://kujo.robertdevore.com/course/structs-and-enums/","","reachable","","retain","true"
"baseline","https://kujo.robertdevore.com/course/what-is-kujo/","https://kujo.robertdevore.com/course/match-result-option/","10 · Match, Result, and Option","HTML anchor","200","https://kujo.robertdevore.com/course/match-result-option/","","reachable","","retain","true"
"baseline","https://kujo.robertdevore.com/course/what-is-kujo/","https://kujo.robertdevore.com/course/exceptions/","11 · Exceptions and recoverable errors","HTML anchor","200","https://kujo.robertdevore.com/course/exceptions/","","reachable","","retain","true"
"baseline","https://kujo.robertdevore.com/course/what-is-kujo/","https://kujo.robertdevore.com/course/optional-typing/","12 · Optional typing without imaginary guarantees","HTML anchor","200","https://kujo.robertdevore.com/course/optional-typing/","","reachable","","retain","true"
"baseline","https://kujo.robertdevore.com/course/what-is-kujo/","https://kujo.robertdevore.com/course/async-and-await/","13 · Async functions and await","HTML anchor","200","https://kujo.robertdevore.com/course/async-and-await/","","reachable","","retain","true"
"baseline","https://kujo.robertdevore.com/course/what-is-kujo/","https://kujo.robertdevore.com/course/bounded-concurrency/","14 · Spawn and bounded concurrent work","HTML anchor","200","https://kujo.robertdevore.com/course/bounded-concurrency/","","reachable","","retain","true"
"baseline","https://kujo.robertdevore.com/course/what-is-kujo/","https://kujo.robertdevore.com/build-2/","◆ Stage build","HTML anchor","200","https://kujo.robertdevore.com/build-2/","","reachable","","retain","true"
"baseline","https://kujo.robertdevore.com/course/what-is-kujo/","https://kujo.robertdevore.com/course/modules/","15 · Modules and explicit exports","HTML anchor","200","https://kujo.robertdevore.com/course/modules/","","reachable","","retain","true"
"baseline","https://kujo.robertdevore.com/course/what-is-kujo/","https://kujo.robertdevore.com/course/projects-and-lockfiles/","16 · Projects, packages, and lockfiles","HTML anchor","200","https://kujo.robertdevore.com/course/projects-and-lockfiles/","","reachable","","retain","true"
"baseline","https://kujo.robertdevore.com/course/what-is-kujo/","https://kujo.robertdevore.com/course/standard-library/","17 · Finding the standard library contract","HTML anchor","200","https://kujo.robertdevore.com/course/standard-library/","","reachable","","retain","true"
"baseline","https://kujo.robertdevore.com/course/what-is-kujo/","https://kujo.robertdevore.com/course/testing/","18 · Testing, fixtures, and runtime evidence","HTML anchor","200","https://kujo.robertdevore.com/course/testing/","","reachable","","retain","true"
"baseline","https://kujo.robertdevore.com/course/what-is-kujo/","https://kujo.robertdevore.com/course/machine-contracts/","19 · Diagnostics and machine-readable interfaces","HTML anchor","200","https://kujo.robertdevore.com/course/machine-contracts/","","reachable","","retain","true"
"baseline","https://kujo.robertdevore.com/course/what-is-kujo/","https://kujo.robertdevore.com/course/documentation/","20 · Documentation as a build artifact","HTML anchor","200","https://kujo.robertdevore.com/course/documentation/","","reachable","","retain","true"
"baseline","https://kujo.robertdevore.com/course/what-is-kujo/","https://kujo.robertdevore.com/course/editor-and-lsp/","21 · Editor integration and the LSP boundary","HTML anchor","200","https://kujo.robertdevore.com/course/editor-and-lsp/","","reachable","","retain","true"
"baseline","https://kujo.robertdevore.com/course/what-is-kujo/","https://kujo.robertdevore.com/build-3/","◆ Stage build","HTML anchor","200","https://kujo.robertdevore.com/build-3/","","reachable","","retain","true"
"baseline","https://kujo.robertdevore.com/course/what-is-kujo/","https://kujo.robertdevore.com/course/filesystem/","22 · Filesystem automation with bounded paths","HTML anchor","200","https://kujo.robertdevore.com/course/filesystem/","","reachable","","retain","true"
"baseline","https://kujo.robertdevore.com/course/what-is-kujo/","https://kujo.robertdevore.com/course/processes/","23 · Processes without unnecessary shells","HTML anchor","200","https://kujo.robertdevore.com/course/processes/","","reachable","","retain","true"
"baseline","https://kujo.robertdevore.com/course/what-is-kujo/","https://kujo.robertdevore.com/course/http-and-networking/","24 · HTTP and network boundaries","HTML anchor","200","https://kujo.robertdevore.com/course/http-and-networking/","","reachable","","retain","true"
"baseline","https://kujo.robertdevore.com/course/what-is-kujo/","https://kujo.robertdevore.com/course/data-and-persistence/","25 · Structured data and local persistence","HTML anchor","200","https://kujo.robertdevore.com/course/data-and-persistence/","","reachable","","retain","true"
"baseline","https://kujo.robertdevore.com/course/what-is-kujo/","https://kujo.robertdevore.com/course/capability-security/","26 · Trusted execution and minimum authority","HTML anchor","200","https://kujo.robertdevore.com/course/capability-security/","","reachable","","retain","true"
"baseline","https://kujo.robertdevore.com/course/what-is-kujo/","https://kujo.robertdevore.com/course/secret-boundaries/","27 · Secrets, redaction, and endpoint policy","HTML anchor","200","https://kujo.robertdevore.com/course/secret-boundaries/","","reachable","","retain","true"
"baseline","https://kujo.robertdevore.com/course/what-is-kujo/","https://kujo.robertdevore.com/build-4/","◆ Stage build","HTML anchor","200","https://kujo.robertdevore.com/build-4/","","reachable","","retain","true"
"baseline","https://kujo.robertdevore.com/course/what-is-kujo/","https://kujo.robertdevore.com/course/ai-effects-and-messages/","28 · AI effects and portable messages","HTML anchor","200","https://kujo.robertdevore.com/course/ai-effects-and-messages/","","reachable","","retain","true"
"baseline","https://kujo.robertdevore.com/course/what-is-kujo/","https://kujo.robertdevore.com/course/request-identity/","29 · Deterministic request identity","HTML anchor","200","https://kujo.robertdevore.com/course/request-identity/","","reachable","","retain","true"
"baseline","https://kujo.robertdevore.com/course/what-is-kujo/","https://kujo.robertdevore.com/course/record-and-replay/","30 · Record, replay, and offline evidence","HTML anchor","200","https://kujo.robertdevore.com/course/record-and-replay/","","reachable","","retain","true"
"baseline","https://kujo.robertdevore.com/course/what-is-kujo/","https://kujo.robertdevore.com/course/streaming/","31 · Streaming and cancellation","HTML anchor","200","https://kujo.robertdevore.com/course/streaming/","","reachable","","retain","true"
"baseline","https://kujo.robertdevore.com/course/what-is-kujo/","https://kujo.robertdevore.com/course/structured-outputs/","32 · Structured outputs and schema validation","HTML anchor","200","https://kujo.robertdevore.com/course/structured-outputs/","","reachable","","retain","true"
"baseline","https://kujo.robertdevore.com/course/what-is-kujo/","https://kujo.robertdevore.com/course/context-and-vectors/","33 · Context budgets, embeddings, and vectors","HTML anchor","200","https://kujo.robertdevore.com/course/context-and-vectors/","","reachable","","retain","true"
"baseline","https://kujo.robertdevore.com/course/what-is-kujo/","https://kujo.robertdevore.com/course/tool-loops/","34 · Bounded AI tool loops","HTML anchor","200","https://kujo.robertdevore.com/course/tool-loops/","","reachable","","retain","true"
"baseline","https://kujo.robertdevore.com/course/what-is-kujo/","https://kujo.robertdevore.com/build-5/","◆ Stage build","HTML anchor","200","https://kujo.robertdevore.com/build-5/","","reachable","","retain","true"
"baseline","https://kujo.robertdevore.com/course/what-is-kujo/","https://kujo.robertdevore.com/course/mechanism-and-policy/","35 · Mechanism versus policy","HTML anchor","200","https://kujo.robertdevore.com/course/mechanism-and-policy/","","reachable","","retain","true"
"baseline","https://kujo.robertdevore.com/course/what-is-kujo/","https://kujo.robertdevore.com/course/loop-engineering/","36 · Loop Engineering, specs, and stop conditions","HTML anchor","200","https://kujo.robertdevore.com/course/loop-engineering/","","reachable","","retain","true"
"baseline","https://kujo.robertdevore.com/course/what-is-kujo/","https://kujo.robertdevore.com/course/evaluation/","37 · Evaluation independent of generation","HTML anchor","200","https://kujo.robertdevore.com/course/evaluation/","","reachable","","retain","true"
"baseline","https://kujo.robertdevore.com/course/what-is-kujo/","https://kujo.robertdevore.com/course/evidence-and-handoffs/","38 · Evidence, run records, and work boundaries","HTML anchor","200","https://kujo.robertdevore.com/course/evidence-and-handoffs/","","reachable","","retain","true"
"baseline","https://kujo.robertdevore.com/course/what-is-kujo/","https://kujo.robertdevore.com/course/isolation-and-observability/","39 · Isolation, observability, and watchdogs","HTML anchor","200","https://kujo.robertdevore.com/course/isolation-and-observability/","","reachable","","retain","true"
"baseline","https://kujo.robertdevore.com/course/what-is-kujo/","https://kujo.robertdevore.com/course/mcp-interoperability/","40 · MCP and external tool interoperability","HTML anchor","200","https://kujo.robertdevore.com/course/mcp-interoperability/","","reachable","","retain","true"
"baseline","https://kujo.robertdevore.com/course/what-is-kujo/","https://kujo.robertdevore.com/build-6/","◆ Stage build","HTML anchor","200","https://kujo.robertdevore.com/build-6/","","reachable","","retain","true"
"baseline","https://kujo.robertdevore.com/course/what-is-kujo/","https://kujo.robertdevore.com/capstone/","◆ Final capstone","HTML anchor","200","https://kujo.robertdevore.com/capstone/","","reachable","","retain","true"
"baseline","https://kujo.robertdevore.com/course/what-is-kujo/","https://kujo.robertdevore.com/course/","Full curriculum →","HTML anchor","200","https://kujo.robertdevore.com/course/","","reachable","","retain","true"
"baseline","https://kujo.robertdevore.com/course/what-is-kujo/","https://kujo.robertdevore.com/examples/01.kujo","Download example","HTML anchor","200","https://kujo.robertdevore.com/examples/01.kujo","","reachable","","retain","true"
"baseline","https://kujo.robertdevore.com/course/what-is-kujo/","https://kujo.robertdevore.com/course/setup-and-cli/","Installation, CLI, and your first program →","HTML anchor","200","https://kujo.robertdevore.com/course/setup-and-cli/","","reachable","","retain","true"
"baseline","https://kujo.robertdevore.com/course/what-is-kujo/","https://kujo.robertdevore.com/","K_ KUJO COURSE","HTML anchor","200","https://kujo.robertdevore.com/","","reachable","","retain","true"
"baseline","https://kujo.robertdevore.com/course/what-is-kujo/","https://kujo.robertdevore.com/about/","About","HTML anchor","200","https://kujo.robertdevore.com/about/","","reachable","","retain","true"
"baseline","https://kujo.robertdevore.com/course/what-is-kujo/","https://kujo.robertdevore.com/sitemap.xml","Sitemap","HTML anchor","200","https://kujo.robertdevore.com/sitemap.xml","","reachable","","retain","true"
"baseline","https://kujo.robertdevore.com/course/setup-and-cli/","https://kujo.robertdevore.com/course/setup-and-cli/#main","Skip to content","HTML anchor","200","https://kujo.robertdevore.com/course/setup-and-cli/","","reachable","","retain","true"
"baseline","https://kujo.robertdevore.com/course/setup-and-cli/","https://kujo.robertdevore.com/","K_ KUJO THE COURSE","HTML anchor","200","https://kujo.robertdevore.com/","","reachable","","retain","true"
"baseline","https://kujo.robertdevore.com/course/setup-and-cli/","https://kujo.robertdevore.com/course/","Curriculum","HTML anchor","200","https://kujo.robertdevore.com/course/","","reachable","","retain","true"
"baseline","https://kujo.robertdevore.com/course/setup-and-cli/","https://kujo.robertdevore.com/explorer/","Examples","HTML anchor","200","https://kujo.robertdevore.com/explorer/","","reachable","","retain","true"
"baseline","https://kujo.robertdevore.com/course/setup-and-cli/","https://kujo.robertdevore.com/evidence/","Evidence","HTML anchor","200","https://kujo.robertdevore.com/evidence/","","reachable","","retain","true"
"baseline","https://kujo.robertdevore.com/course/setup-and-cli/","https://kujo.robertdevore.com/course/what-is-kujo/","01 · What Kujo is","HTML anchor","200","https://kujo.robertdevore.com/course/what-is-kujo/","","reachable","","retain","true"
"baseline","https://kujo.robertdevore.com/course/setup-and-cli/","https://kujo.robertdevore.com/course/setup-and-cli/","02 · Installation, CLI, and your first program","HTML anchor","200","https://kujo.robertdevore.com/course/setup-and-cli/","","reachable","","retain","true"
"baseline","https://kujo.robertdevore.com/course/setup-and-cli/","https://kujo.robertdevore.com/course/bindings-and-mutability/","03 · Bindings, values, and mutability","HTML anchor","200","https://kujo.robertdevore.com/course/bindings-and-mutability/","","reachable","","retain","true"
"baseline","https://kujo.robertdevore.com/course/setup-and-cli/","https://kujo.robertdevore.com/course/values-and-truthiness/","04 · Values, operators, and truthiness","HTML anchor","200","https://kujo.robertdevore.com/course/values-and-truthiness/","","reachable","","retain","true"
"baseline","https://kujo.robertdevore.com/course/setup-and-cli/","https://kujo.robertdevore.com/course/control-flow/","05 · Control flow and block scopes","HTML anchor","200","https://kujo.robertdevore.com/course/control-flow/","","reachable","","retain","true"
"baseline","https://kujo.robertdevore.com/course/setup-and-cli/","https://kujo.robertdevore.com/course/functions/","06 · Functions, callbacks, and return values","HTML anchor","200","https://kujo.robertdevore.com/course/functions/","","reachable","","retain","true"
"baseline","https://kujo.robertdevore.com/course/setup-and-cli/","https://kujo.robertdevore.com/course/collections-and-pipelines/","07 · Collections, pipes, and null handling","HTML anchor","200","https://kujo.robertdevore.com/course/collections-and-pipelines/","","reachable","","retain","true"
"baseline","https://kujo.robertdevore.com/course/setup-and-cli/","https://kujo.robertdevore.com/build-1/","◆ Stage build","HTML anchor","200","https://kujo.robertdevore.com/build-1/","","reachable","","retain","true"
"baseline","https://kujo.robertdevore.com/course/setup-and-cli/","https://kujo.robertdevore.com/course/scope-and-capture/","08 · Scope, shadowing, and capture","HTML anchor","200","https://kujo.robertdevore.com/course/scope-and-capture/","","reachable","","retain","true"
"baseline","https://kujo.robertdevore.com/course/setup-and-cli/","https://kujo.robertdevore.com/course/structs-and-enums/","09 · Structs and enums","HTML anchor","200","https://kujo.robertdevore.com/course/structs-and-enums/","","reachable","","retain","true"
"baseline","https://kujo.robertdevore.com/course/setup-and-cli/","https://kujo.robertdevore.com/course/match-result-option/","10 · Match, Result, and Option","HTML anchor","200","https://kujo.robertdevore.com/course/match-result-option/","","reachable","","retain","true"
"baseline","https://kujo.robertdevore.com/course/setup-and-cli/","https://kujo.robertdevore.com/course/exceptions/","11 · Exceptions and recoverable errors","HTML anchor","200","https://kujo.robertdevore.com/course/exceptions/","","reachable","","retain","true"
"baseline","https://kujo.robertdevore.com/course/setup-and-cli/","https://kujo.robertdevore.com/course/optional-typing/","12 · Optional typing without imaginary guarantees","HTML anchor","200","https://kujo.robertdevore.com/course/optional-typing/","","reachable","","retain","true"
"baseline","https://kujo.robertdevore.com/course/setup-and-cli/","https://kujo.robertdevore.com/course/async-and-await/","13 · Async functions and await","HTML anchor","200","https://kujo.robertdevore.com/course/async-and-await/","","reachable","","retain","true"
"baseline","https://kujo.robertdevore.com/course/setup-and-cli/","https://kujo.robertdevore.com/course/bounded-concurrency/","14 · Spawn and bounded concurrent work","HTML anchor","200","https://kujo.robertdevore.com/course/bounded-concurrency/","","reachable","","retain","true"
"baseline","https://kujo.robertdevore.com/course/setup-and-cli/","https://kujo.robertdevore.com/build-2/","◆ Stage build","HTML anchor","200","https://kujo.robertdevore.com/build-2/","","reachable","","retain","true"
"baseline","https://kujo.robertdevore.com/course/setup-and-cli/","https://kujo.robertdevore.com/course/modules/","15 · Modules and explicit exports","HTML anchor","200","https://kujo.robertdevore.com/course/modules/","","reachable","","retain","true"
"baseline","https://kujo.robertdevore.com/course/setup-and-cli/","https://kujo.robertdevore.com/course/projects-and-lockfiles/","16 · Projects, packages, and lockfiles","HTML anchor","200","https://kujo.robertdevore.com/course/projects-and-lockfiles/","","reachable","","retain","true"
"baseline","https://kujo.robertdevore.com/course/setup-and-cli/","https://kujo.robertdevore.com/course/standard-library/","17 · Finding the standard library contract","HTML anchor","200","https://kujo.robertdevore.com/course/standard-library/","","reachable","","retain","true"
"baseline","https://kujo.robertdevore.com/course/setup-and-cli/","https://kujo.robertdevore.com/course/testing/","18 · Testing, fixtures, and runtime evidence","HTML anchor","200","https://kujo.robertdevore.com/course/testing/","","reachable","","retain","true"
"baseline","https://kujo.robertdevore.com/course/setup-and-cli/","https://kujo.robertdevore.com/course/machine-contracts/","19 · Diagnostics and machine-readable interfaces","HTML anchor","200","https://kujo.robertdevore.com/course/machine-contracts/","","reachable","","retain","true"
"baseline","https://kujo.robertdevore.com/course/setup-and-cli/","https://kujo.robertdevore.com/course/documentation/","20 · Documentation as a build artifact","HTML anchor","200","https://kujo.robertdevore.com/course/documentation/","","reachable","","retain","true"
"baseline","https://kujo.robertdevore.com/course/setup-and-cli/","https://kujo.robertdevore.com/course/editor-and-lsp/","21 · Editor integration and the LSP boundary","HTML anchor","200","https://kujo.robertdevore.com/course/editor-and-lsp/","","reachable","","retain","true"
"baseline","https://kujo.robertdevore.com/course/setup-and-cli/","https://kujo.robertdevore.com/build-3/","◆ Stage build","HTML anchor","200","https://kujo.robertdevore.com/build-3/","","reachable","","retain","true"
"baseline","https://kujo.robertdevore.com/course/setup-and-cli/","https://kujo.robertdevore.com/course/filesystem/","22 · Filesystem automation with bounded paths","HTML anchor","200","https://kujo.robertdevore.com/course/filesystem/","","reachable","","retain","true"
"baseline","https://kujo.robertdevore.com/course/setup-and-cli/","https://kujo.robertdevore.com/course/processes/","23 · Processes without unnecessary shells","HTML anchor","200","https://kujo.robertdevore.com/course/processes/","","reachable","","retain","true"
"baseline","https://kujo.robertdevore.com/course/setup-and-cli/","https://kujo.robertdevore.com/course/http-and-networking/","24 · HTTP and network boundaries","HTML anchor","200","https://kujo.robertdevore.com/course/http-and-networking/","","reachable","","retain","true"
"baseline","https://kujo.robertdevore.com/course/setup-and-cli/","https://kujo.robertdevore.com/course/data-and-persistence/","25 · Structured data and local persistence","HTML anchor","200","https://kujo.robertdevore.com/course/data-and-persistence/","","reachable","","retain","true"
"baseline","https://kujo.robertdevore.com/course/setup-and-cli/","https://kujo.robertdevore.com/course/capability-security/","26 · Trusted execution and minimum authority","HTML anchor","200","https://kujo.robertdevore.com/course/capability-security/","","reachable","","retain","true"
"baseline","https://kujo.robertdevore.com/course/setup-and-cli/","https://kujo.robertdevore.com/course/secret-boundaries/","27 · Secrets, redaction, and endpoint policy","HTML anchor","200","https://kujo.robertdevore.com/course/secret-boundaries/","","reachable","","retain","true"
"baseline","https://kujo.robertdevore.com/course/setup-and-cli/","https://kujo.robertdevore.com/build-4/","◆ Stage build","HTML anchor","200","https://kujo.robertdevore.com/build-4/","","reachable","","retain","true"
"baseline","https://kujo.robertdevore.com/course/setup-and-cli/","https://kujo.robertdevore.com/course/ai-effects-and-messages/","28 · AI effects and portable messages","HTML anchor","200","https://kujo.robertdevore.com/course/ai-effects-and-messages/","","reachable","","retain","true"
"baseline","https://kujo.robertdevore.com/course/setup-and-cli/","https://kujo.robertdevore.com/course/request-identity/","29 · Deterministic request identity","HTML anchor","200","https://kujo.robertdevore.com/course/request-identity/","","reachable","","retain","true"
"baseline","https://kujo.robertdevore.com/course/setup-and-cli/","https://kujo.robertdevore.com/course/record-and-replay/","30 · Record, replay, and offline evidence","HTML anchor","200","https://kujo.robertdevore.com/course/record-and-replay/","","reachable","","retain","true"
"baseline","https://kujo.robertdevore.com/course/setup-and-cli/","https://kujo.robertdevore.com/course/streaming/","31 · Streaming and cancellation","HTML anchor","200","https://kujo.robertdevore.com/course/streaming/","","reachable","","retain","true"
"baseline","https://kujo.robertdevore.com/course/setup-and-cli/","https://kujo.robertdevore.com/course/structured-outputs/","32 · Structured outputs and schema validation","HTML anchor","200","https://kujo.robertdevore.com/course/structured-outputs/","","reachable","","retain","true"
"baseline","https://kujo.robertdevore.com/course/setup-and-cli/","https://kujo.robertdevore.com/course/context-and-vectors/","33 · Context budgets, embeddings, and vectors","HTML anchor","200","https://kujo.robertdevore.com/course/context-and-vectors/","","reachable","","retain","true"
"baseline","https://kujo.robertdevore.com/course/setup-and-cli/","https://kujo.robertdevore.com/course/tool-loops/","34 · Bounded AI tool loops","HTML anchor","200","https://kujo.robertdevore.com/course/tool-loops/","","reachable","","retain","true"
"baseline","https://kujo.robertdevore.com/course/setup-and-cli/","https://kujo.robertdevore.com/build-5/","◆ Stage build","HTML anchor","200","https://kujo.robertdevore.com/build-5/","","reachable","","retain","true"
"baseline","https://kujo.robertdevore.com/course/setup-and-cli/","https://kujo.robertdevore.com/course/mechanism-and-policy/","35 · Mechanism versus policy","HTML anchor","200","https://kujo.robertdevore.com/course/mechanism-and-policy/","","reachable","","retain","true"
"baseline","https://kujo.robertdevore.com/course/setup-and-cli/","https://kujo.robertdevore.com/course/loop-engineering/","36 · Loop Engineering, specs, and stop conditions","HTML anchor","200","https://kujo.robertdevore.com/course/loop-engineering/","","reachable","","retain","true"
"baseline","https://kujo.robertdevore.com/course/setup-and-cli/","https://kujo.robertdevore.com/course/evaluation/","37 · Evaluation independent of generation","HTML anchor","200","https://kujo.robertdevore.com/course/evaluation/","","reachable","","retain","true"
"baseline","https://kujo.robertdevore.com/course/setup-and-cli/","https://kujo.robertdevore.com/course/evidence-and-handoffs/","38 · Evidence, run records, and work boundaries","HTML anchor","200","https://kujo.robertdevore.com/course/evidence-and-handoffs/","","reachable","","retain","true"
"baseline","https://kujo.robertdevore.com/course/setup-and-cli/","https://kujo.robertdevore.com/course/isolation-and-observability/","39 · Isolation, observability, and watchdogs","HTML anchor","200","https://kujo.robertdevore.com/course/isolation-and-observability/","","reachable","","retain","true"
"baseline","https://kujo.robertdevore.com/course/setup-and-cli/","https://kujo.robertdevore.com/course/mcp-interoperability/","40 · MCP and external tool interoperability","HTML anchor","200","https://kujo.robertdevore.com/course/mcp-interoperability/","","reachable","","retain","true"
"baseline","https://kujo.robertdevore.com/course/setup-and-cli/","https://kujo.robertdevore.com/build-6/","◆ Stage build","HTML anchor","200","https://kujo.robertdevore.com/build-6/","","reachable","","retain","true"
"baseline","https://kujo.robertdevore.com/course/setup-and-cli/","https://kujo.robertdevore.com/capstone/","◆ Final capstone","HTML anchor","200","https://kujo.robertdevore.com/capstone/","","reachable","","retain","true"
"baseline","https://kujo.robertdevore.com/course/setup-and-cli/","https://kujo.robertdevore.com/course/","Full curriculum →","HTML anchor","200","https://kujo.robertdevore.com/course/","","reachable","","retain","true"
"baseline","https://kujo.robertdevore.com/course/setup-and-cli/","https://kujo.robertdevore.com/examples/02.kujo","Download example","HTML anchor","200","https://kujo.robertdevore.com/examples/02.kujo","","reachable","","retain","true"
"baseline","https://kujo.robertdevore.com/course/setup-and-cli/","https://kujo.robertdevore.com/course/what-is-kujo/","← What Kujo is","HTML anchor","200","https://kujo.robertdevore.com/course/what-is-kujo/","","reachable","","retain","true"
"baseline","https://kujo.robertdevore.com/course/setup-and-cli/","https://kujo.robertdevore.com/course/bindings-and-mutability/","Bindings, values, and mutability →","HTML anchor","200","https://kujo.robertdevore.com/course/bindings-and-mutability/","","reachable","","retain","true"
"baseline","https://kujo.robertdevore.com/course/setup-and-cli/","https://kujo.robertdevore.com/","K_ KUJO COURSE","HTML anchor","200","https://kujo.robertdevore.com/","","reachable","","retain","true"
"baseline","https://kujo.robertdevore.com/course/setup-and-cli/","https://kujo.robertdevore.com/about/","About","HTML anchor","200","https://kujo.robertdevore.com/about/","","reachable","","retain","true"
"baseline","https://kujo.robertdevore.com/course/setup-and-cli/","https://kujo.robertdevore.com/sitemap.xml","Sitemap","HTML anchor","200","https://kujo.robertdevore.com/sitemap.xml","","reachable","","retain","true"
"baseline","https://kujo.robertdevore.com/course/bindings-and-mutability/","https://kujo.robertdevore.com/course/bindings-and-mutability/#main","Skip to content","HTML anchor","200","https://kujo.robertdevore.com/course/bindings-and-mutability/","","reachable","","retain","true"
"baseline","https://kujo.robertdevore.com/course/bindings-and-mutability/","https://kujo.robertdevore.com/","K_ KUJO THE COURSE","HTML anchor","200","https://kujo.robertdevore.com/","","reachable","","retain","true"
"baseline","https://kujo.robertdevore.com/course/bindings-and-mutability/","https://kujo.robertdevore.com/course/","Curriculum","HTML anchor","200","https://kujo.robertdevore.com/course/","","reachable","","retain","true"
"baseline","https://kujo.robertdevore.com/course/bindings-and-mutability/","https://kujo.robertdevore.com/explorer/","Examples","HTML anchor","200","https://kujo.robertdevore.com/explorer/","","reachable","","retain","true"
"baseline","https://kujo.robertdevore.com/course/bindings-and-mutability/","https://kujo.robertdevore.com/evidence/","Evidence","HTML anchor","200","https://kujo.robertdevore.com/evidence/","","reachable","","retain","true"
"baseline","https://kujo.robertdevore.com/course/bindings-and-mutability/","https://kujo.robertdevore.com/course/what-is-kujo/","01 · What Kujo is","HTML anchor","200","https://kujo.robertdevore.com/course/what-is-kujo/","","reachable","","retain","true"
"baseline","https://kujo.robertdevore.com/course/bindings-and-mutability/","https://kujo.robertdevore.com/course/setup-and-cli/","02 · Installation, CLI, and your first program","HTML anchor","200","https://kujo.robertdevore.com/course/setup-and-cli/","","reachable","","retain","true"
"baseline","https://kujo.robertdevore.com/course/bindings-and-mutability/","https://kujo.robertdevore.com/course/bindings-and-mutability/","03 · Bindings, values, and mutability","HTML anchor","200","https://kujo.robertdevore.com/course/bindings-and-mutability/","","reachable","","retain","true"
"baseline","https://kujo.robertdevore.com/course/bindings-and-mutability/","https://kujo.robertdevore.com/course/values-and-truthiness/","04 · Values, operators, and truthiness","HTML anchor","200","https://kujo.robertdevore.com/course/values-and-truthiness/","","reachable","","retain","true"
"baseline","https://kujo.robertdevore.com/course/bindings-and-mutability/","https://kujo.robertdevore.com/course/control-flow/","05 · Control flow and block scopes","HTML anchor","200","https://kujo.robertdevore.com/course/control-flow/","","reachable","","retain","true"
"baseline","https://kujo.robertdevore.com/course/bindings-and-mutability/","https://kujo.robertdevore.com/course/functions/","06 · Functions, callbacks, and return values","HTML anchor","200","https://kujo.robertdevore.com/course/functions/","","reachable","","retain","true"
"baseline","https://kujo.robertdevore.com/course/bindings-and-mutability/","https://kujo.robertdevore.com/course/collections-and-pipelines/","07 · Collections, pipes, and null handling","HTML anchor","200","https://kujo.robertdevore.com/course/collections-and-pipelines/","","reachable","","retain","true"
"baseline","https://kujo.robertdevore.com/course/bindings-and-mutability/","https://kujo.robertdevore.com/build-1/","◆ Stage build","HTML anchor","200","https://kujo.robertdevore.com/build-1/","","reachable","","retain","true"
"baseline","https://kujo.robertdevore.com/course/bindings-and-mutability/","https://kujo.robertdevore.com/course/scope-and-capture/","08 · Scope, shadowing, and capture","HTML anchor","200","https://kujo.robertdevore.com/course/scope-and-capture/","","reachable","","retain","true"
"baseline","https://kujo.robertdevore.com/course/bindings-and-mutability/","https://kujo.robertdevore.com/course/structs-and-enums/","09 · Structs and enums","HTML anchor","200","https://kujo.robertdevore.com/course/structs-and-enums/","","reachable","","retain","true"
"baseline","https://kujo.robertdevore.com/course/bindings-and-mutability/","https://kujo.robertdevore.com/course/match-result-option/","10 · Match, Result, and Option","HTML anchor","200","https://kujo.robertdevore.com/course/match-result-option/","","reachable","","retain","true"
"baseline","https://kujo.robertdevore.com/course/bindings-and-mutability/","https://kujo.robertdevore.com/course/exceptions/","11 · Exceptions and recoverable errors","HTML anchor","200","https://kujo.robertdevore.com/course/exceptions/","","reachable","","retain","true"
"baseline","https://kujo.robertdevore.com/course/bindings-and-mutability/","https://kujo.robertdevore.com/course/optional-typing/","12 · Optional typing without imaginary guarantees","HTML anchor","200","https://kujo.robertdevore.com/course/optional-typing/","","reachable","","retain","true"
"baseline","https://kujo.robertdevore.com/course/bindings-and-mutability/","https://kujo.robertdevore.com/course/async-and-await/","13 · Async functions and await","HTML anchor","200","https://kujo.robertdevore.com/course/async-and-await/","","reachable","","retain","true"
"baseline","https://kujo.robertdevore.com/course/bindings-and-mutability/","https://kujo.robertdevore.com/course/bounded-concurrency/","14 · Spawn and bounded concurrent work","HTML anchor","200","https://kujo.robertdevore.com/course/bounded-concurrency/","","reachable","","retain","true"
"baseline","https://kujo.robertdevore.com/course/bindings-and-mutability/","https://kujo.robertdevore.com/build-2/","◆ Stage build","HTML anchor","200","https://kujo.robertdevore.com/build-2/","","reachable","","retain","true"
"baseline","https://kujo.robertdevore.com/course/bindings-and-mutability/","https://kujo.robertdevore.com/course/modules/","15 · Modules and explicit exports","HTML anchor","200","https://kujo.robertdevore.com/course/modules/","","reachable","","retain","true"
"baseline","https://kujo.robertdevore.com/course/bindings-and-mutability/","https://kujo.robertdevore.com/course/projects-and-lockfiles/","16 · Projects, packages, and lockfiles","HTML anchor","200","https://kujo.robertdevore.com/course/projects-and-lockfiles/","","reachable","","retain","true"
"baseline","https://kujo.robertdevore.com/course/bindings-and-mutability/","https://kujo.robertdevore.com/course/standard-library/","17 · Finding the standard library contract","HTML anchor","200","https://kujo.robertdevore.com/course/standard-library/","","reachable","","retain","true"
"baseline","https://kujo.robertdevore.com/course/bindings-and-mutability/","https://kujo.robertdevore.com/course/testing/","18 · Testing, fixtures, and runtime evidence","HTML anchor","200","https://kujo.robertdevore.com/course/testing/","","reachable","","retain","true"
"baseline","https://kujo.robertdevore.com/course/bindings-and-mutability/","https://kujo.robertdevore.com/course/machine-contracts/","19 · Diagnostics and machine-readable interfaces","HTML anchor","200","https://kujo.robertdevore.com/course/machine-contracts/","","reachable","","retain","true"
"baseline","https://kujo.robertdevore.com/course/bindings-and-mutability/","https://kujo.robertdevore.com/course/documentation/","20 · Documentation as a build artifact","HTML anchor","200","https://kujo.robertdevore.com/course/documentation/","","reachable","","retain","true"
"baseline","https://kujo.robertdevore.com/course/bindings-and-mutability/","https://kujo.robertdevore.com/course/editor-and-lsp/","21 · Editor integration and the LSP boundary","HTML anchor","200","https://kujo.robertdevore.com/course/editor-and-lsp/","","reachable","","retain","true"
"baseline","https://kujo.robertdevore.com/course/bindings-and-mutability/","https://kujo.robertdevore.com/build-3/","◆ Stage build","HTML anchor","200","https://kujo.robertdevore.com/build-3/","","reachable","","retain","true"
"baseline","https://kujo.robertdevore.com/course/bindings-and-mutability/","https://kujo.robertdevore.com/course/filesystem/","22 · Filesystem automation with bounded paths","HTML anchor","200","https://kujo.robertdevore.com/course/filesystem/","","reachable","","retain","true"
"baseline","https://kujo.robertdevore.com/course/bindings-and-mutability/","https://kujo.robertdevore.com/course/processes/","23 · Processes without unnecessary shells","HTML anchor","200","https://kujo.robertdevore.com/course/processes/","","reachable","","retain","true"
"baseline","https://kujo.robertdevore.com/course/bindings-and-mutability/","https://kujo.robertdevore.com/course/http-and-networking/","24 · HTTP and network boundaries","HTML anchor","200","https://kujo.robertdevore.com/course/http-and-networking/","","reachable","","retain","true"
"baseline","https://kujo.robertdevore.com/course/bindings-and-mutability/","https://kujo.robertdevore.com/course/data-and-persistence/","25 · Structured data and local persistence","HTML anchor","200","https://kujo.robertdevore.com/course/data-and-persistence/","","reachable","","retain","true"
"baseline","https://kujo.robertdevore.com/course/bindings-and-mutability/","https://kujo.robertdevore.com/course/capability-security/","26 · Trusted execution and minimum authority","HTML anchor","200","https://kujo.robertdevore.com/course/capability-security/","","reachable","","retain","true"
"baseline","https://kujo.robertdevore.com/course/bindings-and-mutability/","https://kujo.robertdevore.com/course/secret-boundaries/","27 · Secrets, redaction, and endpoint policy","HTML anchor","200","https://kujo.robertdevore.com/course/secret-boundaries/","","reachable","","retain","true"
"baseline","https://kujo.robertdevore.com/course/bindings-and-mutability/","https://kujo.robertdevore.com/build-4/","◆ Stage build","HTML anchor","200","https://kujo.robertdevore.com/build-4/","","reachable","","retain","true"
"baseline","https://kujo.robertdevore.com/course/bindings-and-mutability/","https://kujo.robertdevore.com/course/ai-effects-and-messages/","28 · AI effects and portable messages","HTML anchor","200","https://kujo.robertdevore.com/course/ai-effects-and-messages/","","reachable","","retain","true"
"baseline","https://kujo.robertdevore.com/course/bindings-and-mutability/","https://kujo.robertdevore.com/course/request-identity/","29 · Deterministic request identity","HTML anchor","200","https://kujo.robertdevore.com/course/request-identity/","","reachable","","retain","true"
"baseline","https://kujo.robertdevore.com/course/bindings-and-mutability/","https://kujo.robertdevore.com/course/record-and-replay/","30 · Record, replay, and offline evidence","HTML anchor","200","https://kujo.robertdevore.com/course/record-and-replay/","","reachable","","retain","true"
"baseline","https://kujo.robertdevore.com/course/bindings-and-mutability/","https://kujo.robertdevore.com/course/streaming/","31 · Streaming and cancellation","HTML anchor","200","https://kujo.robertdevore.com/course/streaming/","","reachable","","retain","true"
"baseline","https://kujo.robertdevore.com/course/bindings-and-mutability/","https://kujo.robertdevore.com/course/structured-outputs/","32 · Structured outputs and schema validation","HTML anchor","200","https://kujo.robertdevore.com/course/structured-outputs/","","reachable","","retain","true"
"baseline","https://kujo.robertdevore.com/course/bindings-and-mutability/","https://kujo.robertdevore.com/course/context-and-vectors/","33 · Context budgets, embeddings, and vectors","HTML anchor","200","https://kujo.robertdevore.com/course/context-and-vectors/","","reachable","","retain","true"
"baseline","https://kujo.robertdevore.com/course/bindings-and-mutability/","https://kujo.robertdevore.com/course/tool-loops/","34 · Bounded AI tool loops","HTML anchor","200","https://kujo.robertdevore.com/course/tool-loops/","","reachable","","retain","true"
"baseline","https://kujo.robertdevore.com/course/bindings-and-mutability/","https://kujo.robertdevore.com/build-5/","◆ Stage build","HTML anchor","200","https://kujo.robertdevore.com/build-5/","","reachable","","retain","true"
"baseline","https://kujo.robertdevore.com/course/bindings-and-mutability/","https://kujo.robertdevore.com/course/mechanism-and-policy/","35 · Mechanism versus policy","HTML anchor","200","https://kujo.robertdevore.com/course/mechanism-and-policy/","","reachable","","retain","true"
"baseline","https://kujo.robertdevore.com/course/bindings-and-mutability/","https://kujo.robertdevore.com/course/loop-engineering/","36 · Loop Engineering, specs, and stop conditions","HTML anchor","200","https://kujo.robertdevore.com/course/loop-engineering/","","reachable","","retain","true"
"baseline","https://kujo.robertdevore.com/course/bindings-and-mutability/","https://kujo.robertdevore.com/course/evaluation/","37 · Evaluation independent of generation","HTML anchor","200","https://kujo.robertdevore.com/course/evaluation/","","reachable","","retain","true"
"baseline","https://kujo.robertdevore.com/course/bindings-and-mutability/","https://kujo.robertdevore.com/course/evidence-and-handoffs/","38 · Evidence, run records, and work boundaries","HTML anchor","200","https://kujo.robertdevore.com/course/evidence-and-handoffs/","","reachable","","retain","true"
"baseline","https://kujo.robertdevore.com/course/bindings-and-mutability/","https://kujo.robertdevore.com/course/isolation-and-observability/","39 · Isolation, observability, and watchdogs","HTML anchor","200","https://kujo.robertdevore.com/course/isolation-and-observability/","","reachable","","retain","true"
"baseline","https://kujo.robertdevore.com/course/bindings-and-mutability/","https://kujo.robertdevore.com/course/mcp-interoperability/","40 · MCP and external tool interoperability","HTML anchor","200","https://kujo.robertdevore.com/course/mcp-interoperability/","","reachable","","retain","true"
"baseline","https://kujo.robertdevore.com/course/bindings-and-mutability/","https://kujo.robertdevore.com/build-6/","◆ Stage build","HTML anchor","200","https://kujo.robertdevore.com/build-6/","","reachable","","retain","true"
"baseline","https://kujo.robertdevore.com/course/bindings-and-mutability/","https://kujo.robertdevore.com/capstone/","◆ Final capstone","HTML anchor","200","https://kujo.robertdevore.com/capstone/","","reachable","","retain","true"
"baseline","https://kujo.robertdevore.com/course/bindings-and-mutability/","https://kujo.robertdevore.com/course/","Full curriculum →","HTML anchor","200","https://kujo.robertdevore.com/course/","","reachable","","retain","true"
"baseline","https://kujo.robertdevore.com/course/bindings-and-mutability/","https://kujo.robertdevore.com/examples/03.kujo","Download example","HTML anchor","200","https://kujo.robertdevore.com/examples/03.kujo","","reachable","","retain","true"
"baseline","https://kujo.robertdevore.com/course/bindings-and-mutability/","https://kujo.robertdevore.com/course/setup-and-cli/","← Installation, CLI, and your first program","HTML anchor","200","https://kujo.robertdevore.com/course/setup-and-cli/","","reachable","","retain","true"
"baseline","https://kujo.robertdevore.com/course/bindings-and-mutability/","https://kujo.robertdevore.com/course/values-and-truthiness/","Values, operators, and truthiness →","HTML anchor","200","https://kujo.robertdevore.com/course/values-and-truthiness/","","reachable","","retain","true"
"baseline","https://kujo.robertdevore.com/course/bindings-and-mutability/","https://kujo.robertdevore.com/","K_ KUJO COURSE","HTML anchor","200","https://kujo.robertdevore.com/","","reachable","","retain","true"
"baseline","https://kujo.robertdevore.com/course/bindings-and-mutability/","https://kujo.robertdevore.com/about/","About","HTML anchor","200","https://kujo.robertdevore.com/about/","","reachable","","retain","true"
"baseline","https://kujo.robertdevore.com/course/bindings-and-mutability/","https://kujo.robertdevore.com/sitemap.xml","Sitemap","HTML anchor","200","https://kujo.robertdevore.com/sitemap.xml","","reachable","","retain","true"
"baseline","https://kujo.robertdevore.com/course/values-and-truthiness/","https://kujo.robertdevore.com/course/values-and-truthiness/#main","Skip to content","HTML anchor","200","https://kujo.robertdevore.com/course/values-and-truthiness/","","reachable","","retain","true"
"baseline","https://kujo.robertdevore.com/course/values-and-truthiness/","https://kujo.robertdevore.com/","K_ KUJO THE COURSE","HTML anchor","200","https://kujo.robertdevore.com/","","reachable","","retain","true"
"baseline","https://kujo.robertdevore.com/course/values-and-truthiness/","https://kujo.robertdevore.com/course/","Curriculum","HTML anchor","200","https://kujo.robertdevore.com/course/","","reachable","","retain","true"
"baseline","https://kujo.robertdevore.com/course/values-and-truthiness/","https://kujo.robertdevore.com/explorer/","Examples","HTML anchor","200","https://kujo.robertdevore.com/explorer/","","reachable","","retain","true"
"baseline","https://kujo.robertdevore.com/course/values-and-truthiness/","https://kujo.robertdevore.com/evidence/","Evidence","HTML anchor","200","https://kujo.robertdevore.com/evidence/","","reachable","","retain","true"
"baseline","https://kujo.robertdevore.com/course/values-and-truthiness/","https://kujo.robertdevore.com/course/what-is-kujo/","01 · What Kujo is","HTML anchor","200","https://kujo.robertdevore.com/course/what-is-kujo/","","reachable","","retain","true"
"baseline","https://kujo.robertdevore.com/course/values-and-truthiness/","https://kujo.robertdevore.com/course/setup-and-cli/","02 · Installation, CLI, and your first program","HTML anchor","200","https://kujo.robertdevore.com/course/setup-and-cli/","","reachable","","retain","true"
"baseline","https://kujo.robertdevore.com/course/values-and-truthiness/","https://kujo.robertdevore.com/course/bindings-and-mutability/","03 · Bindings, values, and mutability","HTML anchor","200","https://kujo.robertdevore.com/course/bindings-and-mutability/","","reachable","","retain","true"
"baseline","https://kujo.robertdevore.com/course/values-and-truthiness/","https://kujo.robertdevore.com/course/values-and-truthiness/","04 · Values, operators, and truthiness","HTML anchor","200","https://kujo.robertdevore.com/course/values-and-truthiness/","","reachable","","retain","true"
"baseline","https://kujo.robertdevore.com/course/values-and-truthiness/","https://kujo.robertdevore.com/course/control-flow/","05 · Control flow and block scopes","HTML anchor","200","https://kujo.robertdevore.com/course/control-flow/","","reachable","","retain","true"
"baseline","https://kujo.robertdevore.com/course/values-and-truthiness/","https://kujo.robertdevore.com/course/functions/","06 · Functions, callbacks, and return values","HTML anchor","200","https://kujo.robertdevore.com/course/functions/","","reachable","","retain","true"
"baseline","https://kujo.robertdevore.com/course/values-and-truthiness/","https://kujo.robertdevore.com/course/collections-and-pipelines/","07 · Collections, pipes, and null handling","HTML anchor","200","https://kujo.robertdevore.com/course/collections-and-pipelines/","","reachable","","retain","true"
"baseline","https://kujo.robertdevore.com/course/values-and-truthiness/","https://kujo.robertdevore.com/build-1/","◆ Stage build","HTML anchor","200","https://kujo.robertdevore.com/build-1/","","reachable","","retain","true"
"baseline","https://kujo.robertdevore.com/course/values-and-truthiness/","https://kujo.robertdevore.com/course/scope-and-capture/","08 · Scope, shadowing, and capture","HTML anchor","200","https://kujo.robertdevore.com/course/scope-and-capture/","","reachable","","retain","true"
"baseline","https://kujo.robertdevore.com/course/values-and-truthiness/","https://kujo.robertdevore.com/course/structs-and-enums/","09 · Structs and enums","HTML anchor","200","https://kujo.robertdevore.com/course/structs-and-enums/","","reachable","","retain","true"
"baseline","https://kujo.robertdevore.com/course/values-and-truthiness/","https://kujo.robertdevore.com/course/match-result-option/","10 · Match, Result, and Option","HTML anchor","200","https://kujo.robertdevore.com/course/match-result-option/","","reachable","","retain","true"
"baseline","https://kujo.robertdevore.com/course/values-and-truthiness/","https://kujo.robertdevore.com/course/exceptions/","11 · Exceptions and recoverable errors","HTML anchor","200","https://kujo.robertdevore.com/course/exceptions/","","reachable","","retain","true"
"baseline","https://kujo.robertdevore.com/course/values-and-truthiness/","https://kujo.robertdevore.com/course/optional-typing/","12 · Optional typing without imaginary guarantees","HTML anchor","200","https://kujo.robertdevore.com/course/optional-typing/","","reachable","","retain","true"
"baseline","https://kujo.robertdevore.com/course/values-and-truthiness/","https://kujo.robertdevore.com/course/async-and-await/","13 · Async functions and await","HTML anchor","200","https://kujo.robertdevore.com/course/async-and-await/","","reachable","","retain","true"
"baseline","https://kujo.robertdevore.com/course/values-and-truthiness/","https://kujo.robertdevore.com/course/bounded-concurrency/","14 · Spawn and bounded concurrent work","HTML anchor","200","https://kujo.robertdevore.com/course/bounded-concurrency/","","reachable","","retain","true"
"baseline","https://kujo.robertdevore.com/course/values-and-truthiness/","https://kujo.robertdevore.com/build-2/","◆ Stage build","HTML anchor","200","https://kujo.robertdevore.com/build-2/","","reachable","","retain","true"
"baseline","https://kujo.robertdevore.com/course/values-and-truthiness/","https://kujo.robertdevore.com/course/modules/","15 · Modules and explicit exports","HTML anchor","200","https://kujo.robertdevore.com/course/modules/","","reachable","","retain","true"
"baseline","https://kujo.robertdevore.com/course/values-and-truthiness/","https://kujo.robertdevore.com/course/projects-and-lockfiles/","16 · Projects, packages, and lockfiles","HTML anchor","200","https://kujo.robertdevore.com/course/projects-and-lockfiles/","","reachable","","retain","true"
"baseline","https://kujo.robertdevore.com/course/values-and-truthiness/","https://kujo.robertdevore.com/course/standard-library/","17 · Finding the standard library contract","HTML anchor","200","https://kujo.robertdevore.com/course/standard-library/","","reachable","","retain","true"
"baseline","https://kujo.robertdevore.com/course/values-and-truthiness/","https://kujo.robertdevore.com/course/testing/","18 · Testing, fixtures, and runtime evidence","HTML anchor","200","https://kujo.robertdevore.com/course/testing/","","reachable","","retain","true"
"baseline","https://kujo.robertdevore.com/course/values-and-truthiness/","https://kujo.robertdevore.com/course/machine-contracts/","19 · Diagnostics and machine-readable interfaces","HTML anchor","200","https://kujo.robertdevore.com/course/machine-contracts/","","reachable","","retain","true"
"baseline","https://kujo.robertdevore.com/course/values-and-truthiness/","https://kujo.robertdevore.com/course/documentation/","20 · Documentation as a build artifact","HTML anchor","200","https://kujo.robertdevore.com/course/documentation/","","reachable","","retain","true"
"baseline","https://kujo.robertdevore.com/course/values-and-truthiness/","https://kujo.robertdevore.com/course/editor-and-lsp/","21 · Editor integration and the LSP boundary","HTML anchor","200","https://kujo.robertdevore.com/course/editor-and-lsp/","","reachable","","retain","true"
"baseline","https://kujo.robertdevore.com/course/values-and-truthiness/","https://kujo.robertdevore.com/build-3/","◆ Stage build","HTML anchor","200","https://kujo.robertdevore.com/build-3/","","reachable","","retain","true"
"baseline","https://kujo.robertdevore.com/course/values-and-truthiness/","https://kujo.robertdevore.com/course/filesystem/","22 · Filesystem automation with bounded paths","HTML anchor","200","https://kujo.robertdevore.com/course/filesystem/","","reachable","","retain","true"
"baseline","https://kujo.robertdevore.com/course/values-and-truthiness/","https://kujo.robertdevore.com/course/processes/","23 · Processes without unnecessary shells","HTML anchor","200","https://kujo.robertdevore.com/course/processes/","","reachable","","retain","true"
"baseline","https://kujo.robertdevore.com/course/values-and-truthiness/","https://kujo.robertdevore.com/course/http-and-networking/","24 · HTTP and network boundaries","HTML anchor","200","https://kujo.robertdevore.com/course/http-and-networking/","","reachable","","retain","true"
"baseline","https://kujo.robertdevore.com/course/values-and-truthiness/","https://kujo.robertdevore.com/course/data-and-persistence/","25 · Structured data and local persistence","HTML anchor","200","https://kujo.robertdevore.com/course/data-and-persistence/","","reachable","","retain","true"
"baseline","https://kujo.robertdevore.com/course/values-and-truthiness/","https://kujo.robertdevore.com/course/capability-security/","26 · Trusted execution and minimum authority","HTML anchor","200","https://kujo.robertdevore.com/course/capability-security/","","reachable","","retain","true"
"baseline","https://kujo.robertdevore.com/course/values-and-truthiness/","https://kujo.robertdevore.com/course/secret-boundaries/","27 · Secrets, redaction, and endpoint policy","HTML anchor","200","https://kujo.robertdevore.com/course/secret-boundaries/","","reachable","","retain","true"
"baseline","https://kujo.robertdevore.com/course/values-and-truthiness/","https://kujo.robertdevore.com/build-4/","◆ Stage build","HTML anchor","200","https://kujo.robertdevore.com/build-4/","","reachable","","retain","true"
"baseline","https://kujo.robertdevore.com/course/values-and-truthiness/","https://kujo.robertdevore.com/course/ai-effects-and-messages/","28 · AI effects and portable messages","HTML anchor","200","https://kujo.robertdevore.com/course/ai-effects-and-messages/","","reachable","","retain","true"
"baseline","https://kujo.robertdevore.com/course/values-and-truthiness/","https://kujo.robertdevore.com/course/request-identity/","29 · Deterministic request identity","HTML anchor","200","https://kujo.robertdevore.com/course/request-identity/","","reachable","","retain","true"
"baseline","https://kujo.robertdevore.com/course/values-and-truthiness/","https://kujo.robertdevore.com/course/record-and-replay/","30 · Record, replay, and offline evidence","HTML anchor","200","https://kujo.robertdevore.com/course/record-and-replay/","","reachable","","retain","true"
"baseline","https://kujo.robertdevore.com/course/values-and-truthiness/","https://kujo.robertdevore.com/course/streaming/","31 · Streaming and cancellation","HTML anchor","200","https://kujo.robertdevore.com/course/streaming/","","reachable","","retain","true"
"baseline","https://kujo.robertdevore.com/course/values-and-truthiness/","https://kujo.robertdevore.com/course/structured-outputs/","32 · Structured outputs and schema validation","HTML anchor","200","https://kujo.robertdevore.com/course/structured-outputs/","","reachable","","retain","true"
"baseline","https://kujo.robertdevore.com/course/values-and-truthiness/","https://kujo.robertdevore.com/course/context-and-vectors/","33 · Context budgets, embeddings, and vectors","HTML anchor","200","https://kujo.robertdevore.com/course/context-and-vectors/","","reachable","","retain","true"
"baseline","https://kujo.robertdevore.com/course/values-and-truthiness/","https://kujo.robertdevore.com/course/tool-loops/","34 · Bounded AI tool loops","HTML anchor","200","https://kujo.robertdevore.com/course/tool-loops/","","reachable","","retain","true"
"baseline","https://kujo.robertdevore.com/course/values-and-truthiness/","https://kujo.robertdevore.com/build-5/","◆ Stage build","HTML anchor","200","https://kujo.robertdevore.com/build-5/","","reachable","","retain","true"
"baseline","https://kujo.robertdevore.com/course/values-and-truthiness/","https://kujo.robertdevore.com/course/mechanism-and-policy/","35 · Mechanism versus policy","HTML anchor","200","https://kujo.robertdevore.com/course/mechanism-and-policy/","","reachable","","retain","true"
"baseline","https://kujo.robertdevore.com/course/values-and-truthiness/","https://kujo.robertdevore.com/course/loop-engineering/","36 · Loop Engineering, specs, and stop conditions","HTML anchor","200","https://kujo.robertdevore.com/course/loop-engineering/","","reachable","","retain","true"
"baseline","https://kujo.robertdevore.com/course/values-and-truthiness/","https://kujo.robertdevore.com/course/evaluation/","37 · Evaluation independent of generation","HTML anchor","200","https://kujo.robertdevore.com/course/evaluation/","","reachable","","retain","true"
"baseline","https://kujo.robertdevore.com/course/values-and-truthiness/","https://kujo.robertdevore.com/course/evidence-and-handoffs/","38 · Evidence, run records, and work boundaries","HTML anchor","200","https://kujo.robertdevore.com/course/evidence-and-handoffs/","","reachable","","retain","true"
"baseline","https://kujo.robertdevore.com/course/values-and-truthiness/","https://kujo.robertdevore.com/course/isolation-and-observability/","39 · Isolation, observability, and watchdogs","HTML anchor","200","https://kujo.robertdevore.com/course/isolation-and-observability/","","reachable","","retain","true"
"baseline","https://kujo.robertdevore.com/course/values-and-truthiness/","https://kujo.robertdevore.com/course/mcp-interoperability/","40 · MCP and external tool interoperability","HTML anchor","200","https://kujo.robertdevore.com/course/mcp-interoperability/","","reachable","","retain","true"
"baseline","https://kujo.robertdevore.com/course/values-and-truthiness/","https://kujo.robertdevore.com/build-6/","◆ Stage build","HTML anchor","200","https://kujo.robertdevore.com/build-6/","","reachable","","retain","true"
"baseline","https://kujo.robertdevore.com/course/values-and-truthiness/","https://kujo.robertdevore.com/capstone/","◆ Final capstone","HTML anchor","200","https://kujo.robertdevore.com/capstone/","","reachable","","retain","true"
"baseline","https://kujo.robertdevore.com/course/values-and-truthiness/","https://kujo.robertdevore.com/course/","Full curriculum →","HTML anchor","200","https://kujo.robertdevore.com/course/","","reachable","","retain","true"
"baseline","https://kujo.robertdevore.com/course/values-and-truthiness/","https://kujo.robertdevore.com/examples/04.kujo","Download example","HTML anchor","200","https://kujo.robertdevore.com/examples/04.kujo","","reachable","","retain","true"
"baseline","https://kujo.robertdevore.com/course/values-and-truthiness/","https://kujo.robertdevore.com/course/bindings-and-mutability/","← Bindings, values, and mutability","HTML anchor","200","https://kujo.robertdevore.com/course/bindings-and-mutability/","","reachable","","retain","true"
"baseline","https://kujo.robertdevore.com/course/values-and-truthiness/","https://kujo.robertdevore.com/course/control-flow/","Control flow and block scopes →","HTML anchor","200","https://kujo.robertdevore.com/course/control-flow/","","reachable","","retain","true"
"baseline","https://kujo.robertdevore.com/course/values-and-truthiness/","https://kujo.robertdevore.com/","K_ KUJO COURSE","HTML anchor","200","https://kujo.robertdevore.com/","","reachable","","retain","true"
"baseline","https://kujo.robertdevore.com/course/values-and-truthiness/","https://kujo.robertdevore.com/about/","About","HTML anchor","200","https://kujo.robertdevore.com/about/","","reachable","","retain","true"
"baseline","https://kujo.robertdevore.com/course/values-and-truthiness/","https://kujo.robertdevore.com/sitemap.xml","Sitemap","HTML anchor","200","https://kujo.robertdevore.com/sitemap.xml","","reachable","","retain","true"
"baseline","https://kujo.robertdevore.com/course/control-flow/","https://kujo.robertdevore.com/course/control-flow/#main","Skip to content","HTML anchor","200","https://kujo.robertdevore.com/course/control-flow/","","reachable","","retain","true"
"baseline","https://kujo.robertdevore.com/course/control-flow/","https://kujo.robertdevore.com/","K_ KUJO THE COURSE","HTML anchor","200","https://kujo.robertdevore.com/","","reachable","","retain","true"
"baseline","https://kujo.robertdevore.com/course/control-flow/","https://kujo.robertdevore.com/course/","Curriculum","HTML anchor","200","https://kujo.robertdevore.com/course/","","reachable","","retain","true"
"baseline","https://kujo.robertdevore.com/course/control-flow/","https://kujo.robertdevore.com/explorer/","Examples","HTML anchor","200","https://kujo.robertdevore.com/explorer/","","reachable","","retain","true"
"baseline","https://kujo.robertdevore.com/course/control-flow/","https://kujo.robertdevore.com/evidence/","Evidence","HTML anchor","200","https://kujo.robertdevore.com/evidence/","","reachable","","retain","true"
"baseline","https://kujo.robertdevore.com/course/control-flow/","https://kujo.robertdevore.com/course/what-is-kujo/","01 · What Kujo is","HTML anchor","200","https://kujo.robertdevore.com/course/what-is-kujo/","","reachable","","retain","true"
"baseline","https://kujo.robertdevore.com/course/control-flow/","https://kujo.robertdevore.com/course/setup-and-cli/","02 · Installation, CLI, and your first program","HTML anchor","200","https://kujo.robertdevore.com/course/setup-and-cli/","","reachable","","retain","true"
"baseline","https://kujo.robertdevore.com/course/control-flow/","https://kujo.robertdevore.com/course/bindings-and-mutability/","03 · Bindings, values, and mutability","HTML anchor","200","https://kujo.robertdevore.com/course/bindings-and-mutability/","","reachable","","retain","true"
"baseline","https://kujo.robertdevore.com/course/control-flow/","https://kujo.robertdevore.com/course/values-and-truthiness/","04 · Values, operators, and truthiness","HTML anchor","200","https://kujo.robertdevore.com/course/values-and-truthiness/","","reachable","","retain","true"
"baseline","https://kujo.robertdevore.com/course/control-flow/","https://kujo.robertdevore.com/course/control-flow/","05 · Control flow and block scopes","HTML anchor","200","https://kujo.robertdevore.com/course/control-flow/","","reachable","","retain","true"
"baseline","https://kujo.robertdevore.com/course/control-flow/","https://kujo.robertdevore.com/course/functions/","06 · Functions, callbacks, and return values","HTML anchor","200","https://kujo.robertdevore.com/course/functions/","","reachable","","retain","true"
"baseline","https://kujo.robertdevore.com/course/control-flow/","https://kujo.robertdevore.com/course/collections-and-pipelines/","07 · Collections, pipes, and null handling","HTML anchor","200","https://kujo.robertdevore.com/course/collections-and-pipelines/","","reachable","","retain","true"
"baseline","https://kujo.robertdevore.com/course/control-flow/","https://kujo.robertdevore.com/build-1/","◆ Stage build","HTML anchor","200","https://kujo.robertdevore.com/build-1/","","reachable","","retain","true"
"baseline","https://kujo.robertdevore.com/course/control-flow/","https://kujo.robertdevore.com/course/scope-and-capture/","08 · Scope, shadowing, and capture","HTML anchor","200","https://kujo.robertdevore.com/course/scope-and-capture/","","reachable","","retain","true"
"baseline","https://kujo.robertdevore.com/course/control-flow/","https://kujo.robertdevore.com/course/structs-and-enums/","09 · Structs and enums","HTML anchor","200","https://kujo.robertdevore.com/course/structs-and-enums/","","reachable","","retain","true"
"baseline","https://kujo.robertdevore.com/course/control-flow/","https://kujo.robertdevore.com/course/match-result-option/","10 · Match, Result, and Option","HTML anchor","200","https://kujo.robertdevore.com/course/match-result-option/","","reachable","","retain","true"
"baseline","https://kujo.robertdevore.com/course/control-flow/","https://kujo.robertdevore.com/course/exceptions/","11 · Exceptions and recoverable errors","HTML anchor","200","https://kujo.robertdevore.com/course/exceptions/","","reachable","","retain","true"
"baseline","https://kujo.robertdevore.com/course/control-flow/","https://kujo.robertdevore.com/course/optional-typing/","12 · Optional typing without imaginary guarantees","HTML anchor","200","https://kujo.robertdevore.com/course/optional-typing/","","reachable","","retain","true"
"baseline","https://kujo.robertdevore.com/course/control-flow/","https://kujo.robertdevore.com/course/async-and-await/","13 · Async functions and await","HTML anchor","200","https://kujo.robertdevore.com/course/async-and-await/","","reachable","","retain","true"
"baseline","https://kujo.robertdevore.com/course/control-flow/","https://kujo.robertdevore.com/course/bounded-concurrency/","14 · Spawn and bounded concurrent work","HTML anchor","200","https://kujo.robertdevore.com/course/bounded-concurrency/","","reachable","","retain","true"
"baseline","https://kujo.robertdevore.com/course/control-flow/","https://kujo.robertdevore.com/build-2/","◆ Stage build","HTML anchor","200","https://kujo.robertdevore.com/build-2/","","reachable","","retain","true"
"baseline","https://kujo.robertdevore.com/course/control-flow/","https://kujo.robertdevore.com/course/modules/","15 · Modules and explicit exports","HTML anchor","200","https://kujo.robertdevore.com/course/modules/","","reachable","","retain","true"
"baseline","https://kujo.robertdevore.com/course/control-flow/","https://kujo.robertdevore.com/course/projects-and-lockfiles/","16 · Projects, packages, and lockfiles","HTML anchor","200","https://kujo.robertdevore.com/course/projects-and-lockfiles/","","reachable","","retain","true"
"baseline","https://kujo.robertdevore.com/course/control-flow/","https://kujo.robertdevore.com/course/standard-library/","17 · Finding the standard library contract","HTML anchor","200","https://kujo.robertdevore.com/course/standard-library/","","reachable","","retain","true"
"baseline","https://kujo.robertdevore.com/course/control-flow/","https://kujo.robertdevore.com/course/testing/","18 · Testing, fixtures, and runtime evidence","HTML anchor","200","https://kujo.robertdevore.com/course/testing/","","reachable","","retain","true"
"baseline","https://kujo.robertdevore.com/course/control-flow/","https://kujo.robertdevore.com/course/machine-contracts/","19 · Diagnostics and machine-readable interfaces","HTML anchor","200","https://kujo.robertdevore.com/course/machine-contracts/","","reachable","","retain","true"
"baseline","https://kujo.robertdevore.com/course/control-flow/","https://kujo.robertdevore.com/course/documentation/","20 · Documentation as a build artifact","HTML anchor","200","https://kujo.robertdevore.com/course/documentation/","","reachable","","retain","true"
"baseline","https://kujo.robertdevore.com/course/control-flow/","https://kujo.robertdevore.com/course/editor-and-lsp/","21 · Editor integration and the LSP boundary","HTML anchor","200","https://kujo.robertdevore.com/course/editor-and-lsp/","","reachable","","retain","true"
"baseline","https://kujo.robertdevore.com/course/control-flow/","https://kujo.robertdevore.com/build-3/","◆ Stage build","HTML anchor","200","https://kujo.robertdevore.com/build-3/","","reachable","","retain","true"
"baseline","https://kujo.robertdevore.com/course/control-flow/","https://kujo.robertdevore.com/course/filesystem/","22 · Filesystem automation with bounded paths","HTML anchor","200","https://kujo.robertdevore.com/course/filesystem/","","reachable","","retain","true"
"baseline","https://kujo.robertdevore.com/course/control-flow/","https://kujo.robertdevore.com/course/processes/","23 · Processes without unnecessary shells","HTML anchor","200","https://kujo.robertdevore.com/course/processes/","","reachable","","retain","true"
"baseline","https://kujo.robertdevore.com/course/control-flow/","https://kujo.robertdevore.com/course/http-and-networking/","24 · HTTP and network boundaries","HTML anchor","200","https://kujo.robertdevore.com/course/http-and-networking/","","reachable","","retain","true"
"baseline","https://kujo.robertdevore.com/course/control-flow/","https://kujo.robertdevore.com/course/data-and-persistence/","25 · Structured data and local persistence","HTML anchor","200","https://kujo.robertdevore.com/course/data-and-persistence/","","reachable","","retain","true"
"baseline","https://kujo.robertdevore.com/course/control-flow/","https://kujo.robertdevore.com/course/capability-security/","26 · Trusted execution and minimum authority","HTML anchor","200","https://kujo.robertdevore.com/course/capability-security/","","reachable","","retain","true"
"baseline","https://kujo.robertdevore.com/course/control-flow/","https://kujo.robertdevore.com/course/secret-boundaries/","27 · Secrets, redaction, and endpoint policy","HTML anchor","200","https://kujo.robertdevore.com/course/secret-boundaries/","","reachable","","retain","true"
"baseline","https://kujo.robertdevore.com/course/control-flow/","https://kujo.robertdevore.com/build-4/","◆ Stage build","HTML anchor","200","https://kujo.robertdevore.com/build-4/","","reachable","","retain","true"
"baseline","https://kujo.robertdevore.com/course/control-flow/","https://kujo.robertdevore.com/course/ai-effects-and-messages/","28 · AI effects and portable messages","HTML anchor","200","https://kujo.robertdevore.com/course/ai-effects-and-messages/","","reachable","","retain","true"
"baseline","https://kujo.robertdevore.com/course/control-flow/","https://kujo.robertdevore.com/course/request-identity/","29 · Deterministic request identity","HTML anchor","200","https://kujo.robertdevore.com/course/request-identity/","","reachable","","retain","true"
"baseline","https://kujo.robertdevore.com/course/control-flow/","https://kujo.robertdevore.com/course/record-and-replay/","30 · Record, replay, and offline evidence","HTML anchor","200","https://kujo.robertdevore.com/course/record-and-replay/","","reachable","","retain","true"
"baseline","https://kujo.robertdevore.com/course/control-flow/","https://kujo.robertdevore.com/course/streaming/","31 · Streaming and cancellation","HTML anchor","200","https://kujo.robertdevore.com/course/streaming/","","reachable","","retain","true"
"baseline","https://kujo.robertdevore.com/course/control-flow/","https://kujo.robertdevore.com/course/structured-outputs/","32 · Structured outputs and schema validation","HTML anchor","200","https://kujo.robertdevore.com/course/structured-outputs/","","reachable","","retain","true"
"baseline","https://kujo.robertdevore.com/course/control-flow/","https://kujo.robertdevore.com/course/context-and-vectors/","33 · Context budgets, embeddings, and vectors","HTML anchor","200","https://kujo.robertdevore.com/course/context-and-vectors/","","reachable","","retain","true"
"baseline","https://kujo.robertdevore.com/course/control-flow/","https://kujo.robertdevore.com/course/tool-loops/","34 · Bounded AI tool loops","HTML anchor","200","https://kujo.robertdevore.com/course/tool-loops/","","reachable","","retain","true"
"baseline","https://kujo.robertdevore.com/course/control-flow/","https://kujo.robertdevore.com/build-5/","◆ Stage build","HTML anchor","200","https://kujo.robertdevore.com/build-5/","","reachable","","retain","true"
"baseline","https://kujo.robertdevore.com/course/control-flow/","https://kujo.robertdevore.com/course/mechanism-and-policy/","35 · Mechanism versus policy","HTML anchor","200","https://kujo.robertdevore.com/course/mechanism-and-policy/","","reachable","","retain","true"
"baseline","https://kujo.robertdevore.com/course/control-flow/","https://kujo.robertdevore.com/course/loop-engineering/","36 · Loop Engineering, specs, and stop conditions","HTML anchor","200","https://kujo.robertdevore.com/course/loop-engineering/","","reachable","","retain","true"
"baseline","https://kujo.robertdevore.com/course/control-flow/","https://kujo.robertdevore.com/course/evaluation/","37 · Evaluation independent of generation","HTML anchor","200","https://kujo.robertdevore.com/course/evaluation/","","reachable","","retain","true"
"baseline","https://kujo.robertdevore.com/course/control-flow/","https://kujo.robertdevore.com/course/evidence-and-handoffs/","38 · Evidence, run records, and work boundaries","HTML anchor","200","https://kujo.robertdevore.com/course/evidence-and-handoffs/","","reachable","","retain","true"
"baseline","https://kujo.robertdevore.com/course/control-flow/","https://kujo.robertdevore.com/course/isolation-and-observability/","39 · Isolation, observability, and watchdogs","HTML anchor","200","https://kujo.robertdevore.com/course/isolation-and-observability/","","reachable","","retain","true"
"baseline","https://kujo.robertdevore.com/course/control-flow/","https://kujo.robertdevore.com/course/mcp-interoperability/","40 · MCP and external tool interoperability","HTML anchor","200","https://kujo.robertdevore.com/course/mcp-interoperability/","","reachable","","retain","true"
"baseline","https://kujo.robertdevore.com/course/control-flow/","https://kujo.robertdevore.com/build-6/","◆ Stage build","HTML anchor","200","https://kujo.robertdevore.com/build-6/","","reachable","","retain","true"
"baseline","https://kujo.robertdevore.com/course/control-flow/","https://kujo.robertdevore.com/capstone/","◆ Final capstone","HTML anchor","200","https://kujo.robertdevore.com/capstone/","","reachable","","retain","true"
"baseline","https://kujo.robertdevore.com/course/control-flow/","https://kujo.robertdevore.com/course/","Full curriculum →","HTML anchor","200","https://kujo.robertdevore.com/course/","","reachable","","retain","true"
"baseline","https://kujo.robertdevore.com/course/control-flow/","https://kujo.robertdevore.com/evidence/","the evidence ledger","HTML anchor","200","https://kujo.robertdevore.com/evidence/","","reachable","","retain","true"
"baseline","https://kujo.robertdevore.com/course/control-flow/","https://kujo.robertdevore.com/examples/05.kujo","Download example","HTML anchor","200","https://kujo.robertdevore.com/examples/05.kujo","","reachable","","retain","true"
"baseline","https://kujo.robertdevore.com/course/control-flow/","https://kujo.robertdevore.com/course/values-and-truthiness/","← Values, operators, and truthiness","HTML anchor","200","https://kujo.robertdevore.com/course/values-and-truthiness/","","reachable","","retain","true"
"baseline","https://kujo.robertdevore.com/course/control-flow/","https://kujo.robertdevore.com/course/functions/","Functions, callbacks, and return values →","HTML anchor","200","https://kujo.robertdevore.com/course/functions/","","reachable","","retain","true"
"baseline","https://kujo.robertdevore.com/course/control-flow/","https://kujo.robertdevore.com/","K_ KUJO COURSE","HTML anchor","200","https://kujo.robertdevore.com/","","reachable","","retain","true"
"baseline","https://kujo.robertdevore.com/course/control-flow/","https://kujo.robertdevore.com/about/","About","HTML anchor","200","https://kujo.robertdevore.com/about/","","reachable","","retain","true"
"baseline","https://kujo.robertdevore.com/course/control-flow/","https://kujo.robertdevore.com/sitemap.xml","Sitemap","HTML anchor","200","https://kujo.robertdevore.com/sitemap.xml","","reachable","","retain","true"
"baseline","https://kujo.robertdevore.com/course/functions/","https://kujo.robertdevore.com/course/functions/#main","Skip to content","HTML anchor","200","https://kujo.robertdevore.com/course/functions/","","reachable","","retain","true"
"baseline","https://kujo.robertdevore.com/course/functions/","https://kujo.robertdevore.com/","K_ KUJO THE COURSE","HTML anchor","200","https://kujo.robertdevore.com/","","reachable","","retain","true"
"baseline","https://kujo.robertdevore.com/course/functions/","https://kujo.robertdevore.com/course/","Curriculum","HTML anchor","200","https://kujo.robertdevore.com/course/","","reachable","","retain","true"
"baseline","https://kujo.robertdevore.com/course/functions/","https://kujo.robertdevore.com/explorer/","Examples","HTML anchor","200","https://kujo.robertdevore.com/explorer/","","reachable","","retain","true"
"baseline","https://kujo.robertdevore.com/course/functions/","https://kujo.robertdevore.com/evidence/","Evidence","HTML anchor","200","https://kujo.robertdevore.com/evidence/","","reachable","","retain","true"
"baseline","https://kujo.robertdevore.com/course/functions/","https://kujo.robertdevore.com/course/what-is-kujo/","01 · What Kujo is","HTML anchor","200","https://kujo.robertdevore.com/course/what-is-kujo/","","reachable","","retain","true"
"baseline","https://kujo.robertdevore.com/course/functions/","https://kujo.robertdevore.com/course/setup-and-cli/","02 · Installation, CLI, and your first program","HTML anchor","200","https://kujo.robertdevore.com/course/setup-and-cli/","","reachable","","retain","true"
"baseline","https://kujo.robertdevore.com/course/functions/","https://kujo.robertdevore.com/course/bindings-and-mutability/","03 · Bindings, values, and mutability","HTML anchor","200","https://kujo.robertdevore.com/course/bindings-and-mutability/","","reachable","","retain","true"
"baseline","https://kujo.robertdevore.com/course/functions/","https://kujo.robertdevore.com/course/values-and-truthiness/","04 · Values, operators, and truthiness","HTML anchor","200","https://kujo.robertdevore.com/course/values-and-truthiness/","","reachable","","retain","true"
"baseline","https://kujo.robertdevore.com/course/functions/","https://kujo.robertdevore.com/course/control-flow/","05 · Control flow and block scopes","HTML anchor","200","https://kujo.robertdevore.com/course/control-flow/","","reachable","","retain","true"
"baseline","https://kujo.robertdevore.com/course/functions/","https://kujo.robertdevore.com/course/functions/","06 · Functions, callbacks, and return values","HTML anchor","200","https://kujo.robertdevore.com/course/functions/","","reachable","","retain","true"
"baseline","https://kujo.robertdevore.com/course/functions/","https://kujo.robertdevore.com/course/collections-and-pipelines/","07 · Collections, pipes, and null handling","HTML anchor","200","https://kujo.robertdevore.com/course/collections-and-pipelines/","","reachable","","retain","true"
"baseline","https://kujo.robertdevore.com/course/functions/","https://kujo.robertdevore.com/build-1/","◆ Stage build","HTML anchor","200","https://kujo.robertdevore.com/build-1/","","reachable","","retain","true"
"baseline","https://kujo.robertdevore.com/course/functions/","https://kujo.robertdevore.com/course/scope-and-capture/","08 · Scope, shadowing, and capture","HTML anchor","200","https://kujo.robertdevore.com/course/scope-and-capture/","","reachable","","retain","true"
"baseline","https://kujo.robertdevore.com/course/functions/","https://kujo.robertdevore.com/course/structs-and-enums/","09 · Structs and enums","HTML anchor","200","https://kujo.robertdevore.com/course/structs-and-enums/","","reachable","","retain","true"
"baseline","https://kujo.robertdevore.com/course/functions/","https://kujo.robertdevore.com/course/match-result-option/","10 · Match, Result, and Option","HTML anchor","200","https://kujo.robertdevore.com/course/match-result-option/","","reachable","","retain","true"
"baseline","https://kujo.robertdevore.com/course/functions/","https://kujo.robertdevore.com/course/exceptions/","11 · Exceptions and recoverable errors","HTML anchor","200","https://kujo.robertdevore.com/course/exceptions/","","reachable","","retain","true"
"baseline","https://kujo.robertdevore.com/course/functions/","https://kujo.robertdevore.com/course/optional-typing/","12 · Optional typing without imaginary guarantees","HTML anchor","200","https://kujo.robertdevore.com/course/optional-typing/","","reachable","","retain","true"
"baseline","https://kujo.robertdevore.com/course/functions/","https://kujo.robertdevore.com/course/async-and-await/","13 · Async functions and await","HTML anchor","200","https://kujo.robertdevore.com/course/async-and-await/","","reachable","","retain","true"
"baseline","https://kujo.robertdevore.com/course/functions/","https://kujo.robertdevore.com/course/bounded-concurrency/","14 · Spawn and bounded concurrent work","HTML anchor","200","https://kujo.robertdevore.com/course/bounded-concurrency/","","reachable","","retain","true"
"baseline","https://kujo.robertdevore.com/course/functions/","https://kujo.robertdevore.com/build-2/","◆ Stage build","HTML anchor","200","https://kujo.robertdevore.com/build-2/","","reachable","","retain","true"
"baseline","https://kujo.robertdevore.com/course/functions/","https://kujo.robertdevore.com/course/modules/","15 · Modules and explicit exports","HTML anchor","200","https://kujo.robertdevore.com/course/modules/","","reachable","","retain","true"
"baseline","https://kujo.robertdevore.com/course/functions/","https://kujo.robertdevore.com/course/projects-and-lockfiles/","16 · Projects, packages, and lockfiles","HTML anchor","200","https://kujo.robertdevore.com/course/projects-and-lockfiles/","","reachable","","retain","true"
"baseline","https://kujo.robertdevore.com/course/functions/","https://kujo.robertdevore.com/course/standard-library/","17 · Finding the standard library contract","HTML anchor","200","https://kujo.robertdevore.com/course/standard-library/","","reachable","","retain","true"
"baseline","https://kujo.robertdevore.com/course/functions/","https://kujo.robertdevore.com/course/testing/","18 · Testing, fixtures, and runtime evidence","HTML anchor","200","https://kujo.robertdevore.com/course/testing/","","reachable","","retain","true"
"baseline","https://kujo.robertdevore.com/course/functions/","https://kujo.robertdevore.com/course/machine-contracts/","19 · Diagnostics and machine-readable interfaces","HTML anchor","200","https://kujo.robertdevore.com/course/machine-contracts/","","reachable","","retain","true"
"baseline","https://kujo.robertdevore.com/course/functions/","https://kujo.robertdevore.com/course/documentation/","20 · Documentation as a build artifact","HTML anchor","200","https://kujo.robertdevore.com/course/documentation/","","reachable","","retain","true"
"baseline","https://kujo.robertdevore.com/course/functions/","https://kujo.robertdevore.com/course/editor-and-lsp/","21 · Editor integration and the LSP boundary","HTML anchor","200","https://kujo.robertdevore.com/course/editor-and-lsp/","","reachable","","retain","true"
"baseline","https://kujo.robertdevore.com/course/functions/","https://kujo.robertdevore.com/build-3/","◆ Stage build","HTML anchor","200","https://kujo.robertdevore.com/build-3/","","reachable","","retain","true"
"baseline","https://kujo.robertdevore.com/course/functions/","https://kujo.robertdevore.com/course/filesystem/","22 · Filesystem automation with bounded paths","HTML anchor","200","https://kujo.robertdevore.com/course/filesystem/","","reachable","","retain","true"
"baseline","https://kujo.robertdevore.com/course/functions/","https://kujo.robertdevore.com/course/processes/","23 · Processes without unnecessary shells","HTML anchor","200","https://kujo.robertdevore.com/course/processes/","","reachable","","retain","true"
"baseline","https://kujo.robertdevore.com/course/functions/","https://kujo.robertdevore.com/course/http-and-networking/","24 · HTTP and network boundaries","HTML anchor","200","https://kujo.robertdevore.com/course/http-and-networking/","","reachable","","retain","true"
"baseline","https://kujo.robertdevore.com/course/functions/","https://kujo.robertdevore.com/course/data-and-persistence/","25 · Structured data and local persistence","HTML anchor","200","https://kujo.robertdevore.com/course/data-and-persistence/","","reachable","","retain","true"
"baseline","https://kujo.robertdevore.com/course/functions/","https://kujo.robertdevore.com/course/capability-security/","26 · Trusted execution and minimum authority","HTML anchor","200","https://kujo.robertdevore.com/course/capability-security/","","reachable","","retain","true"
"baseline","https://kujo.robertdevore.com/course/functions/","https://kujo.robertdevore.com/course/secret-boundaries/","27 · Secrets, redaction, and endpoint policy","HTML anchor","200","https://kujo.robertdevore.com/course/secret-boundaries/","","reachable","","retain","true"
"baseline","https://kujo.robertdevore.com/course/functions/","https://kujo.robertdevore.com/build-4/","◆ Stage build","HTML anchor","200","https://kujo.robertdevore.com/build-4/","","reachable","","retain","true"
"baseline","https://kujo.robertdevore.com/course/functions/","https://kujo.robertdevore.com/course/ai-effects-and-messages/","28 · AI effects and portable messages","HTML anchor","200","https://kujo.robertdevore.com/course/ai-effects-and-messages/","","reachable","","retain","true"
"baseline","https://kujo.robertdevore.com/course/functions/","https://kujo.robertdevore.com/course/request-identity/","29 · Deterministic request identity","HTML anchor","200","https://kujo.robertdevore.com/course/request-identity/","","reachable","","retain","true"
"baseline","https://kujo.robertdevore.com/course/functions/","https://kujo.robertdevore.com/course/record-and-replay/","30 · Record, replay, and offline evidence","HTML anchor","200","https://kujo.robertdevore.com/course/record-and-replay/","","reachable","","retain","true"
"baseline","https://kujo.robertdevore.com/course/functions/","https://kujo.robertdevore.com/course/streaming/","31 · Streaming and cancellation","HTML anchor","200","https://kujo.robertdevore.com/course/streaming/","","reachable","","retain","true"
"baseline","https://kujo.robertdevore.com/course/functions/","https://kujo.robertdevore.com/course/structured-outputs/","32 · Structured outputs and schema validation","HTML anchor","200","https://kujo.robertdevore.com/course/structured-outputs/","","reachable","","retain","true"
"baseline","https://kujo.robertdevore.com/course/functions/","https://kujo.robertdevore.com/course/context-and-vectors/","33 · Context budgets, embeddings, and vectors","HTML anchor","200","https://kujo.robertdevore.com/course/context-and-vectors/","","reachable","","retain","true"
"baseline","https://kujo.robertdevore.com/course/functions/","https://kujo.robertdevore.com/course/tool-loops/","34 · Bounded AI tool loops","HTML anchor","200","https://kujo.robertdevore.com/course/tool-loops/","","reachable","","retain","true"
"baseline","https://kujo.robertdevore.com/course/functions/","https://kujo.robertdevore.com/build-5/","◆ Stage build","HTML anchor","200","https://kujo.robertdevore.com/build-5/","","reachable","","retain","true"
"baseline","https://kujo.robertdevore.com/course/functions/","https://kujo.robertdevore.com/course/mechanism-and-policy/","35 · Mechanism versus policy","HTML anchor","200","https://kujo.robertdevore.com/course/mechanism-and-policy/","","reachable","","retain","true"
"baseline","https://kujo.robertdevore.com/course/functions/","https://kujo.robertdevore.com/course/loop-engineering/","36 · Loop Engineering, specs, and stop conditions","HTML anchor","200","https://kujo.robertdevore.com/course/loop-engineering/","","reachable","","retain","true"
"baseline","https://kujo.robertdevore.com/course/functions/","https://kujo.robertdevore.com/course/evaluation/","37 · Evaluation independent of generation","HTML anchor","200","https://kujo.robertdevore.com/course/evaluation/","","reachable","","retain","true"
"baseline","https://kujo.robertdevore.com/course/functions/","https://kujo.robertdevore.com/course/evidence-and-handoffs/","38 · Evidence, run records, and work boundaries","HTML anchor","200","https://kujo.robertdevore.com/course/evidence-and-handoffs/","","reachable","","retain","true"
"baseline","https://kujo.robertdevore.com/course/functions/","https://kujo.robertdevore.com/course/isolation-and-observability/","39 · Isolation, observability, and watchdogs","HTML anchor","200","https://kujo.robertdevore.com/course/isolation-and-observability/","","reachable","","retain","true"
"baseline","https://kujo.robertdevore.com/course/functions/","https://kujo.robertdevore.com/course/mcp-interoperability/","40 · MCP and external tool interoperability","HTML anchor","200","https://kujo.robertdevore.com/course/mcp-interoperability/","","reachable","","retain","true"
"baseline","https://kujo.robertdevore.com/course/functions/","https://kujo.robertdevore.com/build-6/","◆ Stage build","HTML anchor","200","https://kujo.robertdevore.com/build-6/","","reachable","","retain","true"
"baseline","https://kujo.robertdevore.com/course/functions/","https://kujo.robertdevore.com/capstone/","◆ Final capstone","HTML anchor","200","https://kujo.robertdevore.com/capstone/","","reachable","","retain","true"
"baseline","https://kujo.robertdevore.com/course/functions/","https://kujo.robertdevore.com/course/","Full curriculum →","HTML anchor","200","https://kujo.robertdevore.com/course/","","reachable","","retain","true"
"baseline","https://kujo.robertdevore.com/course/functions/","https://kujo.robertdevore.com/examples/06.kujo","Download example","HTML anchor","200","https://kujo.robertdevore.com/examples/06.kujo","","reachable","","retain","true"
"baseline","https://kujo.robertdevore.com/course/functions/","https://kujo.robertdevore.com/course/control-flow/","← Control flow and block scopes","HTML anchor","200","https://kujo.robertdevore.com/course/control-flow/","","reachable","","retain","true"
"baseline","https://kujo.robertdevore.com/course/functions/","https://kujo.robertdevore.com/course/collections-and-pipelines/","Collections, pipes, and null handling →","HTML anchor","200","https://kujo.robertdevore.com/course/collections-and-pipelines/","","reachable","","retain","true"
"baseline","https://kujo.robertdevore.com/course/functions/","https://kujo.robertdevore.com/","K_ KUJO COURSE","HTML anchor","200","https://kujo.robertdevore.com/","","reachable","","retain","true"
"baseline","https://kujo.robertdevore.com/course/functions/","https://kujo.robertdevore.com/about/","About","HTML anchor","200","https://kujo.robertdevore.com/about/","","reachable","","retain","true"
"baseline","https://kujo.robertdevore.com/course/functions/","https://kujo.robertdevore.com/sitemap.xml","Sitemap","HTML anchor","200","https://kujo.robertdevore.com/sitemap.xml","","reachable","","retain","true"
"baseline","https://kujo.robertdevore.com/course/collections-and-pipelines/","https://kujo.robertdevore.com/course/collections-and-pipelines/#main","Skip to content","HTML anchor","200","https://kujo.robertdevore.com/course/collections-and-pipelines/","","reachable","","retain","true"
"baseline","https://kujo.robertdevore.com/course/collections-and-pipelines/","https://kujo.robertdevore.com/","K_ KUJO THE COURSE","HTML anchor","200","https://kujo.robertdevore.com/","","reachable","","retain","true"
"baseline","https://kujo.robertdevore.com/course/collections-and-pipelines/","https://kujo.robertdevore.com/course/","Curriculum","HTML anchor","200","https://kujo.robertdevore.com/course/","","reachable","","retain","true"
"baseline","https://kujo.robertdevore.com/course/collections-and-pipelines/","https://kujo.robertdevore.com/explorer/","Examples","HTML anchor","200","https://kujo.robertdevore.com/explorer/","","reachable","","retain","true"
"baseline","https://kujo.robertdevore.com/course/collections-and-pipelines/","https://kujo.robertdevore.com/evidence/","Evidence","HTML anchor","200","https://kujo.robertdevore.com/evidence/","","reachable","","retain","true"
"baseline","https://kujo.robertdevore.com/course/collections-and-pipelines/","https://kujo.robertdevore.com/course/what-is-kujo/","01 · What Kujo is","HTML anchor","200","https://kujo.robertdevore.com/course/what-is-kujo/","","reachable","","retain","true"
"baseline","https://kujo.robertdevore.com/course/collections-and-pipelines/","https://kujo.robertdevore.com/course/setup-and-cli/","02 · Installation, CLI, and your first program","HTML anchor","200","https://kujo.robertdevore.com/course/setup-and-cli/","","reachable","","retain","true"
"baseline","https://kujo.robertdevore.com/course/collections-and-pipelines/","https://kujo.robertdevore.com/course/bindings-and-mutability/","03 · Bindings, values, and mutability","HTML anchor","200","https://kujo.robertdevore.com/course/bindings-and-mutability/","","reachable","","retain","true"
"baseline","https://kujo.robertdevore.com/course/collections-and-pipelines/","https://kujo.robertdevore.com/course/values-and-truthiness/","04 · Values, operators, and truthiness","HTML anchor","200","https://kujo.robertdevore.com/course/values-and-truthiness/","","reachable","","retain","true"
"baseline","https://kujo.robertdevore.com/course/collections-and-pipelines/","https://kujo.robertdevore.com/course/control-flow/","05 · Control flow and block scopes","HTML anchor","200","https://kujo.robertdevore.com/course/control-flow/","","reachable","","retain","true"
"baseline","https://kujo.robertdevore.com/course/collections-and-pipelines/","https://kujo.robertdevore.com/course/functions/","06 · Functions, callbacks, and return values","HTML anchor","200","https://kujo.robertdevore.com/course/functions/","","reachable","","retain","true"
"baseline","https://kujo.robertdevore.com/course/collections-and-pipelines/","https://kujo.robertdevore.com/course/collections-and-pipelines/","07 · Collections, pipes, and null handling","HTML anchor","200","https://kujo.robertdevore.com/course/collections-and-pipelines/","","reachable","","retain","true"
"baseline","https://kujo.robertdevore.com/course/collections-and-pipelines/","https://kujo.robertdevore.com/build-1/","◆ Stage build","HTML anchor","200","https://kujo.robertdevore.com/build-1/","","reachable","","retain","true"
"baseline","https://kujo.robertdevore.com/course/collections-and-pipelines/","https://kujo.robertdevore.com/course/scope-and-capture/","08 · Scope, shadowing, and capture","HTML anchor","200","https://kujo.robertdevore.com/course/scope-and-capture/","","reachable","","retain","true"
"baseline","https://kujo.robertdevore.com/course/collections-and-pipelines/","https://kujo.robertdevore.com/course/structs-and-enums/","09 · Structs and enums","HTML anchor","200","https://kujo.robertdevore.com/course/structs-and-enums/","","reachable","","retain","true"
"baseline","https://kujo.robertdevore.com/course/collections-and-pipelines/","https://kujo.robertdevore.com/course/match-result-option/","10 · Match, Result, and Option","HTML anchor","200","https://kujo.robertdevore.com/course/match-result-option/","","reachable","","retain","true"
"baseline","https://kujo.robertdevore.com/course/collections-and-pipelines/","https://kujo.robertdevore.com/course/exceptions/","11 · Exceptions and recoverable errors","HTML anchor","200","https://kujo.robertdevore.com/course/exceptions/","","reachable","","retain","true"
"baseline","https://kujo.robertdevore.com/course/collections-and-pipelines/","https://kujo.robertdevore.com/course/optional-typing/","12 · Optional typing without imaginary guarantees","HTML anchor","200","https://kujo.robertdevore.com/course/optional-typing/","","reachable","","retain","true"
"baseline","https://kujo.robertdevore.com/course/collections-and-pipelines/","https://kujo.robertdevore.com/course/async-and-await/","13 · Async functions and await","HTML anchor","200","https://kujo.robertdevore.com/course/async-and-await/","","reachable","","retain","true"
"baseline","https://kujo.robertdevore.com/course/collections-and-pipelines/","https://kujo.robertdevore.com/course/bounded-concurrency/","14 · Spawn and bounded concurrent work","HTML anchor","200","https://kujo.robertdevore.com/course/bounded-concurrency/","","reachable","","retain","true"
"baseline","https://kujo.robertdevore.com/course/collections-and-pipelines/","https://kujo.robertdevore.com/build-2/","◆ Stage build","HTML anchor","200","https://kujo.robertdevore.com/build-2/","","reachable","","retain","true"
"baseline","https://kujo.robertdevore.com/course/collections-and-pipelines/","https://kujo.robertdevore.com/course/modules/","15 · Modules and explicit exports","HTML anchor","200","https://kujo.robertdevore.com/course/modules/","","reachable","","retain","true"
"baseline","https://kujo.robertdevore.com/course/collections-and-pipelines/","https://kujo.robertdevore.com/course/projects-and-lockfiles/","16 · Projects, packages, and lockfiles","HTML anchor","200","https://kujo.robertdevore.com/course/projects-and-lockfiles/","","reachable","","retain","true"
"baseline","https://kujo.robertdevore.com/course/collections-and-pipelines/","https://kujo.robertdevore.com/course/standard-library/","17 · Finding the standard library contract","HTML anchor","200","https://kujo.robertdevore.com/course/standard-library/","","reachable","","retain","true"
"baseline","https://kujo.robertdevore.com/course/collections-and-pipelines/","https://kujo.robertdevore.com/course/testing/","18 · Testing, fixtures, and runtime evidence","HTML anchor","200","https://kujo.robertdevore.com/course/testing/","","reachable","","retain","true"
"baseline","https://kujo.robertdevore.com/course/collections-and-pipelines/","https://kujo.robertdevore.com/course/machine-contracts/","19 · Diagnostics and machine-readable interfaces","HTML anchor","200","https://kujo.robertdevore.com/course/machine-contracts/","","reachable","","retain","true"
"baseline","https://kujo.robertdevore.com/course/collections-and-pipelines/","https://kujo.robertdevore.com/course/documentation/","20 · Documentation as a build artifact","HTML anchor","200","https://kujo.robertdevore.com/course/documentation/","","reachable","","retain","true"
"baseline","https://kujo.robertdevore.com/course/collections-and-pipelines/","https://kujo.robertdevore.com/course/editor-and-lsp/","21 · Editor integration and the LSP boundary","HTML anchor","200","https://kujo.robertdevore.com/course/editor-and-lsp/","","reachable","","retain","true"
"baseline","https://kujo.robertdevore.com/course/collections-and-pipelines/","https://kujo.robertdevore.com/build-3/","◆ Stage build","HTML anchor","200","https://kujo.robertdevore.com/build-3/","","reachable","","retain","true"
"baseline","https://kujo.robertdevore.com/course/collections-and-pipelines/","https://kujo.robertdevore.com/course/filesystem/","22 · Filesystem automation with bounded paths","HTML anchor","200","https://kujo.robertdevore.com/course/filesystem/","","reachable","","retain","true"
"baseline","https://kujo.robertdevore.com/course/collections-and-pipelines/","https://kujo.robertdevore.com/course/processes/","23 · Processes without unnecessary shells","HTML anchor","200","https://kujo.robertdevore.com/course/processes/","","reachable","","retain","true"
"baseline","https://kujo.robertdevore.com/course/collections-and-pipelines/","https://kujo.robertdevore.com/course/http-and-networking/","24 · HTTP and network boundaries","HTML anchor","200","https://kujo.robertdevore.com/course/http-and-networking/","","reachable","","retain","true"
"baseline","https://kujo.robertdevore.com/course/collections-and-pipelines/","https://kujo.robertdevore.com/course/data-and-persistence/","25 · Structured data and local persistence","HTML anchor","200","https://kujo.robertdevore.com/course/data-and-persistence/","","reachable","","retain","true"
"baseline","https://kujo.robertdevore.com/course/collections-and-pipelines/","https://kujo.robertdevore.com/course/capability-security/","26 · Trusted execution and minimum authority","HTML anchor","200","https://kujo.robertdevore.com/course/capability-security/","","reachable","","retain","true"
"baseline","https://kujo.robertdevore.com/course/collections-and-pipelines/","https://kujo.robertdevore.com/course/secret-boundaries/","27 · Secrets, redaction, and endpoint policy","HTML anchor","200","https://kujo.robertdevore.com/course/secret-boundaries/","","reachable","","retain","true"
"baseline","https://kujo.robertdevore.com/course/collections-and-pipelines/","https://kujo.robertdevore.com/build-4/","◆ Stage build","HTML anchor","200","https://kujo.robertdevore.com/build-4/","","reachable","","retain","true"
"baseline","https://kujo.robertdevore.com/course/collections-and-pipelines/","https://kujo.robertdevore.com/course/ai-effects-and-messages/","28 · AI effects and portable messages","HTML anchor","200","https://kujo.robertdevore.com/course/ai-effects-and-messages/","","reachable","","retain","true"
"baseline","https://kujo.robertdevore.com/course/collections-and-pipelines/","https://kujo.robertdevore.com/course/request-identity/","29 · Deterministic request identity","HTML anchor","200","https://kujo.robertdevore.com/course/request-identity/","","reachable","","retain","true"
"baseline","https://kujo.robertdevore.com/course/collections-and-pipelines/","https://kujo.robertdevore.com/course/record-and-replay/","30 · Record, replay, and offline evidence","HTML anchor","200","https://kujo.robertdevore.com/course/record-and-replay/","","reachable","","retain","true"
"baseline","https://kujo.robertdevore.com/course/collections-and-pipelines/","https://kujo.robertdevore.com/course/streaming/","31 · Streaming and cancellation","HTML anchor","200","https://kujo.robertdevore.com/course/streaming/","","reachable","","retain","true"
"baseline","https://kujo.robertdevore.com/course/collections-and-pipelines/","https://kujo.robertdevore.com/course/structured-outputs/","32 · Structured outputs and schema validation","HTML anchor","200","https://kujo.robertdevore.com/course/structured-outputs/","","reachable","","retain","true"
"baseline","https://kujo.robertdevore.com/course/collections-and-pipelines/","https://kujo.robertdevore.com/course/context-and-vectors/","33 · Context budgets, embeddings, and vectors","HTML anchor","200","https://kujo.robertdevore.com/course/context-and-vectors/","","reachable","","retain","true"
"baseline","https://kujo.robertdevore.com/course/collections-and-pipelines/","https://kujo.robertdevore.com/course/tool-loops/","34 · Bounded AI tool loops","HTML anchor","200","https://kujo.robertdevore.com/course/tool-loops/","","reachable","","retain","true"
"baseline","https://kujo.robertdevore.com/course/collections-and-pipelines/","https://kujo.robertdevore.com/build-5/","◆ Stage build","HTML anchor","200","https://kujo.robertdevore.com/build-5/","","reachable","","retain","true"
"baseline","https://kujo.robertdevore.com/course/collections-and-pipelines/","https://kujo.robertdevore.com/course/mechanism-and-policy/","35 · Mechanism versus policy","HTML anchor","200","https://kujo.robertdevore.com/course/mechanism-and-policy/","","reachable","","retain","true"
"baseline","https://kujo.robertdevore.com/course/collections-and-pipelines/","https://kujo.robertdevore.com/course/loop-engineering/","36 · Loop Engineering, specs, and stop conditions","HTML anchor","200","https://kujo.robertdevore.com/course/loop-engineering/","","reachable","","retain","true"
"baseline","https://kujo.robertdevore.com/course/collections-and-pipelines/","https://kujo.robertdevore.com/course/evaluation/","37 · Evaluation independent of generation","HTML anchor","200","https://kujo.robertdevore.com/course/evaluation/","","reachable","","retain","true"
"baseline","https://kujo.robertdevore.com/course/collections-and-pipelines/","https://kujo.robertdevore.com/course/evidence-and-handoffs/","38 · Evidence, run records, and work boundaries","HTML anchor","200","https://kujo.robertdevore.com/course/evidence-and-handoffs/","","reachable","","retain","true"
"baseline","https://kujo.robertdevore.com/course/collections-and-pipelines/","https://kujo.robertdevore.com/course/isolation-and-observability/","39 · Isolation, observability, and watchdogs","HTML anchor","200","https://kujo.robertdevore.com/course/isolation-and-observability/","","reachable","","retain","true"
"baseline","https://kujo.robertdevore.com/course/collections-and-pipelines/","https://kujo.robertdevore.com/course/mcp-interoperability/","40 · MCP and external tool interoperability","HTML anchor","200","https://kujo.robertdevore.com/course/mcp-interoperability/","","reachable","","retain","true"
"baseline","https://kujo.robertdevore.com/course/collections-and-pipelines/","https://kujo.robertdevore.com/build-6/","◆ Stage build","HTML anchor","200","https://kujo.robertdevore.com/build-6/","","reachable","","retain","true"
"baseline","https://kujo.robertdevore.com/course/collections-and-pipelines/","https://kujo.robertdevore.com/capstone/","◆ Final capstone","HTML anchor","200","https://kujo.robertdevore.com/capstone/","","reachable","","retain","true"
"baseline","https://kujo.robertdevore.com/course/collections-and-pipelines/","https://kujo.robertdevore.com/course/","Full curriculum →","HTML anchor","200","https://kujo.robertdevore.com/course/","","reachable","","retain","true"
"baseline","https://kujo.robertdevore.com/course/collections-and-pipelines/","https://kujo.robertdevore.com/examples/07.kujo","Download example","HTML anchor","200","https://kujo.robertdevore.com/examples/07.kujo","","reachable","","retain","true"
"baseline","https://kujo.robertdevore.com/course/collections-and-pipelines/","https://kujo.robertdevore.com/course/functions/","← Functions, callbacks, and return values","HTML anchor","200","https://kujo.robertdevore.com/course/functions/","","reachable","","retain","true"
"baseline","https://kujo.robertdevore.com/course/collections-and-pipelines/","https://kujo.robertdevore.com/course/scope-and-capture/","Scope, shadowing, and capture →","HTML anchor","200","https://kujo.robertdevore.com/course/scope-and-capture/","","reachable","","retain","true"
"baseline","https://kujo.robertdevore.com/course/collections-and-pipelines/","https://kujo.robertdevore.com/build-1/","Complete this stage’s build →","HTML anchor","200","https://kujo.robertdevore.com/build-1/","","reachable","","retain","true"
"baseline","https://kujo.robertdevore.com/course/collections-and-pipelines/","https://kujo.robertdevore.com/","K_ KUJO COURSE","HTML anchor","200","https://kujo.robertdevore.com/","","reachable","","retain","true"
"baseline","https://kujo.robertdevore.com/course/collections-and-pipelines/","https://kujo.robertdevore.com/about/","About","HTML anchor","200","https://kujo.robertdevore.com/about/","","reachable","","retain","true"
"baseline","https://kujo.robertdevore.com/course/collections-and-pipelines/","https://kujo.robertdevore.com/sitemap.xml","Sitemap","HTML anchor","200","https://kujo.robertdevore.com/sitemap.xml","","reachable","","retain","true"
"baseline","https://kujo.robertdevore.com/course/scope-and-capture/","https://kujo.robertdevore.com/course/scope-and-capture/#main","Skip to content","HTML anchor","200","https://kujo.robertdevore.com/course/scope-and-capture/","","reachable","","retain","true"
"baseline","https://kujo.robertdevore.com/course/scope-and-capture/","https://kujo.robertdevore.com/","K_ KUJO THE COURSE","HTML anchor","200","https://kujo.robertdevore.com/","","reachable","","retain","true"
"baseline","https://kujo.robertdevore.com/course/scope-and-capture/","https://kujo.robertdevore.com/course/","Curriculum","HTML anchor","200","https://kujo.robertdevore.com/course/","","reachable","","retain","true"
"baseline","https://kujo.robertdevore.com/course/scope-and-capture/","https://kujo.robertdevore.com/explorer/","Examples","HTML anchor","200","https://kujo.robertdevore.com/explorer/","","reachable","","retain","true"
"baseline","https://kujo.robertdevore.com/course/scope-and-capture/","https://kujo.robertdevore.com/evidence/","Evidence","HTML anchor","200","https://kujo.robertdevore.com/evidence/","","reachable","","retain","true"
"baseline","https://kujo.robertdevore.com/course/scope-and-capture/","https://kujo.robertdevore.com/course/what-is-kujo/","01 · What Kujo is","HTML anchor","200","https://kujo.robertdevore.com/course/what-is-kujo/","","reachable","","retain","true"
"baseline","https://kujo.robertdevore.com/course/scope-and-capture/","https://kujo.robertdevore.com/course/setup-and-cli/","02 · Installation, CLI, and your first program","HTML anchor","200","https://kujo.robertdevore.com/course/setup-and-cli/","","reachable","","retain","true"
"baseline","https://kujo.robertdevore.com/course/scope-and-capture/","https://kujo.robertdevore.com/course/bindings-and-mutability/","03 · Bindings, values, and mutability","HTML anchor","200","https://kujo.robertdevore.com/course/bindings-and-mutability/","","reachable","","retain","true"
"baseline","https://kujo.robertdevore.com/course/scope-and-capture/","https://kujo.robertdevore.com/course/values-and-truthiness/","04 · Values, operators, and truthiness","HTML anchor","200","https://kujo.robertdevore.com/course/values-and-truthiness/","","reachable","","retain","true"
"baseline","https://kujo.robertdevore.com/course/scope-and-capture/","https://kujo.robertdevore.com/course/control-flow/","05 · Control flow and block scopes","HTML anchor","200","https://kujo.robertdevore.com/course/control-flow/","","reachable","","retain","true"
"baseline","https://kujo.robertdevore.com/course/scope-and-capture/","https://kujo.robertdevore.com/course/functions/","06 · Functions, callbacks, and return values","HTML anchor","200","https://kujo.robertdevore.com/course/functions/","","reachable","","retain","true"
"baseline","https://kujo.robertdevore.com/course/scope-and-capture/","https://kujo.robertdevore.com/course/collections-and-pipelines/","07 · Collections, pipes, and null handling","HTML anchor","200","https://kujo.robertdevore.com/course/collections-and-pipelines/","","reachable","","retain","true"
"baseline","https://kujo.robertdevore.com/course/scope-and-capture/","https://kujo.robertdevore.com/build-1/","◆ Stage build","HTML anchor","200","https://kujo.robertdevore.com/build-1/","","reachable","","retain","true"
"baseline","https://kujo.robertdevore.com/course/scope-and-capture/","https://kujo.robertdevore.com/course/scope-and-capture/","08 · Scope, shadowing, and capture","HTML anchor","200","https://kujo.robertdevore.com/course/scope-and-capture/","","reachable","","retain","true"
"baseline","https://kujo.robertdevore.com/course/scope-and-capture/","https://kujo.robertdevore.com/course/structs-and-enums/","09 · Structs and enums","HTML anchor","200","https://kujo.robertdevore.com/course/structs-and-enums/","","reachable","","retain","true"
"baseline","https://kujo.robertdevore.com/course/scope-and-capture/","https://kujo.robertdevore.com/course/match-result-option/","10 · Match, Result, and Option","HTML anchor","200","https://kujo.robertdevore.com/course/match-result-option/","","reachable","","retain","true"
"baseline","https://kujo.robertdevore.com/course/scope-and-capture/","https://kujo.robertdevore.com/course/exceptions/","11 · Exceptions and recoverable errors","HTML anchor","200","https://kujo.robertdevore.com/course/exceptions/","","reachable","","retain","true"
"baseline","https://kujo.robertdevore.com/course/scope-and-capture/","https://kujo.robertdevore.com/course/optional-typing/","12 · Optional typing without imaginary guarantees","HTML anchor","200","https://kujo.robertdevore.com/course/optional-typing/","","reachable","","retain","true"
"baseline","https://kujo.robertdevore.com/course/scope-and-capture/","https://kujo.robertdevore.com/course/async-and-await/","13 · Async functions and await","HTML anchor","200","https://kujo.robertdevore.com/course/async-and-await/","","reachable","","retain","true"
"baseline","https://kujo.robertdevore.com/course/scope-and-capture/","https://kujo.robertdevore.com/course/bounded-concurrency/","14 · Spawn and bounded concurrent work","HTML anchor","200","https://kujo.robertdevore.com/course/bounded-concurrency/","","reachable","","retain","true"
"baseline","https://kujo.robertdevore.com/course/scope-and-capture/","https://kujo.robertdevore.com/build-2/","◆ Stage build","HTML anchor","200","https://kujo.robertdevore.com/build-2/","","reachable","","retain","true"
"baseline","https://kujo.robertdevore.com/course/scope-and-capture/","https://kujo.robertdevore.com/course/modules/","15 · Modules and explicit exports","HTML anchor","200","https://kujo.robertdevore.com/course/modules/","","reachable","","retain","true"
"baseline","https://kujo.robertdevore.com/course/scope-and-capture/","https://kujo.robertdevore.com/course/projects-and-lockfiles/","16 · Projects, packages, and lockfiles","HTML anchor","200","https://kujo.robertdevore.com/course/projects-and-lockfiles/","","reachable","","retain","true"
"baseline","https://kujo.robertdevore.com/course/scope-and-capture/","https://kujo.robertdevore.com/course/standard-library/","17 · Finding the standard library contract","HTML anchor","200","https://kujo.robertdevore.com/course/standard-library/","","reachable","","retain","true"
"baseline","https://kujo.robertdevore.com/course/scope-and-capture/","https://kujo.robertdevore.com/course/testing/","18 · Testing, fixtures, and runtime evidence","HTML anchor","200","https://kujo.robertdevore.com/course/testing/","","reachable","","retain","true"
"baseline","https://kujo.robertdevore.com/course/scope-and-capture/","https://kujo.robertdevore.com/course/machine-contracts/","19 · Diagnostics and machine-readable interfaces","HTML anchor","200","https://kujo.robertdevore.com/course/machine-contracts/","","reachable","","retain","true"
"baseline","https://kujo.robertdevore.com/course/scope-and-capture/","https://kujo.robertdevore.com/course/documentation/","20 · Documentation as a build artifact","HTML anchor","200","https://kujo.robertdevore.com/course/documentation/","","reachable","","retain","true"
"baseline","https://kujo.robertdevore.com/course/scope-and-capture/","https://kujo.robertdevore.com/course/editor-and-lsp/","21 · Editor integration and the LSP boundary","HTML anchor","200","https://kujo.robertdevore.com/course/editor-and-lsp/","","reachable","","retain","true"
"baseline","https://kujo.robertdevore.com/course/scope-and-capture/","https://kujo.robertdevore.com/build-3/","◆ Stage build","HTML anchor","200","https://kujo.robertdevore.com/build-3/","","reachable","","retain","true"
"baseline","https://kujo.robertdevore.com/course/scope-and-capture/","https://kujo.robertdevore.com/course/filesystem/","22 · Filesystem automation with bounded paths","HTML anchor","200","https://kujo.robertdevore.com/course/filesystem/","","reachable","","retain","true"
"baseline","https://kujo.robertdevore.com/course/scope-and-capture/","https://kujo.robertdevore.com/course/processes/","23 · Processes without unnecessary shells","HTML anchor","200","https://kujo.robertdevore.com/course/processes/","","reachable","","retain","true"
"baseline","https://kujo.robertdevore.com/course/scope-and-capture/","https://kujo.robertdevore.com/course/http-and-networking/","24 · HTTP and network boundaries","HTML anchor","200","https://kujo.robertdevore.com/course/http-and-networking/","","reachable","","retain","true"
"baseline","https://kujo.robertdevore.com/course/scope-and-capture/","https://kujo.robertdevore.com/course/data-and-persistence/","25 · Structured data and local persistence","HTML anchor","200","https://kujo.robertdevore.com/course/data-and-persistence/","","reachable","","retain","true"
"baseline","https://kujo.robertdevore.com/course/scope-and-capture/","https://kujo.robertdevore.com/course/capability-security/","26 · Trusted execution and minimum authority","HTML anchor","200","https://kujo.robertdevore.com/course/capability-security/","","reachable","","retain","true"
"baseline","https://kujo.robertdevore.com/course/scope-and-capture/","https://kujo.robertdevore.com/course/secret-boundaries/","27 · Secrets, redaction, and endpoint policy","HTML anchor","200","https://kujo.robertdevore.com/course/secret-boundaries/","","reachable","","retain","true"
"baseline","https://kujo.robertdevore.com/course/scope-and-capture/","https://kujo.robertdevore.com/build-4/","◆ Stage build","HTML anchor","200","https://kujo.robertdevore.com/build-4/","","reachable","","retain","true"
"baseline","https://kujo.robertdevore.com/course/scope-and-capture/","https://kujo.robertdevore.com/course/ai-effects-and-messages/","28 · AI effects and portable messages","HTML anchor","200","https://kujo.robertdevore.com/course/ai-effects-and-messages/","","reachable","","retain","true"
"baseline","https://kujo.robertdevore.com/course/scope-and-capture/","https://kujo.robertdevore.com/course/request-identity/","29 · Deterministic request identity","HTML anchor","200","https://kujo.robertdevore.com/course/request-identity/","","reachable","","retain","true"
"baseline","https://kujo.robertdevore.com/course/scope-and-capture/","https://kujo.robertdevore.com/course/record-and-replay/","30 · Record, replay, and offline evidence","HTML anchor","200","https://kujo.robertdevore.com/course/record-and-replay/","","reachable","","retain","true"
"baseline","https://kujo.robertdevore.com/course/scope-and-capture/","https://kujo.robertdevore.com/course/streaming/","31 · Streaming and cancellation","HTML anchor","200","https://kujo.robertdevore.com/course/streaming/","","reachable","","retain","true"
"baseline","https://kujo.robertdevore.com/course/scope-and-capture/","https://kujo.robertdevore.com/course/structured-outputs/","32 · Structured outputs and schema validation","HTML anchor","200","https://kujo.robertdevore.com/course/structured-outputs/","","reachable","","retain","true"
"baseline","https://kujo.robertdevore.com/course/scope-and-capture/","https://kujo.robertdevore.com/course/context-and-vectors/","33 · Context budgets, embeddings, and vectors","HTML anchor","200","https://kujo.robertdevore.com/course/context-and-vectors/","","reachable","","retain","true"
"baseline","https://kujo.robertdevore.com/course/scope-and-capture/","https://kujo.robertdevore.com/course/tool-loops/","34 · Bounded AI tool loops","HTML anchor","200","https://kujo.robertdevore.com/course/tool-loops/","","reachable","","retain","true"
"baseline","https://kujo.robertdevore.com/course/scope-and-capture/","https://kujo.robertdevore.com/build-5/","◆ Stage build","HTML anchor","200","https://kujo.robertdevore.com/build-5/","","reachable","","retain","true"
"baseline","https://kujo.robertdevore.com/course/scope-and-capture/","https://kujo.robertdevore.com/course/mechanism-and-policy/","35 · Mechanism versus policy","HTML anchor","200","https://kujo.robertdevore.com/course/mechanism-and-policy/","","reachable","","retain","true"
"baseline","https://kujo.robertdevore.com/course/scope-and-capture/","https://kujo.robertdevore.com/course/loop-engineering/","36 · Loop Engineering, specs, and stop conditions","HTML anchor","200","https://kujo.robertdevore.com/course/loop-engineering/","","reachable","","retain","true"
"baseline","https://kujo.robertdevore.com/course/scope-and-capture/","https://kujo.robertdevore.com/course/evaluation/","37 · Evaluation independent of generation","HTML anchor","200","https://kujo.robertdevore.com/course/evaluation/","","reachable","","retain","true"
"baseline","https://kujo.robertdevore.com/course/scope-and-capture/","https://kujo.robertdevore.com/course/evidence-and-handoffs/","38 · Evidence, run records, and work boundaries","HTML anchor","200","https://kujo.robertdevore.com/course/evidence-and-handoffs/","","reachable","","retain","true"
"baseline","https://kujo.robertdevore.com/course/scope-and-capture/","https://kujo.robertdevore.com/course/isolation-and-observability/","39 · Isolation, observability, and watchdogs","HTML anchor","200","https://kujo.robertdevore.com/course/isolation-and-observability/","","reachable","","retain","true"
"baseline","https://kujo.robertdevore.com/course/scope-and-capture/","https://kujo.robertdevore.com/course/mcp-interoperability/","40 · MCP and external tool interoperability","HTML anchor","200","https://kujo.robertdevore.com/course/mcp-interoperability/","","reachable","","retain","true"
"baseline","https://kujo.robertdevore.com/course/scope-and-capture/","https://kujo.robertdevore.com/build-6/","◆ Stage build","HTML anchor","200","https://kujo.robertdevore.com/build-6/","","reachable","","retain","true"
"baseline","https://kujo.robertdevore.com/course/scope-and-capture/","https://kujo.robertdevore.com/capstone/","◆ Final capstone","HTML anchor","200","https://kujo.robertdevore.com/capstone/","","reachable","","retain","true"
"baseline","https://kujo.robertdevore.com/course/scope-and-capture/","https://kujo.robertdevore.com/course/","Full curriculum →","HTML anchor","200","https://kujo.robertdevore.com/course/","","reachable","","retain","true"
"baseline","https://kujo.robertdevore.com/course/scope-and-capture/","https://kujo.robertdevore.com/evidence/","evidence ledger","HTML anchor","200","https://kujo.robertdevore.com/evidence/","","reachable","","retain","true"
"baseline","https://kujo.robertdevore.com/course/scope-and-capture/","https://kujo.robertdevore.com/examples/08.kujo","Download example","HTML anchor","200","https://kujo.robertdevore.com/examples/08.kujo","","reachable","","retain","true"
"baseline","https://kujo.robertdevore.com/course/scope-and-capture/","https://kujo.robertdevore.com/course/collections-and-pipelines/","← Collections, pipes, and null handling","HTML anchor","200","https://kujo.robertdevore.com/course/collections-and-pipelines/","","reachable","","retain","true"
"baseline","https://kujo.robertdevore.com/course/scope-and-capture/","https://kujo.robertdevore.com/course/structs-and-enums/","Structs and enums →","HTML anchor","200","https://kujo.robertdevore.com/course/structs-and-enums/","","reachable","","retain","true"
"baseline","https://kujo.robertdevore.com/course/scope-and-capture/","https://kujo.robertdevore.com/","K_ KUJO COURSE","HTML anchor","200","https://kujo.robertdevore.com/","","reachable","","retain","true"
"baseline","https://kujo.robertdevore.com/course/scope-and-capture/","https://kujo.robertdevore.com/about/","About","HTML anchor","200","https://kujo.robertdevore.com/about/","","reachable","","retain","true"
"baseline","https://kujo.robertdevore.com/course/scope-and-capture/","https://kujo.robertdevore.com/sitemap.xml","Sitemap","HTML anchor","200","https://kujo.robertdevore.com/sitemap.xml","","reachable","","retain","true"
"baseline","https://kujo.robertdevore.com/course/structs-and-enums/","https://kujo.robertdevore.com/course/structs-and-enums/#main","Skip to content","HTML anchor","200","https://kujo.robertdevore.com/course/structs-and-enums/","","reachable","","retain","true"
"baseline","https://kujo.robertdevore.com/course/structs-and-enums/","https://kujo.robertdevore.com/","K_ KUJO THE COURSE","HTML anchor","200","https://kujo.robertdevore.com/","","reachable","","retain","true"
"baseline","https://kujo.robertdevore.com/course/structs-and-enums/","https://kujo.robertdevore.com/course/","Curriculum","HTML anchor","200","https://kujo.robertdevore.com/course/","","reachable","","retain","true"
"baseline","https://kujo.robertdevore.com/course/structs-and-enums/","https://kujo.robertdevore.com/explorer/","Examples","HTML anchor","200","https://kujo.robertdevore.com/explorer/","","reachable","","retain","true"
"baseline","https://kujo.robertdevore.com/course/structs-and-enums/","https://kujo.robertdevore.com/evidence/","Evidence","HTML anchor","200","https://kujo.robertdevore.com/evidence/","","reachable","","retain","true"
"baseline","https://kujo.robertdevore.com/course/structs-and-enums/","https://kujo.robertdevore.com/course/what-is-kujo/","01 · What Kujo is","HTML anchor","200","https://kujo.robertdevore.com/course/what-is-kujo/","","reachable","","retain","true"
"baseline","https://kujo.robertdevore.com/course/structs-and-enums/","https://kujo.robertdevore.com/course/setup-and-cli/","02 · Installation, CLI, and your first program","HTML anchor","200","https://kujo.robertdevore.com/course/setup-and-cli/","","reachable","","retain","true"
"baseline","https://kujo.robertdevore.com/course/structs-and-enums/","https://kujo.robertdevore.com/course/bindings-and-mutability/","03 · Bindings, values, and mutability","HTML anchor","200","https://kujo.robertdevore.com/course/bindings-and-mutability/","","reachable","","retain","true"
"baseline","https://kujo.robertdevore.com/course/structs-and-enums/","https://kujo.robertdevore.com/course/values-and-truthiness/","04 · Values, operators, and truthiness","HTML anchor","200","https://kujo.robertdevore.com/course/values-and-truthiness/","","reachable","","retain","true"
"baseline","https://kujo.robertdevore.com/course/structs-and-enums/","https://kujo.robertdevore.com/course/control-flow/","05 · Control flow and block scopes","HTML anchor","200","https://kujo.robertdevore.com/course/control-flow/","","reachable","","retain","true"
"baseline","https://kujo.robertdevore.com/course/structs-and-enums/","https://kujo.robertdevore.com/course/functions/","06 · Functions, callbacks, and return values","HTML anchor","200","https://kujo.robertdevore.com/course/functions/","","reachable","","retain","true"
"baseline","https://kujo.robertdevore.com/course/structs-and-enums/","https://kujo.robertdevore.com/course/collections-and-pipelines/","07 · Collections, pipes, and null handling","HTML anchor","200","https://kujo.robertdevore.com/course/collections-and-pipelines/","","reachable","","retain","true"
"baseline","https://kujo.robertdevore.com/course/structs-and-enums/","https://kujo.robertdevore.com/build-1/","◆ Stage build","HTML anchor","200","https://kujo.robertdevore.com/build-1/","","reachable","","retain","true"
"baseline","https://kujo.robertdevore.com/course/structs-and-enums/","https://kujo.robertdevore.com/course/scope-and-capture/","08 · Scope, shadowing, and capture","HTML anchor","200","https://kujo.robertdevore.com/course/scope-and-capture/","","reachable","","retain","true"
"baseline","https://kujo.robertdevore.com/course/structs-and-enums/","https://kujo.robertdevore.com/course/structs-and-enums/","09 · Structs and enums","HTML anchor","200","https://kujo.robertdevore.com/course/structs-and-enums/","","reachable","","retain","true"
"baseline","https://kujo.robertdevore.com/course/structs-and-enums/","https://kujo.robertdevore.com/course/match-result-option/","10 · Match, Result, and Option","HTML anchor","200","https://kujo.robertdevore.com/course/match-result-option/","","reachable","","retain","true"
"baseline","https://kujo.robertdevore.com/course/structs-and-enums/","https://kujo.robertdevore.com/course/exceptions/","11 · Exceptions and recoverable errors","HTML anchor","200","https://kujo.robertdevore.com/course/exceptions/","","reachable","","retain","true"
"baseline","https://kujo.robertdevore.com/course/structs-and-enums/","https://kujo.robertdevore.com/course/optional-typing/","12 · Optional typing without imaginary guarantees","HTML anchor","200","https://kujo.robertdevore.com/course/optional-typing/","","reachable","","retain","true"
"baseline","https://kujo.robertdevore.com/course/structs-and-enums/","https://kujo.robertdevore.com/course/async-and-await/","13 · Async functions and await","HTML anchor","200","https://kujo.robertdevore.com/course/async-and-await/","","reachable","","retain","true"
"baseline","https://kujo.robertdevore.com/course/structs-and-enums/","https://kujo.robertdevore.com/course/bounded-concurrency/","14 · Spawn and bounded concurrent work","HTML anchor","200","https://kujo.robertdevore.com/course/bounded-concurrency/","","reachable","","retain","true"
"baseline","https://kujo.robertdevore.com/course/structs-and-enums/","https://kujo.robertdevore.com/build-2/","◆ Stage build","HTML anchor","200","https://kujo.robertdevore.com/build-2/","","reachable","","retain","true"
"baseline","https://kujo.robertdevore.com/course/structs-and-enums/","https://kujo.robertdevore.com/course/modules/","15 · Modules and explicit exports","HTML anchor","200","https://kujo.robertdevore.com/course/modules/","","reachable","","retain","true"
"baseline","https://kujo.robertdevore.com/course/structs-and-enums/","https://kujo.robertdevore.com/course/projects-and-lockfiles/","16 · Projects, packages, and lockfiles","HTML anchor","200","https://kujo.robertdevore.com/course/projects-and-lockfiles/","","reachable","","retain","true"
"baseline","https://kujo.robertdevore.com/course/structs-and-enums/","https://kujo.robertdevore.com/course/standard-library/","17 · Finding the standard library contract","HTML anchor","200","https://kujo.robertdevore.com/course/standard-library/","","reachable","","retain","true"
"baseline","https://kujo.robertdevore.com/course/structs-and-enums/","https://kujo.robertdevore.com/course/testing/","18 · Testing, fixtures, and runtime evidence","HTML anchor","200","https://kujo.robertdevore.com/course/testing/","","reachable","","retain","true"
"baseline","https://kujo.robertdevore.com/course/structs-and-enums/","https://kujo.robertdevore.com/course/machine-contracts/","19 · Diagnostics and machine-readable interfaces","HTML anchor","200","https://kujo.robertdevore.com/course/machine-contracts/","","reachable","","retain","true"
"baseline","https://kujo.robertdevore.com/course/structs-and-enums/","https://kujo.robertdevore.com/course/documentation/","20 · Documentation as a build artifact","HTML anchor","200","https://kujo.robertdevore.com/course/documentation/","","reachable","","retain","true"
"baseline","https://kujo.robertdevore.com/course/structs-and-enums/","https://kujo.robertdevore.com/course/editor-and-lsp/","21 · Editor integration and the LSP boundary","HTML anchor","200","https://kujo.robertdevore.com/course/editor-and-lsp/","","reachable","","retain","true"
"baseline","https://kujo.robertdevore.com/course/structs-and-enums/","https://kujo.robertdevore.com/build-3/","◆ Stage build","HTML anchor","200","https://kujo.robertdevore.com/build-3/","","reachable","","retain","true"
"baseline","https://kujo.robertdevore.com/course/structs-and-enums/","https://kujo.robertdevore.com/course/filesystem/","22 · Filesystem automation with bounded paths","HTML anchor","200","https://kujo.robertdevore.com/course/filesystem/","","reachable","","retain","true"
"baseline","https://kujo.robertdevore.com/course/structs-and-enums/","https://kujo.robertdevore.com/course/processes/","23 · Processes without unnecessary shells","HTML anchor","200","https://kujo.robertdevore.com/course/processes/","","reachable","","retain","true"
"baseline","https://kujo.robertdevore.com/course/structs-and-enums/","https://kujo.robertdevore.com/course/http-and-networking/","24 · HTTP and network boundaries","HTML anchor","200","https://kujo.robertdevore.com/course/http-and-networking/","","reachable","","retain","true"
"baseline","https://kujo.robertdevore.com/course/structs-and-enums/","https://kujo.robertdevore.com/course/data-and-persistence/","25 · Structured data and local persistence","HTML anchor","200","https://kujo.robertdevore.com/course/data-and-persistence/","","reachable","","retain","true"
"baseline","https://kujo.robertdevore.com/course/structs-and-enums/","https://kujo.robertdevore.com/course/capability-security/","26 · Trusted execution and minimum authority","HTML anchor","200","https://kujo.robertdevore.com/course/capability-security/","","reachable","","retain","true"
"baseline","https://kujo.robertdevore.com/course/structs-and-enums/","https://kujo.robertdevore.com/course/secret-boundaries/","27 · Secrets, redaction, and endpoint policy","HTML anchor","200","https://kujo.robertdevore.com/course/secret-boundaries/","","reachable","","retain","true"
"baseline","https://kujo.robertdevore.com/course/structs-and-enums/","https://kujo.robertdevore.com/build-4/","◆ Stage build","HTML anchor","200","https://kujo.robertdevore.com/build-4/","","reachable","","retain","true"
"baseline","https://kujo.robertdevore.com/course/structs-and-enums/","https://kujo.robertdevore.com/course/ai-effects-and-messages/","28 · AI effects and portable messages","HTML anchor","200","https://kujo.robertdevore.com/course/ai-effects-and-messages/","","reachable","","retain","true"
"baseline","https://kujo.robertdevore.com/course/structs-and-enums/","https://kujo.robertdevore.com/course/request-identity/","29 · Deterministic request identity","HTML anchor","200","https://kujo.robertdevore.com/course/request-identity/","","reachable","","retain","true"
"baseline","https://kujo.robertdevore.com/course/structs-and-enums/","https://kujo.robertdevore.com/course/record-and-replay/","30 · Record, replay, and offline evidence","HTML anchor","200","https://kujo.robertdevore.com/course/record-and-replay/","","reachable","","retain","true"
"baseline","https://kujo.robertdevore.com/course/structs-and-enums/","https://kujo.robertdevore.com/course/streaming/","31 · Streaming and cancellation","HTML anchor","200","https://kujo.robertdevore.com/course/streaming/","","reachable","","retain","true"
"baseline","https://kujo.robertdevore.com/course/structs-and-enums/","https://kujo.robertdevore.com/course/structured-outputs/","32 · Structured outputs and schema validation","HTML anchor","200","https://kujo.robertdevore.com/course/structured-outputs/","","reachable","","retain","true"
"baseline","https://kujo.robertdevore.com/course/structs-and-enums/","https://kujo.robertdevore.com/course/context-and-vectors/","33 · Context budgets, embeddings, and vectors","HTML anchor","200","https://kujo.robertdevore.com/course/context-and-vectors/","","reachable","","retain","true"
"baseline","https://kujo.robertdevore.com/course/structs-and-enums/","https://kujo.robertdevore.com/course/tool-loops/","34 · Bounded AI tool loops","HTML anchor","200","https://kujo.robertdevore.com/course/tool-loops/","","reachable","","retain","true"
"baseline","https://kujo.robertdevore.com/course/structs-and-enums/","https://kujo.robertdevore.com/build-5/","◆ Stage build","HTML anchor","200","https://kujo.robertdevore.com/build-5/","","reachable","","retain","true"
"baseline","https://kujo.robertdevore.com/course/structs-and-enums/","https://kujo.robertdevore.com/course/mechanism-and-policy/","35 · Mechanism versus policy","HTML anchor","200","https://kujo.robertdevore.com/course/mechanism-and-policy/","","reachable","","retain","true"
"baseline","https://kujo.robertdevore.com/course/structs-and-enums/","https://kujo.robertdevore.com/course/loop-engineering/","36 · Loop Engineering, specs, and stop conditions","HTML anchor","200","https://kujo.robertdevore.com/course/loop-engineering/","","reachable","","retain","true"
"baseline","https://kujo.robertdevore.com/course/structs-and-enums/","https://kujo.robertdevore.com/course/evaluation/","37 · Evaluation independent of generation","HTML anchor","200","https://kujo.robertdevore.com/course/evaluation/","","reachable","","retain","true"
"baseline","https://kujo.robertdevore.com/course/structs-and-enums/","https://kujo.robertdevore.com/course/evidence-and-handoffs/","38 · Evidence, run records, and work boundaries","HTML anchor","200","https://kujo.robertdevore.com/course/evidence-and-handoffs/","","reachable","","retain","true"
"baseline","https://kujo.robertdevore.com/course/structs-and-enums/","https://kujo.robertdevore.com/course/isolation-and-observability/","39 · Isolation, observability, and watchdogs","HTML anchor","200","https://kujo.robertdevore.com/course/isolation-and-observability/","","reachable","","retain","true"
"baseline","https://kujo.robertdevore.com/course/structs-and-enums/","https://kujo.robertdevore.com/course/mcp-interoperability/","40 · MCP and external tool interoperability","HTML anchor","200","https://kujo.robertdevore.com/course/mcp-interoperability/","","reachable","","retain","true"
"baseline","https://kujo.robertdevore.com/course/structs-and-enums/","https://kujo.robertdevore.com/build-6/","◆ Stage build","HTML anchor","200","https://kujo.robertdevore.com/build-6/","","reachable","","retain","true"
"baseline","https://kujo.robertdevore.com/course/structs-and-enums/","https://kujo.robertdevore.com/capstone/","◆ Final capstone","HTML anchor","200","https://kujo.robertdevore.com/capstone/","","reachable","","retain","true"
"baseline","https://kujo.robertdevore.com/course/structs-and-enums/","https://kujo.robertdevore.com/course/","Full curriculum →","HTML anchor","200","https://kujo.robertdevore.com/course/","","reachable","","retain","true"
"baseline","https://kujo.robertdevore.com/course/structs-and-enums/","https://kujo.robertdevore.com/evidence/","the evidence ledger","HTML anchor","200","https://kujo.robertdevore.com/evidence/","","reachable","","retain","true"
"baseline","https://kujo.robertdevore.com/course/structs-and-enums/","https://kujo.robertdevore.com/examples/09.kujo","Download example","HTML anchor","200","https://kujo.robertdevore.com/examples/09.kujo","","reachable","","retain","true"
"baseline","https://kujo.robertdevore.com/course/structs-and-enums/","https://kujo.robertdevore.com/course/scope-and-capture/","← Scope, shadowing, and capture","HTML anchor","200","https://kujo.robertdevore.com/course/scope-and-capture/","","reachable","","retain","true"
"baseline","https://kujo.robertdevore.com/course/structs-and-enums/","https://kujo.robertdevore.com/course/match-result-option/","Match, Result, and Option →","HTML anchor","200","https://kujo.robertdevore.com/course/match-result-option/","","reachable","","retain","true"
"baseline","https://kujo.robertdevore.com/course/structs-and-enums/","https://kujo.robertdevore.com/","K_ KUJO COURSE","HTML anchor","200","https://kujo.robertdevore.com/","","reachable","","retain","true"
"baseline","https://kujo.robertdevore.com/course/structs-and-enums/","https://kujo.robertdevore.com/about/","About","HTML anchor","200","https://kujo.robertdevore.com/about/","","reachable","","retain","true"
"baseline","https://kujo.robertdevore.com/course/structs-and-enums/","https://kujo.robertdevore.com/sitemap.xml","Sitemap","HTML anchor","200","https://kujo.robertdevore.com/sitemap.xml","","reachable","","retain","true"
"baseline","https://kujo.robertdevore.com/course/match-result-option/","https://kujo.robertdevore.com/course/match-result-option/#main","Skip to content","HTML anchor","200","https://kujo.robertdevore.com/course/match-result-option/","","reachable","","retain","true"
"baseline","https://kujo.robertdevore.com/course/match-result-option/","https://kujo.robertdevore.com/","K_ KUJO THE COURSE","HTML anchor","200","https://kujo.robertdevore.com/","","reachable","","retain","true"
"baseline","https://kujo.robertdevore.com/course/match-result-option/","https://kujo.robertdevore.com/course/","Curriculum","HTML anchor","200","https://kujo.robertdevore.com/course/","","reachable","","retain","true"
"baseline","https://kujo.robertdevore.com/course/match-result-option/","https://kujo.robertdevore.com/explorer/","Examples","HTML anchor","200","https://kujo.robertdevore.com/explorer/","","reachable","","retain","true"
"baseline","https://kujo.robertdevore.com/course/match-result-option/","https://kujo.robertdevore.com/evidence/","Evidence","HTML anchor","200","https://kujo.robertdevore.com/evidence/","","reachable","","retain","true"
"baseline","https://kujo.robertdevore.com/course/match-result-option/","https://kujo.robertdevore.com/course/what-is-kujo/","01 · What Kujo is","HTML anchor","200","https://kujo.robertdevore.com/course/what-is-kujo/","","reachable","","retain","true"
"baseline","https://kujo.robertdevore.com/course/match-result-option/","https://kujo.robertdevore.com/course/setup-and-cli/","02 · Installation, CLI, and your first program","HTML anchor","200","https://kujo.robertdevore.com/course/setup-and-cli/","","reachable","","retain","true"
"baseline","https://kujo.robertdevore.com/course/match-result-option/","https://kujo.robertdevore.com/course/bindings-and-mutability/","03 · Bindings, values, and mutability","HTML anchor","200","https://kujo.robertdevore.com/course/bindings-and-mutability/","","reachable","","retain","true"
"baseline","https://kujo.robertdevore.com/course/match-result-option/","https://kujo.robertdevore.com/course/values-and-truthiness/","04 · Values, operators, and truthiness","HTML anchor","200","https://kujo.robertdevore.com/course/values-and-truthiness/","","reachable","","retain","true"
"baseline","https://kujo.robertdevore.com/course/match-result-option/","https://kujo.robertdevore.com/course/control-flow/","05 · Control flow and block scopes","HTML anchor","200","https://kujo.robertdevore.com/course/control-flow/","","reachable","","retain","true"
"baseline","https://kujo.robertdevore.com/course/match-result-option/","https://kujo.robertdevore.com/course/functions/","06 · Functions, callbacks, and return values","HTML anchor","200","https://kujo.robertdevore.com/course/functions/","","reachable","","retain","true"
"baseline","https://kujo.robertdevore.com/course/match-result-option/","https://kujo.robertdevore.com/course/collections-and-pipelines/","07 · Collections, pipes, and null handling","HTML anchor","200","https://kujo.robertdevore.com/course/collections-and-pipelines/","","reachable","","retain","true"
"baseline","https://kujo.robertdevore.com/course/match-result-option/","https://kujo.robertdevore.com/build-1/","◆ Stage build","HTML anchor","200","https://kujo.robertdevore.com/build-1/","","reachable","","retain","true"
"baseline","https://kujo.robertdevore.com/course/match-result-option/","https://kujo.robertdevore.com/course/scope-and-capture/","08 · Scope, shadowing, and capture","HTML anchor","200","https://kujo.robertdevore.com/course/scope-and-capture/","","reachable","","retain","true"
"baseline","https://kujo.robertdevore.com/course/match-result-option/","https://kujo.robertdevore.com/course/structs-and-enums/","09 · Structs and enums","HTML anchor","200","https://kujo.robertdevore.com/course/structs-and-enums/","","reachable","","retain","true"
"baseline","https://kujo.robertdevore.com/course/match-result-option/","https://kujo.robertdevore.com/course/match-result-option/","10 · Match, Result, and Option","HTML anchor","200","https://kujo.robertdevore.com/course/match-result-option/","","reachable","","retain","true"
"baseline","https://kujo.robertdevore.com/course/match-result-option/","https://kujo.robertdevore.com/course/exceptions/","11 · Exceptions and recoverable errors","HTML anchor","200","https://kujo.robertdevore.com/course/exceptions/","","reachable","","retain","true"
"baseline","https://kujo.robertdevore.com/course/match-result-option/","https://kujo.robertdevore.com/course/optional-typing/","12 · Optional typing without imaginary guarantees","HTML anchor","200","https://kujo.robertdevore.com/course/optional-typing/","","reachable","","retain","true"
"baseline","https://kujo.robertdevore.com/course/match-result-option/","https://kujo.robertdevore.com/course/async-and-await/","13 · Async functions and await","HTML anchor","200","https://kujo.robertdevore.com/course/async-and-await/","","reachable","","retain","true"
"baseline","https://kujo.robertdevore.com/course/match-result-option/","https://kujo.robertdevore.com/course/bounded-concurrency/","14 · Spawn and bounded concurrent work","HTML anchor","200","https://kujo.robertdevore.com/course/bounded-concurrency/","","reachable","","retain","true"
"baseline","https://kujo.robertdevore.com/course/match-result-option/","https://kujo.robertdevore.com/build-2/","◆ Stage build","HTML anchor","200","https://kujo.robertdevore.com/build-2/","","reachable","","retain","true"
"baseline","https://kujo.robertdevore.com/course/match-result-option/","https://kujo.robertdevore.com/course/modules/","15 · Modules and explicit exports","HTML anchor","200","https://kujo.robertdevore.com/course/modules/","","reachable","","retain","true"
"baseline","https://kujo.robertdevore.com/course/match-result-option/","https://kujo.robertdevore.com/course/projects-and-lockfiles/","16 · Projects, packages, and lockfiles","HTML anchor","200","https://kujo.robertdevore.com/course/projects-and-lockfiles/","","reachable","","retain","true"
"baseline","https://kujo.robertdevore.com/course/match-result-option/","https://kujo.robertdevore.com/course/standard-library/","17 · Finding the standard library contract","HTML anchor","200","https://kujo.robertdevore.com/course/standard-library/","","reachable","","retain","true"
"baseline","https://kujo.robertdevore.com/course/match-result-option/","https://kujo.robertdevore.com/course/testing/","18 · Testing, fixtures, and runtime evidence","HTML anchor","200","https://kujo.robertdevore.com/course/testing/","","reachable","","retain","true"
"baseline","https://kujo.robertdevore.com/course/match-result-option/","https://kujo.robertdevore.com/course/machine-contracts/","19 · Diagnostics and machine-readable interfaces","HTML anchor","200","https://kujo.robertdevore.com/course/machine-contracts/","","reachable","","retain","true"
"baseline","https://kujo.robertdevore.com/course/match-result-option/","https://kujo.robertdevore.com/course/documentation/","20 · Documentation as a build artifact","HTML anchor","200","https://kujo.robertdevore.com/course/documentation/","","reachable","","retain","true"
"baseline","https://kujo.robertdevore.com/course/match-result-option/","https://kujo.robertdevore.com/course/editor-and-lsp/","21 · Editor integration and the LSP boundary","HTML anchor","200","https://kujo.robertdevore.com/course/editor-and-lsp/","","reachable","","retain","true"
"baseline","https://kujo.robertdevore.com/course/match-result-option/","https://kujo.robertdevore.com/build-3/","◆ Stage build","HTML anchor","200","https://kujo.robertdevore.com/build-3/","","reachable","","retain","true"
"baseline","https://kujo.robertdevore.com/course/match-result-option/","https://kujo.robertdevore.com/course/filesystem/","22 · Filesystem automation with bounded paths","HTML anchor","200","https://kujo.robertdevore.com/course/filesystem/","","reachable","","retain","true"
"baseline","https://kujo.robertdevore.com/course/match-result-option/","https://kujo.robertdevore.com/course/processes/","23 · Processes without unnecessary shells","HTML anchor","200","https://kujo.robertdevore.com/course/processes/","","reachable","","retain","true"
"baseline","https://kujo.robertdevore.com/course/match-result-option/","https://kujo.robertdevore.com/course/http-and-networking/","24 · HTTP and network boundaries","HTML anchor","200","https://kujo.robertdevore.com/course/http-and-networking/","","reachable","","retain","true"
"baseline","https://kujo.robertdevore.com/course/match-result-option/","https://kujo.robertdevore.com/course/data-and-persistence/","25 · Structured data and local persistence","HTML anchor","200","https://kujo.robertdevore.com/course/data-and-persistence/","","reachable","","retain","true"
"baseline","https://kujo.robertdevore.com/course/match-result-option/","https://kujo.robertdevore.com/course/capability-security/","26 · Trusted execution and minimum authority","HTML anchor","200","https://kujo.robertdevore.com/course/capability-security/","","reachable","","retain","true"
"baseline","https://kujo.robertdevore.com/course/match-result-option/","https://kujo.robertdevore.com/course/secret-boundaries/","27 · Secrets, redaction, and endpoint policy","HTML anchor","200","https://kujo.robertdevore.com/course/secret-boundaries/","","reachable","","retain","true"
"baseline","https://kujo.robertdevore.com/course/match-result-option/","https://kujo.robertdevore.com/build-4/","◆ Stage build","HTML anchor","200","https://kujo.robertdevore.com/build-4/","","reachable","","retain","true"
"baseline","https://kujo.robertdevore.com/course/match-result-option/","https://kujo.robertdevore.com/course/ai-effects-and-messages/","28 · AI effects and portable messages","HTML anchor","200","https://kujo.robertdevore.com/course/ai-effects-and-messages/","","reachable","","retain","true"
"baseline","https://kujo.robertdevore.com/course/match-result-option/","https://kujo.robertdevore.com/course/request-identity/","29 · Deterministic request identity","HTML anchor","200","https://kujo.robertdevore.com/course/request-identity/","","reachable","","retain","true"
"baseline","https://kujo.robertdevore.com/course/match-result-option/","https://kujo.robertdevore.com/course/record-and-replay/","30 · Record, replay, and offline evidence","HTML anchor","200","https://kujo.robertdevore.com/course/record-and-replay/","","reachable","","retain","true"
"baseline","https://kujo.robertdevore.com/course/match-result-option/","https://kujo.robertdevore.com/course/streaming/","31 · Streaming and cancellation","HTML anchor","200","https://kujo.robertdevore.com/course/streaming/","","reachable","","retain","true"
"baseline","https://kujo.robertdevore.com/course/match-result-option/","https://kujo.robertdevore.com/course/structured-outputs/","32 · Structured outputs and schema validation","HTML anchor","200","https://kujo.robertdevore.com/course/structured-outputs/","","reachable","","retain","true"
"baseline","https://kujo.robertdevore.com/course/match-result-option/","https://kujo.robertdevore.com/course/context-and-vectors/","33 · Context budgets, embeddings, and vectors","HTML anchor","200","https://kujo.robertdevore.com/course/context-and-vectors/","","reachable","","retain","true"
"baseline","https://kujo.robertdevore.com/course/match-result-option/","https://kujo.robertdevore.com/course/tool-loops/","34 · Bounded AI tool loops","HTML anchor","200","https://kujo.robertdevore.com/course/tool-loops/","","reachable","","retain","true"
"baseline","https://kujo.robertdevore.com/course/match-result-option/","https://kujo.robertdevore.com/build-5/","◆ Stage build","HTML anchor","200","https://kujo.robertdevore.com/build-5/","","reachable","","retain","true"
"baseline","https://kujo.robertdevore.com/course/match-result-option/","https://kujo.robertdevore.com/course/mechanism-and-policy/","35 · Mechanism versus policy","HTML anchor","200","https://kujo.robertdevore.com/course/mechanism-and-policy/","","reachable","","retain","true"
"baseline","https://kujo.robertdevore.com/course/match-result-option/","https://kujo.robertdevore.com/course/loop-engineering/","36 · Loop Engineering, specs, and stop conditions","HTML anchor","200","https://kujo.robertdevore.com/course/loop-engineering/","","reachable","","retain","true"
"baseline","https://kujo.robertdevore.com/course/match-result-option/","https://kujo.robertdevore.com/course/evaluation/","37 · Evaluation independent of generation","HTML anchor","200","https://kujo.robertdevore.com/course/evaluation/","","reachable","","retain","true"
"baseline","https://kujo.robertdevore.com/course/match-result-option/","https://kujo.robertdevore.com/course/evidence-and-handoffs/","38 · Evidence, run records, and work boundaries","HTML anchor","200","https://kujo.robertdevore.com/course/evidence-and-handoffs/","","reachable","","retain","true"
"baseline","https://kujo.robertdevore.com/course/match-result-option/","https://kujo.robertdevore.com/course/isolation-and-observability/","39 · Isolation, observability, and watchdogs","HTML anchor","200","https://kujo.robertdevore.com/course/isolation-and-observability/","","reachable","","retain","true"
"baseline","https://kujo.robertdevore.com/course/match-result-option/","https://kujo.robertdevore.com/course/mcp-interoperability/","40 · MCP and external tool interoperability","HTML anchor","200","https://kujo.robertdevore.com/course/mcp-interoperability/","","reachable","","retain","true"
"baseline","https://kujo.robertdevore.com/course/match-result-option/","https://kujo.robertdevore.com/build-6/","◆ Stage build","HTML anchor","200","https://kujo.robertdevore.com/build-6/","","reachable","","retain","true"
"baseline","https://kujo.robertdevore.com/course/match-result-option/","https://kujo.robertdevore.com/capstone/","◆ Final capstone","HTML anchor","200","https://kujo.robertdevore.com/capstone/","","reachable","","retain","true"
"baseline","https://kujo.robertdevore.com/course/match-result-option/","https://kujo.robertdevore.com/course/","Full curriculum →","HTML anchor","200","https://kujo.robertdevore.com/course/","","reachable","","retain","true"
"baseline","https://kujo.robertdevore.com/course/match-result-option/","https://kujo.robertdevore.com/evidence/","the evidence ledger","HTML anchor","200","https://kujo.robertdevore.com/evidence/","","reachable","","retain","true"
"baseline","https://kujo.robertdevore.com/course/match-result-option/","https://kujo.robertdevore.com/examples/10.kujo","Download example","HTML anchor","200","https://kujo.robertdevore.com/examples/10.kujo","","reachable","","retain","true"
"baseline","https://kujo.robertdevore.com/course/match-result-option/","https://kujo.robertdevore.com/course/structs-and-enums/","← Structs and enums","HTML anchor","200","https://kujo.robertdevore.com/course/structs-and-enums/","","reachable","","retain","true"
"baseline","https://kujo.robertdevore.com/course/match-result-option/","https://kujo.robertdevore.com/course/exceptions/","Exceptions and recoverable errors →","HTML anchor","200","https://kujo.robertdevore.com/course/exceptions/","","reachable","","retain","true"
"baseline","https://kujo.robertdevore.com/course/match-result-option/","https://kujo.robertdevore.com/","K_ KUJO COURSE","HTML anchor","200","https://kujo.robertdevore.com/","","reachable","","retain","true"
"baseline","https://kujo.robertdevore.com/course/match-result-option/","https://kujo.robertdevore.com/about/","About","HTML anchor","200","https://kujo.robertdevore.com/about/","","reachable","","retain","true"
"baseline","https://kujo.robertdevore.com/course/match-result-option/","https://kujo.robertdevore.com/sitemap.xml","Sitemap","HTML anchor","200","https://kujo.robertdevore.com/sitemap.xml","","reachable","","retain","true"
"baseline","https://kujo.robertdevore.com/course/exceptions/","https://kujo.robertdevore.com/course/exceptions/#main","Skip to content","HTML anchor","200","https://kujo.robertdevore.com/course/exceptions/","","reachable","","retain","true"
"baseline","https://kujo.robertdevore.com/course/exceptions/","https://kujo.robertdevore.com/","K_ KUJO THE COURSE","HTML anchor","200","https://kujo.robertdevore.com/","","reachable","","retain","true"
"baseline","https://kujo.robertdevore.com/course/exceptions/","https://kujo.robertdevore.com/course/","Curriculum","HTML anchor","200","https://kujo.robertdevore.com/course/","","reachable","","retain","true"
"baseline","https://kujo.robertdevore.com/course/exceptions/","https://kujo.robertdevore.com/explorer/","Examples","HTML anchor","200","https://kujo.robertdevore.com/explorer/","","reachable","","retain","true"
"baseline","https://kujo.robertdevore.com/course/exceptions/","https://kujo.robertdevore.com/evidence/","Evidence","HTML anchor","200","https://kujo.robertdevore.com/evidence/","","reachable","","retain","true"
"baseline","https://kujo.robertdevore.com/course/exceptions/","https://kujo.robertdevore.com/course/what-is-kujo/","01 · What Kujo is","HTML anchor","200","https://kujo.robertdevore.com/course/what-is-kujo/","","reachable","","retain","true"
"baseline","https://kujo.robertdevore.com/course/exceptions/","https://kujo.robertdevore.com/course/setup-and-cli/","02 · Installation, CLI, and your first program","HTML anchor","200","https://kujo.robertdevore.com/course/setup-and-cli/","","reachable","","retain","true"
"baseline","https://kujo.robertdevore.com/course/exceptions/","https://kujo.robertdevore.com/course/bindings-and-mutability/","03 · Bindings, values, and mutability","HTML anchor","200","https://kujo.robertdevore.com/course/bindings-and-mutability/","","reachable","","retain","true"
"baseline","https://kujo.robertdevore.com/course/exceptions/","https://kujo.robertdevore.com/course/values-and-truthiness/","04 · Values, operators, and truthiness","HTML anchor","200","https://kujo.robertdevore.com/course/values-and-truthiness/","","reachable","","retain","true"
"baseline","https://kujo.robertdevore.com/course/exceptions/","https://kujo.robertdevore.com/course/control-flow/","05 · Control flow and block scopes","HTML anchor","200","https://kujo.robertdevore.com/course/control-flow/","","reachable","","retain","true"
"baseline","https://kujo.robertdevore.com/course/exceptions/","https://kujo.robertdevore.com/course/functions/","06 · Functions, callbacks, and return values","HTML anchor","200","https://kujo.robertdevore.com/course/functions/","","reachable","","retain","true"
"baseline","https://kujo.robertdevore.com/course/exceptions/","https://kujo.robertdevore.com/course/collections-and-pipelines/","07 · Collections, pipes, and null handling","HTML anchor","200","https://kujo.robertdevore.com/course/collections-and-pipelines/","","reachable","","retain","true"
"baseline","https://kujo.robertdevore.com/course/exceptions/","https://kujo.robertdevore.com/build-1/","◆ Stage build","HTML anchor","200","https://kujo.robertdevore.com/build-1/","","reachable","","retain","true"
"baseline","https://kujo.robertdevore.com/course/exceptions/","https://kujo.robertdevore.com/course/scope-and-capture/","08 · Scope, shadowing, and capture","HTML anchor","200","https://kujo.robertdevore.com/course/scope-and-capture/","","reachable","","retain","true"
"baseline","https://kujo.robertdevore.com/course/exceptions/","https://kujo.robertdevore.com/course/structs-and-enums/","09 · Structs and enums","HTML anchor","200","https://kujo.robertdevore.com/course/structs-and-enums/","","reachable","","retain","true"
"baseline","https://kujo.robertdevore.com/course/exceptions/","https://kujo.robertdevore.com/course/match-result-option/","10 · Match, Result, and Option","HTML anchor","200","https://kujo.robertdevore.com/course/match-result-option/","","reachable","","retain","true"
"baseline","https://kujo.robertdevore.com/course/exceptions/","https://kujo.robertdevore.com/course/exceptions/","11 · Exceptions and recoverable errors","HTML anchor","200","https://kujo.robertdevore.com/course/exceptions/","","reachable","","retain","true"
"baseline","https://kujo.robertdevore.com/course/exceptions/","https://kujo.robertdevore.com/course/optional-typing/","12 · Optional typing without imaginary guarantees","HTML anchor","200","https://kujo.robertdevore.com/course/optional-typing/","","reachable","","retain","true"
"baseline","https://kujo.robertdevore.com/course/exceptions/","https://kujo.robertdevore.com/course/async-and-await/","13 · Async functions and await","HTML anchor","200","https://kujo.robertdevore.com/course/async-and-await/","","reachable","","retain","true"
"baseline","https://kujo.robertdevore.com/course/exceptions/","https://kujo.robertdevore.com/course/bounded-concurrency/","14 · Spawn and bounded concurrent work","HTML anchor","200","https://kujo.robertdevore.com/course/bounded-concurrency/","","reachable","","retain","true"
"baseline","https://kujo.robertdevore.com/course/exceptions/","https://kujo.robertdevore.com/build-2/","◆ Stage build","HTML anchor","200","https://kujo.robertdevore.com/build-2/","","reachable","","retain","true"
"baseline","https://kujo.robertdevore.com/course/exceptions/","https://kujo.robertdevore.com/course/modules/","15 · Modules and explicit exports","HTML anchor","200","https://kujo.robertdevore.com/course/modules/","","reachable","","retain","true"
"baseline","https://kujo.robertdevore.com/course/exceptions/","https://kujo.robertdevore.com/course/projects-and-lockfiles/","16 · Projects, packages, and lockfiles","HTML anchor","200","https://kujo.robertdevore.com/course/projects-and-lockfiles/","","reachable","","retain","true"
"baseline","https://kujo.robertdevore.com/course/exceptions/","https://kujo.robertdevore.com/course/standard-library/","17 · Finding the standard library contract","HTML anchor","200","https://kujo.robertdevore.com/course/standard-library/","","reachable","","retain","true"
"baseline","https://kujo.robertdevore.com/course/exceptions/","https://kujo.robertdevore.com/course/testing/","18 · Testing, fixtures, and runtime evidence","HTML anchor","200","https://kujo.robertdevore.com/course/testing/","","reachable","","retain","true"
"baseline","https://kujo.robertdevore.com/course/exceptions/","https://kujo.robertdevore.com/course/machine-contracts/","19 · Diagnostics and machine-readable interfaces","HTML anchor","200","https://kujo.robertdevore.com/course/machine-contracts/","","reachable","","retain","true"
"baseline","https://kujo.robertdevore.com/course/exceptions/","https://kujo.robertdevore.com/course/documentation/","20 · Documentation as a build artifact","HTML anchor","200","https://kujo.robertdevore.com/course/documentation/","","reachable","","retain","true"
"baseline","https://kujo.robertdevore.com/course/exceptions/","https://kujo.robertdevore.com/course/editor-and-lsp/","21 · Editor integration and the LSP boundary","HTML anchor","200","https://kujo.robertdevore.com/course/editor-and-lsp/","","reachable","","retain","true"
"baseline","https://kujo.robertdevore.com/course/exceptions/","https://kujo.robertdevore.com/build-3/","◆ Stage build","HTML anchor","200","https://kujo.robertdevore.com/build-3/","","reachable","","retain","true"
"baseline","https://kujo.robertdevore.com/course/exceptions/","https://kujo.robertdevore.com/course/filesystem/","22 · Filesystem automation with bounded paths","HTML anchor","200","https://kujo.robertdevore.com/course/filesystem/","","reachable","","retain","true"
"baseline","https://kujo.robertdevore.com/course/exceptions/","https://kujo.robertdevore.com/course/processes/","23 · Processes without unnecessary shells","HTML anchor","200","https://kujo.robertdevore.com/course/processes/","","reachable","","retain","true"
"baseline","https://kujo.robertdevore.com/course/exceptions/","https://kujo.robertdevore.com/course/http-and-networking/","24 · HTTP and network boundaries","HTML anchor","200","https://kujo.robertdevore.com/course/http-and-networking/","","reachable","","retain","true"
"baseline","https://kujo.robertdevore.com/course/exceptions/","https://kujo.robertdevore.com/course/data-and-persistence/","25 · Structured data and local persistence","HTML anchor","200","https://kujo.robertdevore.com/course/data-and-persistence/","","reachable","","retain","true"
"baseline","https://kujo.robertdevore.com/course/exceptions/","https://kujo.robertdevore.com/course/capability-security/","26 · Trusted execution and minimum authority","HTML anchor","200","https://kujo.robertdevore.com/course/capability-security/","","reachable","","retain","true"
"baseline","https://kujo.robertdevore.com/course/exceptions/","https://kujo.robertdevore.com/course/secret-boundaries/","27 · Secrets, redaction, and endpoint policy","HTML anchor","200","https://kujo.robertdevore.com/course/secret-boundaries/","","reachable","","retain","true"
"baseline","https://kujo.robertdevore.com/course/exceptions/","https://kujo.robertdevore.com/build-4/","◆ Stage build","HTML anchor","200","https://kujo.robertdevore.com/build-4/","","reachable","","retain","true"
"baseline","https://kujo.robertdevore.com/course/exceptions/","https://kujo.robertdevore.com/course/ai-effects-and-messages/","28 · AI effects and portable messages","HTML anchor","200","https://kujo.robertdevore.com/course/ai-effects-and-messages/","","reachable","","retain","true"
"baseline","https://kujo.robertdevore.com/course/exceptions/","https://kujo.robertdevore.com/course/request-identity/","29 · Deterministic request identity","HTML anchor","200","https://kujo.robertdevore.com/course/request-identity/","","reachable","","retain","true"
"baseline","https://kujo.robertdevore.com/course/exceptions/","https://kujo.robertdevore.com/course/record-and-replay/","30 · Record, replay, and offline evidence","HTML anchor","200","https://kujo.robertdevore.com/course/record-and-replay/","","reachable","","retain","true"
"baseline","https://kujo.robertdevore.com/course/exceptions/","https://kujo.robertdevore.com/course/streaming/","31 · Streaming and cancellation","HTML anchor","200","https://kujo.robertdevore.com/course/streaming/","","reachable","","retain","true"
"baseline","https://kujo.robertdevore.com/course/exceptions/","https://kujo.robertdevore.com/course/structured-outputs/","32 · Structured outputs and schema validation","HTML anchor","200","https://kujo.robertdevore.com/course/structured-outputs/","","reachable","","retain","true"
"baseline","https://kujo.robertdevore.com/course/exceptions/","https://kujo.robertdevore.com/course/context-and-vectors/","33 · Context budgets, embeddings, and vectors","HTML anchor","200","https://kujo.robertdevore.com/course/context-and-vectors/","","reachable","","retain","true"
"baseline","https://kujo.robertdevore.com/course/exceptions/","https://kujo.robertdevore.com/course/tool-loops/","34 · Bounded AI tool loops","HTML anchor","200","https://kujo.robertdevore.com/course/tool-loops/","","reachable","","retain","true"
"baseline","https://kujo.robertdevore.com/course/exceptions/","https://kujo.robertdevore.com/build-5/","◆ Stage build","HTML anchor","200","https://kujo.robertdevore.com/build-5/","","reachable","","retain","true"
"baseline","https://kujo.robertdevore.com/course/exceptions/","https://kujo.robertdevore.com/course/mechanism-and-policy/","35 · Mechanism versus policy","HTML anchor","200","https://kujo.robertdevore.com/course/mechanism-and-policy/","","reachable","","retain","true"
"baseline","https://kujo.robertdevore.com/course/exceptions/","https://kujo.robertdevore.com/course/loop-engineering/","36 · Loop Engineering, specs, and stop conditions","HTML anchor","200","https://kujo.robertdevore.com/course/loop-engineering/","","reachable","","retain","true"
"baseline","https://kujo.robertdevore.com/course/exceptions/","https://kujo.robertdevore.com/course/evaluation/","37 · Evaluation independent of generation","HTML anchor","200","https://kujo.robertdevore.com/course/evaluation/","","reachable","","retain","true"
"baseline","https://kujo.robertdevore.com/course/exceptions/","https://kujo.robertdevore.com/course/evidence-and-handoffs/","38 · Evidence, run records, and work boundaries","HTML anchor","200","https://kujo.robertdevore.com/course/evidence-and-handoffs/","","reachable","","retain","true"
"baseline","https://kujo.robertdevore.com/course/exceptions/","https://kujo.robertdevore.com/course/isolation-and-observability/","39 · Isolation, observability, and watchdogs","HTML anchor","200","https://kujo.robertdevore.com/course/isolation-and-observability/","","reachable","","retain","true"
"baseline","https://kujo.robertdevore.com/course/exceptions/","https://kujo.robertdevore.com/course/mcp-interoperability/","40 · MCP and external tool interoperability","HTML anchor","200","https://kujo.robertdevore.com/course/mcp-interoperability/","","reachable","","retain","true"
"baseline","https://kujo.robertdevore.com/course/exceptions/","https://kujo.robertdevore.com/build-6/","◆ Stage build","HTML anchor","200","https://kujo.robertdevore.com/build-6/","","reachable","","retain","true"
"baseline","https://kujo.robertdevore.com/course/exceptions/","https://kujo.robertdevore.com/capstone/","◆ Final capstone","HTML anchor","200","https://kujo.robertdevore.com/capstone/","","reachable","","retain","true"
"baseline","https://kujo.robertdevore.com/course/exceptions/","https://kujo.robertdevore.com/course/","Full curriculum →","HTML anchor","200","https://kujo.robertdevore.com/course/","","reachable","","retain","true"
"baseline","https://kujo.robertdevore.com/course/exceptions/","https://kujo.robertdevore.com/examples/11.kujo","Download example","HTML anchor","200","https://kujo.robertdevore.com/examples/11.kujo","","reachable","","retain","true"
"baseline","https://kujo.robertdevore.com/course/exceptions/","https://kujo.robertdevore.com/course/match-result-option/","← Match, Result, and Option","HTML anchor","200","https://kujo.robertdevore.com/course/match-result-option/","","reachable","","retain","true"
"baseline","https://kujo.robertdevore.com/course/exceptions/","https://kujo.robertdevore.com/course/optional-typing/","Optional typing without imaginary guarantees →","HTML anchor","200","https://kujo.robertdevore.com/course/optional-typing/","","reachable","","retain","true"
"baseline","https://kujo.robertdevore.com/course/exceptions/","https://kujo.robertdevore.com/","K_ KUJO COURSE","HTML anchor","200","https://kujo.robertdevore.com/","","reachable","","retain","true"
"baseline","https://kujo.robertdevore.com/course/exceptions/","https://kujo.robertdevore.com/about/","About","HTML anchor","200","https://kujo.robertdevore.com/about/","","reachable","","retain","true"
"baseline","https://kujo.robertdevore.com/course/exceptions/","https://kujo.robertdevore.com/sitemap.xml","Sitemap","HTML anchor","200","https://kujo.robertdevore.com/sitemap.xml","","reachable","","retain","true"
"baseline","https://kujo.robertdevore.com/course/optional-typing/","https://kujo.robertdevore.com/course/optional-typing/#main","Skip to content","HTML anchor","200","https://kujo.robertdevore.com/course/optional-typing/","","reachable","","retain","true"
"baseline","https://kujo.robertdevore.com/course/optional-typing/","https://kujo.robertdevore.com/","K_ KUJO THE COURSE","HTML anchor","200","https://kujo.robertdevore.com/","","reachable","","retain","true"
"baseline","https://kujo.robertdevore.com/course/optional-typing/","https://kujo.robertdevore.com/course/","Curriculum","HTML anchor","200","https://kujo.robertdevore.com/course/","","reachable","","retain","true"
"baseline","https://kujo.robertdevore.com/course/optional-typing/","https://kujo.robertdevore.com/explorer/","Examples","HTML anchor","200","https://kujo.robertdevore.com/explorer/","","reachable","","retain","true"
"baseline","https://kujo.robertdevore.com/course/optional-typing/","https://kujo.robertdevore.com/evidence/","Evidence","HTML anchor","200","https://kujo.robertdevore.com/evidence/","","reachable","","retain","true"
"baseline","https://kujo.robertdevore.com/course/optional-typing/","https://kujo.robertdevore.com/course/what-is-kujo/","01 · What Kujo is","HTML anchor","200","https://kujo.robertdevore.com/course/what-is-kujo/","","reachable","","retain","true"
"baseline","https://kujo.robertdevore.com/course/optional-typing/","https://kujo.robertdevore.com/course/setup-and-cli/","02 · Installation, CLI, and your first program","HTML anchor","200","https://kujo.robertdevore.com/course/setup-and-cli/","","reachable","","retain","true"
"baseline","https://kujo.robertdevore.com/course/optional-typing/","https://kujo.robertdevore.com/course/bindings-and-mutability/","03 · Bindings, values, and mutability","HTML anchor","200","https://kujo.robertdevore.com/course/bindings-and-mutability/","","reachable","","retain","true"
"baseline","https://kujo.robertdevore.com/course/optional-typing/","https://kujo.robertdevore.com/course/values-and-truthiness/","04 · Values, operators, and truthiness","HTML anchor","200","https://kujo.robertdevore.com/course/values-and-truthiness/","","reachable","","retain","true"
"baseline","https://kujo.robertdevore.com/course/optional-typing/","https://kujo.robertdevore.com/course/control-flow/","05 · Control flow and block scopes","HTML anchor","200","https://kujo.robertdevore.com/course/control-flow/","","reachable","","retain","true"
"baseline","https://kujo.robertdevore.com/course/optional-typing/","https://kujo.robertdevore.com/course/functions/","06 · Functions, callbacks, and return values","HTML anchor","200","https://kujo.robertdevore.com/course/functions/","","reachable","","retain","true"
"baseline","https://kujo.robertdevore.com/course/optional-typing/","https://kujo.robertdevore.com/course/collections-and-pipelines/","07 · Collections, pipes, and null handling","HTML anchor","200","https://kujo.robertdevore.com/course/collections-and-pipelines/","","reachable","","retain","true"
"baseline","https://kujo.robertdevore.com/course/optional-typing/","https://kujo.robertdevore.com/build-1/","◆ Stage build","HTML anchor","200","https://kujo.robertdevore.com/build-1/","","reachable","","retain","true"
"baseline","https://kujo.robertdevore.com/course/optional-typing/","https://kujo.robertdevore.com/course/scope-and-capture/","08 · Scope, shadowing, and capture","HTML anchor","200","https://kujo.robertdevore.com/course/scope-and-capture/","","reachable","","retain","true"
"baseline","https://kujo.robertdevore.com/course/optional-typing/","https://kujo.robertdevore.com/course/structs-and-enums/","09 · Structs and enums","HTML anchor","200","https://kujo.robertdevore.com/course/structs-and-enums/","","reachable","","retain","true"
"baseline","https://kujo.robertdevore.com/course/optional-typing/","https://kujo.robertdevore.com/course/match-result-option/","10 · Match, Result, and Option","HTML anchor","200","https://kujo.robertdevore.com/course/match-result-option/","","reachable","","retain","true"
"baseline","https://kujo.robertdevore.com/course/optional-typing/","https://kujo.robertdevore.com/course/exceptions/","11 · Exceptions and recoverable errors","HTML anchor","200","https://kujo.robertdevore.com/course/exceptions/","","reachable","","retain","true"
"baseline","https://kujo.robertdevore.com/course/optional-typing/","https://kujo.robertdevore.com/course/optional-typing/","12 · Optional typing without imaginary guarantees","HTML anchor","200","https://kujo.robertdevore.com/course/optional-typing/","","reachable","","retain","true"
"baseline","https://kujo.robertdevore.com/course/optional-typing/","https://kujo.robertdevore.com/course/async-and-await/","13 · Async functions and await","HTML anchor","200","https://kujo.robertdevore.com/course/async-and-await/","","reachable","","retain","true"
"baseline","https://kujo.robertdevore.com/course/optional-typing/","https://kujo.robertdevore.com/course/bounded-concurrency/","14 · Spawn and bounded concurrent work","HTML anchor","200","https://kujo.robertdevore.com/course/bounded-concurrency/","","reachable","","retain","true"
"baseline","https://kujo.robertdevore.com/course/optional-typing/","https://kujo.robertdevore.com/build-2/","◆ Stage build","HTML anchor","200","https://kujo.robertdevore.com/build-2/","","reachable","","retain","true"
"baseline","https://kujo.robertdevore.com/course/optional-typing/","https://kujo.robertdevore.com/course/modules/","15 · Modules and explicit exports","HTML anchor","200","https://kujo.robertdevore.com/course/modules/","","reachable","","retain","true"
"baseline","https://kujo.robertdevore.com/course/optional-typing/","https://kujo.robertdevore.com/course/projects-and-lockfiles/","16 · Projects, packages, and lockfiles","HTML anchor","200","https://kujo.robertdevore.com/course/projects-and-lockfiles/","","reachable","","retain","true"
"baseline","https://kujo.robertdevore.com/course/optional-typing/","https://kujo.robertdevore.com/course/standard-library/","17 · Finding the standard library contract","HTML anchor","200","https://kujo.robertdevore.com/course/standard-library/","","reachable","","retain","true"
"baseline","https://kujo.robertdevore.com/course/optional-typing/","https://kujo.robertdevore.com/course/testing/","18 · Testing, fixtures, and runtime evidence","HTML anchor","200","https://kujo.robertdevore.com/course/testing/","","reachable","","retain","true"
"baseline","https://kujo.robertdevore.com/course/optional-typing/","https://kujo.robertdevore.com/course/machine-contracts/","19 · Diagnostics and machine-readable interfaces","HTML anchor","200","https://kujo.robertdevore.com/course/machine-contracts/","","reachable","","retain","true"
"baseline","https://kujo.robertdevore.com/course/optional-typing/","https://kujo.robertdevore.com/course/documentation/","20 · Documentation as a build artifact","HTML anchor","200","https://kujo.robertdevore.com/course/documentation/","","reachable","","retain","true"
"baseline","https://kujo.robertdevore.com/course/optional-typing/","https://kujo.robertdevore.com/course/editor-and-lsp/","21 · Editor integration and the LSP boundary","HTML anchor","200","https://kujo.robertdevore.com/course/editor-and-lsp/","","reachable","","retain","true"
"baseline","https://kujo.robertdevore.com/course/optional-typing/","https://kujo.robertdevore.com/build-3/","◆ Stage build","HTML anchor","200","https://kujo.robertdevore.com/build-3/","","reachable","","retain","true"
"baseline","https://kujo.robertdevore.com/course/optional-typing/","https://kujo.robertdevore.com/course/filesystem/","22 · Filesystem automation with bounded paths","HTML anchor","200","https://kujo.robertdevore.com/course/filesystem/","","reachable","","retain","true"
"baseline","https://kujo.robertdevore.com/course/optional-typing/","https://kujo.robertdevore.com/course/processes/","23 · Processes without unnecessary shells","HTML anchor","200","https://kujo.robertdevore.com/course/processes/","","reachable","","retain","true"
"baseline","https://kujo.robertdevore.com/course/optional-typing/","https://kujo.robertdevore.com/course/http-and-networking/","24 · HTTP and network boundaries","HTML anchor","200","https://kujo.robertdevore.com/course/http-and-networking/","","reachable","","retain","true"
"baseline","https://kujo.robertdevore.com/course/optional-typing/","https://kujo.robertdevore.com/course/data-and-persistence/","25 · Structured data and local persistence","HTML anchor","200","https://kujo.robertdevore.com/course/data-and-persistence/","","reachable","","retain","true"
"baseline","https://kujo.robertdevore.com/course/optional-typing/","https://kujo.robertdevore.com/course/capability-security/","26 · Trusted execution and minimum authority","HTML anchor","200","https://kujo.robertdevore.com/course/capability-security/","","reachable","","retain","true"
"baseline","https://kujo.robertdevore.com/course/optional-typing/","https://kujo.robertdevore.com/course/secret-boundaries/","27 · Secrets, redaction, and endpoint policy","HTML anchor","200","https://kujo.robertdevore.com/course/secret-boundaries/","","reachable","","retain","true"
"baseline","https://kujo.robertdevore.com/course/optional-typing/","https://kujo.robertdevore.com/build-4/","◆ Stage build","HTML anchor","200","https://kujo.robertdevore.com/build-4/","","reachable","","retain","true"
"baseline","https://kujo.robertdevore.com/course/optional-typing/","https://kujo.robertdevore.com/course/ai-effects-and-messages/","28 · AI effects and portable messages","HTML anchor","200","https://kujo.robertdevore.com/course/ai-effects-and-messages/","","reachable","","retain","true"
"baseline","https://kujo.robertdevore.com/course/optional-typing/","https://kujo.robertdevore.com/course/request-identity/","29 · Deterministic request identity","HTML anchor","200","https://kujo.robertdevore.com/course/request-identity/","","reachable","","retain","true"
"baseline","https://kujo.robertdevore.com/course/optional-typing/","https://kujo.robertdevore.com/course/record-and-replay/","30 · Record, replay, and offline evidence","HTML anchor","200","https://kujo.robertdevore.com/course/record-and-replay/","","reachable","","retain","true"
"baseline","https://kujo.robertdevore.com/course/optional-typing/","https://kujo.robertdevore.com/course/streaming/","31 · Streaming and cancellation","HTML anchor","200","https://kujo.robertdevore.com/course/streaming/","","reachable","","retain","true"
"baseline","https://kujo.robertdevore.com/course/optional-typing/","https://kujo.robertdevore.com/course/structured-outputs/","32 · Structured outputs and schema validation","HTML anchor","200","https://kujo.robertdevore.com/course/structured-outputs/","","reachable","","retain","true"
"baseline","https://kujo.robertdevore.com/course/optional-typing/","https://kujo.robertdevore.com/course/context-and-vectors/","33 · Context budgets, embeddings, and vectors","HTML anchor","200","https://kujo.robertdevore.com/course/context-and-vectors/","","reachable","","retain","true"
"baseline","https://kujo.robertdevore.com/course/optional-typing/","https://kujo.robertdevore.com/course/tool-loops/","34 · Bounded AI tool loops","HTML anchor","200","https://kujo.robertdevore.com/course/tool-loops/","","reachable","","retain","true"
"baseline","https://kujo.robertdevore.com/course/optional-typing/","https://kujo.robertdevore.com/build-5/","◆ Stage build","HTML anchor","200","https://kujo.robertdevore.com/build-5/","","reachable","","retain","true"
"baseline","https://kujo.robertdevore.com/course/optional-typing/","https://kujo.robertdevore.com/course/mechanism-and-policy/","35 · Mechanism versus policy","HTML anchor","200","https://kujo.robertdevore.com/course/mechanism-and-policy/","","reachable","","retain","true"
"baseline","https://kujo.robertdevore.com/course/optional-typing/","https://kujo.robertdevore.com/course/loop-engineering/","36 · Loop Engineering, specs, and stop conditions","HTML anchor","200","https://kujo.robertdevore.com/course/loop-engineering/","","reachable","","retain","true"
"baseline","https://kujo.robertdevore.com/course/optional-typing/","https://kujo.robertdevore.com/course/evaluation/","37 · Evaluation independent of generation","HTML anchor","200","https://kujo.robertdevore.com/course/evaluation/","","reachable","","retain","true"
"baseline","https://kujo.robertdevore.com/course/optional-typing/","https://kujo.robertdevore.com/course/evidence-and-handoffs/","38 · Evidence, run records, and work boundaries","HTML anchor","200","https://kujo.robertdevore.com/course/evidence-and-handoffs/","","reachable","","retain","true"
"baseline","https://kujo.robertdevore.com/course/optional-typing/","https://kujo.robertdevore.com/course/isolation-and-observability/","39 · Isolation, observability, and watchdogs","HTML anchor","200","https://kujo.robertdevore.com/course/isolation-and-observability/","","reachable","","retain","true"
"baseline","https://kujo.robertdevore.com/course/optional-typing/","https://kujo.robertdevore.com/course/mcp-interoperability/","40 · MCP and external tool interoperability","HTML anchor","200","https://kujo.robertdevore.com/course/mcp-interoperability/","","reachable","","retain","true"
"baseline","https://kujo.robertdevore.com/course/optional-typing/","https://kujo.robertdevore.com/build-6/","◆ Stage build","HTML anchor","200","https://kujo.robertdevore.com/build-6/","","reachable","","retain","true"
"baseline","https://kujo.robertdevore.com/course/optional-typing/","https://kujo.robertdevore.com/capstone/","◆ Final capstone","HTML anchor","200","https://kujo.robertdevore.com/capstone/","","reachable","","retain","true"
"baseline","https://kujo.robertdevore.com/course/optional-typing/","https://kujo.robertdevore.com/course/","Full curriculum →","HTML anchor","200","https://kujo.robertdevore.com/course/","","reachable","","retain","true"
"baseline","https://kujo.robertdevore.com/course/optional-typing/","https://kujo.robertdevore.com/examples/12.kujo","Download example","HTML anchor","200","https://kujo.robertdevore.com/examples/12.kujo","","reachable","","retain","true"
"baseline","https://kujo.robertdevore.com/course/optional-typing/","https://kujo.robertdevore.com/course/exceptions/","← Exceptions and recoverable errors","HTML anchor","200","https://kujo.robertdevore.com/course/exceptions/","","reachable","","retain","true"
"baseline","https://kujo.robertdevore.com/course/optional-typing/","https://kujo.robertdevore.com/course/async-and-await/","Async functions and await →","HTML anchor","200","https://kujo.robertdevore.com/course/async-and-await/","","reachable","","retain","true"
"baseline","https://kujo.robertdevore.com/course/optional-typing/","https://kujo.robertdevore.com/","K_ KUJO COURSE","HTML anchor","200","https://kujo.robertdevore.com/","","reachable","","retain","true"
"baseline","https://kujo.robertdevore.com/course/optional-typing/","https://kujo.robertdevore.com/about/","About","HTML anchor","200","https://kujo.robertdevore.com/about/","","reachable","","retain","true"
"baseline","https://kujo.robertdevore.com/course/optional-typing/","https://kujo.robertdevore.com/sitemap.xml","Sitemap","HTML anchor","200","https://kujo.robertdevore.com/sitemap.xml","","reachable","","retain","true"
"baseline","https://kujo.robertdevore.com/course/async-and-await/","https://kujo.robertdevore.com/course/async-and-await/#main","Skip to content","HTML anchor","200","https://kujo.robertdevore.com/course/async-and-await/","","reachable","","retain","true"
"baseline","https://kujo.robertdevore.com/course/async-and-await/","https://kujo.robertdevore.com/","K_ KUJO THE COURSE","HTML anchor","200","https://kujo.robertdevore.com/","","reachable","","retain","true"
"baseline","https://kujo.robertdevore.com/course/async-and-await/","https://kujo.robertdevore.com/course/","Curriculum","HTML anchor","200","https://kujo.robertdevore.com/course/","","reachable","","retain","true"
"baseline","https://kujo.robertdevore.com/course/async-and-await/","https://kujo.robertdevore.com/explorer/","Examples","HTML anchor","200","https://kujo.robertdevore.com/explorer/","","reachable","","retain","true"
"baseline","https://kujo.robertdevore.com/course/async-and-await/","https://kujo.robertdevore.com/evidence/","Evidence","HTML anchor","200","https://kujo.robertdevore.com/evidence/","","reachable","","retain","true"
"baseline","https://kujo.robertdevore.com/course/async-and-await/","https://kujo.robertdevore.com/course/what-is-kujo/","01 · What Kujo is","HTML anchor","200","https://kujo.robertdevore.com/course/what-is-kujo/","","reachable","","retain","true"
"baseline","https://kujo.robertdevore.com/course/async-and-await/","https://kujo.robertdevore.com/course/setup-and-cli/","02 · Installation, CLI, and your first program","HTML anchor","200","https://kujo.robertdevore.com/course/setup-and-cli/","","reachable","","retain","true"
"baseline","https://kujo.robertdevore.com/course/async-and-await/","https://kujo.robertdevore.com/course/bindings-and-mutability/","03 · Bindings, values, and mutability","HTML anchor","200","https://kujo.robertdevore.com/course/bindings-and-mutability/","","reachable","","retain","true"
"baseline","https://kujo.robertdevore.com/course/async-and-await/","https://kujo.robertdevore.com/course/values-and-truthiness/","04 · Values, operators, and truthiness","HTML anchor","200","https://kujo.robertdevore.com/course/values-and-truthiness/","","reachable","","retain","true"
"baseline","https://kujo.robertdevore.com/course/async-and-await/","https://kujo.robertdevore.com/course/control-flow/","05 · Control flow and block scopes","HTML anchor","200","https://kujo.robertdevore.com/course/control-flow/","","reachable","","retain","true"
"baseline","https://kujo.robertdevore.com/course/async-and-await/","https://kujo.robertdevore.com/course/functions/","06 · Functions, callbacks, and return values","HTML anchor","200","https://kujo.robertdevore.com/course/functions/","","reachable","","retain","true"
"baseline","https://kujo.robertdevore.com/course/async-and-await/","https://kujo.robertdevore.com/course/collections-and-pipelines/","07 · Collections, pipes, and null handling","HTML anchor","200","https://kujo.robertdevore.com/course/collections-and-pipelines/","","reachable","","retain","true"
"baseline","https://kujo.robertdevore.com/course/async-and-await/","https://kujo.robertdevore.com/build-1/","◆ Stage build","HTML anchor","200","https://kujo.robertdevore.com/build-1/","","reachable","","retain","true"
"baseline","https://kujo.robertdevore.com/course/async-and-await/","https://kujo.robertdevore.com/course/scope-and-capture/","08 · Scope, shadowing, and capture","HTML anchor","200","https://kujo.robertdevore.com/course/scope-and-capture/","","reachable","","retain","true"
"baseline","https://kujo.robertdevore.com/course/async-and-await/","https://kujo.robertdevore.com/course/structs-and-enums/","09 · Structs and enums","HTML anchor","200","https://kujo.robertdevore.com/course/structs-and-enums/","","reachable","","retain","true"
"baseline","https://kujo.robertdevore.com/course/async-and-await/","https://kujo.robertdevore.com/course/match-result-option/","10 · Match, Result, and Option","HTML anchor","200","https://kujo.robertdevore.com/course/match-result-option/","","reachable","","retain","true"
"baseline","https://kujo.robertdevore.com/course/async-and-await/","https://kujo.robertdevore.com/course/exceptions/","11 · Exceptions and recoverable errors","HTML anchor","200","https://kujo.robertdevore.com/course/exceptions/","","reachable","","retain","true"
"baseline","https://kujo.robertdevore.com/course/async-and-await/","https://kujo.robertdevore.com/course/optional-typing/","12 · Optional typing without imaginary guarantees","HTML anchor","200","https://kujo.robertdevore.com/course/optional-typing/","","reachable","","retain","true"
"baseline","https://kujo.robertdevore.com/course/async-and-await/","https://kujo.robertdevore.com/course/async-and-await/","13 · Async functions and await","HTML anchor","200","https://kujo.robertdevore.com/course/async-and-await/","","reachable","","retain","true"
"baseline","https://kujo.robertdevore.com/course/async-and-await/","https://kujo.robertdevore.com/course/bounded-concurrency/","14 · Spawn and bounded concurrent work","HTML anchor","200","https://kujo.robertdevore.com/course/bounded-concurrency/","","reachable","","retain","true"
"baseline","https://kujo.robertdevore.com/course/async-and-await/","https://kujo.robertdevore.com/build-2/","◆ Stage build","HTML anchor","200","https://kujo.robertdevore.com/build-2/","","reachable","","retain","true"
"baseline","https://kujo.robertdevore.com/course/async-and-await/","https://kujo.robertdevore.com/course/modules/","15 · Modules and explicit exports","HTML anchor","200","https://kujo.robertdevore.com/course/modules/","","reachable","","retain","true"
"baseline","https://kujo.robertdevore.com/course/async-and-await/","https://kujo.robertdevore.com/course/projects-and-lockfiles/","16 · Projects, packages, and lockfiles","HTML anchor","200","https://kujo.robertdevore.com/course/projects-and-lockfiles/","","reachable","","retain","true"
"baseline","https://kujo.robertdevore.com/course/async-and-await/","https://kujo.robertdevore.com/course/standard-library/","17 · Finding the standard library contract","HTML anchor","200","https://kujo.robertdevore.com/course/standard-library/","","reachable","","retain","true"
"baseline","https://kujo.robertdevore.com/course/async-and-await/","https://kujo.robertdevore.com/course/testing/","18 · Testing, fixtures, and runtime evidence","HTML anchor","200","https://kujo.robertdevore.com/course/testing/","","reachable","","retain","true"
"baseline","https://kujo.robertdevore.com/course/async-and-await/","https://kujo.robertdevore.com/course/machine-contracts/","19 · Diagnostics and machine-readable interfaces","HTML anchor","200","https://kujo.robertdevore.com/course/machine-contracts/","","reachable","","retain","true"
"baseline","https://kujo.robertdevore.com/course/async-and-await/","https://kujo.robertdevore.com/course/documentation/","20 · Documentation as a build artifact","HTML anchor","200","https://kujo.robertdevore.com/course/documentation/","","reachable","","retain","true"
"baseline","https://kujo.robertdevore.com/course/async-and-await/","https://kujo.robertdevore.com/course/editor-and-lsp/","21 · Editor integration and the LSP boundary","HTML anchor","200","https://kujo.robertdevore.com/course/editor-and-lsp/","","reachable","","retain","true"
"baseline","https://kujo.robertdevore.com/course/async-and-await/","https://kujo.robertdevore.com/build-3/","◆ Stage build","HTML anchor","200","https://kujo.robertdevore.com/build-3/","","reachable","","retain","true"
"baseline","https://kujo.robertdevore.com/course/async-and-await/","https://kujo.robertdevore.com/course/filesystem/","22 · Filesystem automation with bounded paths","HTML anchor","200","https://kujo.robertdevore.com/course/filesystem/","","reachable","","retain","true"
"baseline","https://kujo.robertdevore.com/course/async-and-await/","https://kujo.robertdevore.com/course/processes/","23 · Processes without unnecessary shells","HTML anchor","200","https://kujo.robertdevore.com/course/processes/","","reachable","","retain","true"
"baseline","https://kujo.robertdevore.com/course/async-and-await/","https://kujo.robertdevore.com/course/http-and-networking/","24 · HTTP and network boundaries","HTML anchor","200","https://kujo.robertdevore.com/course/http-and-networking/","","reachable","","retain","true"
"baseline","https://kujo.robertdevore.com/course/async-and-await/","https://kujo.robertdevore.com/course/data-and-persistence/","25 · Structured data and local persistence","HTML anchor","200","https://kujo.robertdevore.com/course/data-and-persistence/","","reachable","","retain","true"
"baseline","https://kujo.robertdevore.com/course/async-and-await/","https://kujo.robertdevore.com/course/capability-security/","26 · Trusted execution and minimum authority","HTML anchor","200","https://kujo.robertdevore.com/course/capability-security/","","reachable","","retain","true"
"baseline","https://kujo.robertdevore.com/course/async-and-await/","https://kujo.robertdevore.com/course/secret-boundaries/","27 · Secrets, redaction, and endpoint policy","HTML anchor","200","https://kujo.robertdevore.com/course/secret-boundaries/","","reachable","","retain","true"
"baseline","https://kujo.robertdevore.com/course/async-and-await/","https://kujo.robertdevore.com/build-4/","◆ Stage build","HTML anchor","200","https://kujo.robertdevore.com/build-4/","","reachable","","retain","true"
"baseline","https://kujo.robertdevore.com/course/async-and-await/","https://kujo.robertdevore.com/course/ai-effects-and-messages/","28 · AI effects and portable messages","HTML anchor","200","https://kujo.robertdevore.com/course/ai-effects-and-messages/","","reachable","","retain","true"
"baseline","https://kujo.robertdevore.com/course/async-and-await/","https://kujo.robertdevore.com/course/request-identity/","29 · Deterministic request identity","HTML anchor","200","https://kujo.robertdevore.com/course/request-identity/","","reachable","","retain","true"
"baseline","https://kujo.robertdevore.com/course/async-and-await/","https://kujo.robertdevore.com/course/record-and-replay/","30 · Record, replay, and offline evidence","HTML anchor","200","https://kujo.robertdevore.com/course/record-and-replay/","","reachable","","retain","true"
"baseline","https://kujo.robertdevore.com/course/async-and-await/","https://kujo.robertdevore.com/course/streaming/","31 · Streaming and cancellation","HTML anchor","200","https://kujo.robertdevore.com/course/streaming/","","reachable","","retain","true"
"baseline","https://kujo.robertdevore.com/course/async-and-await/","https://kujo.robertdevore.com/course/structured-outputs/","32 · Structured outputs and schema validation","HTML anchor","200","https://kujo.robertdevore.com/course/structured-outputs/","","reachable","","retain","true"
"baseline","https://kujo.robertdevore.com/course/async-and-await/","https://kujo.robertdevore.com/course/context-and-vectors/","33 · Context budgets, embeddings, and vectors","HTML anchor","200","https://kujo.robertdevore.com/course/context-and-vectors/","","reachable","","retain","true"
"baseline","https://kujo.robertdevore.com/course/async-and-await/","https://kujo.robertdevore.com/course/tool-loops/","34 · Bounded AI tool loops","HTML anchor","200","https://kujo.robertdevore.com/course/tool-loops/","","reachable","","retain","true"
"baseline","https://kujo.robertdevore.com/course/async-and-await/","https://kujo.robertdevore.com/build-5/","◆ Stage build","HTML anchor","200","https://kujo.robertdevore.com/build-5/","","reachable","","retain","true"
"baseline","https://kujo.robertdevore.com/course/async-and-await/","https://kujo.robertdevore.com/course/mechanism-and-policy/","35 · Mechanism versus policy","HTML anchor","200","https://kujo.robertdevore.com/course/mechanism-and-policy/","","reachable","","retain","true"
"baseline","https://kujo.robertdevore.com/course/async-and-await/","https://kujo.robertdevore.com/course/loop-engineering/","36 · Loop Engineering, specs, and stop conditions","HTML anchor","200","https://kujo.robertdevore.com/course/loop-engineering/","","reachable","","retain","true"
"baseline","https://kujo.robertdevore.com/course/async-and-await/","https://kujo.robertdevore.com/course/evaluation/","37 · Evaluation independent of generation","HTML anchor","200","https://kujo.robertdevore.com/course/evaluation/","","reachable","","retain","true"
"baseline","https://kujo.robertdevore.com/course/async-and-await/","https://kujo.robertdevore.com/course/evidence-and-handoffs/","38 · Evidence, run records, and work boundaries","HTML anchor","200","https://kujo.robertdevore.com/course/evidence-and-handoffs/","","reachable","","retain","true"
"baseline","https://kujo.robertdevore.com/course/async-and-await/","https://kujo.robertdevore.com/course/isolation-and-observability/","39 · Isolation, observability, and watchdogs","HTML anchor","200","https://kujo.robertdevore.com/course/isolation-and-observability/","","reachable","","retain","true"
"baseline","https://kujo.robertdevore.com/course/async-and-await/","https://kujo.robertdevore.com/course/mcp-interoperability/","40 · MCP and external tool interoperability","HTML anchor","200","https://kujo.robertdevore.com/course/mcp-interoperability/","","reachable","","retain","true"
"baseline","https://kujo.robertdevore.com/course/async-and-await/","https://kujo.robertdevore.com/build-6/","◆ Stage build","HTML anchor","200","https://kujo.robertdevore.com/build-6/","","reachable","","retain","true"
"baseline","https://kujo.robertdevore.com/course/async-and-await/","https://kujo.robertdevore.com/capstone/","◆ Final capstone","HTML anchor","200","https://kujo.robertdevore.com/capstone/","","reachable","","retain","true"
"baseline","https://kujo.robertdevore.com/course/async-and-await/","https://kujo.robertdevore.com/course/","Full curriculum →","HTML anchor","200","https://kujo.robertdevore.com/course/","","reachable","","retain","true"
"baseline","https://kujo.robertdevore.com/course/async-and-await/","https://kujo.robertdevore.com/examples/13.kujo","Download example","HTML anchor","200","https://kujo.robertdevore.com/examples/13.kujo","","reachable","","retain","true"
"baseline","https://kujo.robertdevore.com/course/async-and-await/","https://kujo.robertdevore.com/course/optional-typing/","← Optional typing without imaginary guarantees","HTML anchor","200","https://kujo.robertdevore.com/course/optional-typing/","","reachable","","retain","true"
"baseline","https://kujo.robertdevore.com/course/async-and-await/","https://kujo.robertdevore.com/course/bounded-concurrency/","Spawn and bounded concurrent work →","HTML anchor","200","https://kujo.robertdevore.com/course/bounded-concurrency/","","reachable","","retain","true"
"baseline","https://kujo.robertdevore.com/course/async-and-await/","https://kujo.robertdevore.com/","K_ KUJO COURSE","HTML anchor","200","https://kujo.robertdevore.com/","","reachable","","retain","true"
"baseline","https://kujo.robertdevore.com/course/async-and-await/","https://kujo.robertdevore.com/about/","About","HTML anchor","200","https://kujo.robertdevore.com/about/","","reachable","","retain","true"
"baseline","https://kujo.robertdevore.com/course/async-and-await/","https://kujo.robertdevore.com/sitemap.xml","Sitemap","HTML anchor","200","https://kujo.robertdevore.com/sitemap.xml","","reachable","","retain","true"
"baseline","https://kujo.robertdevore.com/course/bounded-concurrency/","https://kujo.robertdevore.com/course/bounded-concurrency/#main","Skip to content","HTML anchor","200","https://kujo.robertdevore.com/course/bounded-concurrency/","","reachable","","retain","true"
"baseline","https://kujo.robertdevore.com/course/bounded-concurrency/","https://kujo.robertdevore.com/","K_ KUJO THE COURSE","HTML anchor","200","https://kujo.robertdevore.com/","","reachable","","retain","true"
"baseline","https://kujo.robertdevore.com/course/bounded-concurrency/","https://kujo.robertdevore.com/course/","Curriculum","HTML anchor","200","https://kujo.robertdevore.com/course/","","reachable","","retain","true"
"baseline","https://kujo.robertdevore.com/course/bounded-concurrency/","https://kujo.robertdevore.com/explorer/","Examples","HTML anchor","200","https://kujo.robertdevore.com/explorer/","","reachable","","retain","true"
"baseline","https://kujo.robertdevore.com/course/bounded-concurrency/","https://kujo.robertdevore.com/evidence/","Evidence","HTML anchor","200","https://kujo.robertdevore.com/evidence/","","reachable","","retain","true"
"baseline","https://kujo.robertdevore.com/course/bounded-concurrency/","https://kujo.robertdevore.com/course/what-is-kujo/","01 · What Kujo is","HTML anchor","200","https://kujo.robertdevore.com/course/what-is-kujo/","","reachable","","retain","true"
"baseline","https://kujo.robertdevore.com/course/bounded-concurrency/","https://kujo.robertdevore.com/course/setup-and-cli/","02 · Installation, CLI, and your first program","HTML anchor","200","https://kujo.robertdevore.com/course/setup-and-cli/","","reachable","","retain","true"
"baseline","https://kujo.robertdevore.com/course/bounded-concurrency/","https://kujo.robertdevore.com/course/bindings-and-mutability/","03 · Bindings, values, and mutability","HTML anchor","200","https://kujo.robertdevore.com/course/bindings-and-mutability/","","reachable","","retain","true"
"baseline","https://kujo.robertdevore.com/course/bounded-concurrency/","https://kujo.robertdevore.com/course/values-and-truthiness/","04 · Values, operators, and truthiness","HTML anchor","200","https://kujo.robertdevore.com/course/values-and-truthiness/","","reachable","","retain","true"
"baseline","https://kujo.robertdevore.com/course/bounded-concurrency/","https://kujo.robertdevore.com/course/control-flow/","05 · Control flow and block scopes","HTML anchor","200","https://kujo.robertdevore.com/course/control-flow/","","reachable","","retain","true"
"baseline","https://kujo.robertdevore.com/course/bounded-concurrency/","https://kujo.robertdevore.com/course/functions/","06 · Functions, callbacks, and return values","HTML anchor","200","https://kujo.robertdevore.com/course/functions/","","reachable","","retain","true"
"baseline","https://kujo.robertdevore.com/course/bounded-concurrency/","https://kujo.robertdevore.com/course/collections-and-pipelines/","07 · Collections, pipes, and null handling","HTML anchor","200","https://kujo.robertdevore.com/course/collections-and-pipelines/","","reachable","","retain","true"
"baseline","https://kujo.robertdevore.com/course/bounded-concurrency/","https://kujo.robertdevore.com/build-1/","◆ Stage build","HTML anchor","200","https://kujo.robertdevore.com/build-1/","","reachable","","retain","true"
"baseline","https://kujo.robertdevore.com/course/bounded-concurrency/","https://kujo.robertdevore.com/course/scope-and-capture/","08 · Scope, shadowing, and capture","HTML anchor","200","https://kujo.robertdevore.com/course/scope-and-capture/","","reachable","","retain","true"
"baseline","https://kujo.robertdevore.com/course/bounded-concurrency/","https://kujo.robertdevore.com/course/structs-and-enums/","09 · Structs and enums","HTML anchor","200","https://kujo.robertdevore.com/course/structs-and-enums/","","reachable","","retain","true"
"baseline","https://kujo.robertdevore.com/course/bounded-concurrency/","https://kujo.robertdevore.com/course/match-result-option/","10 · Match, Result, and Option","HTML anchor","200","https://kujo.robertdevore.com/course/match-result-option/","","reachable","","retain","true"
"baseline","https://kujo.robertdevore.com/course/bounded-concurrency/","https://kujo.robertdevore.com/course/exceptions/","11 · Exceptions and recoverable errors","HTML anchor","200","https://kujo.robertdevore.com/course/exceptions/","","reachable","","retain","true"
"baseline","https://kujo.robertdevore.com/course/bounded-concurrency/","https://kujo.robertdevore.com/course/optional-typing/","12 · Optional typing without imaginary guarantees","HTML anchor","200","https://kujo.robertdevore.com/course/optional-typing/","","reachable","","retain","true"
"baseline","https://kujo.robertdevore.com/course/bounded-concurrency/","https://kujo.robertdevore.com/course/async-and-await/","13 · Async functions and await","HTML anchor","200","https://kujo.robertdevore.com/course/async-and-await/","","reachable","","retain","true"
"baseline","https://kujo.robertdevore.com/course/bounded-concurrency/","https://kujo.robertdevore.com/course/bounded-concurrency/","14 · Spawn and bounded concurrent work","HTML anchor","200","https://kujo.robertdevore.com/course/bounded-concurrency/","","reachable","","retain","true"
"baseline","https://kujo.robertdevore.com/course/bounded-concurrency/","https://kujo.robertdevore.com/build-2/","◆ Stage build","HTML anchor","200","https://kujo.robertdevore.com/build-2/","","reachable","","retain","true"
"baseline","https://kujo.robertdevore.com/course/bounded-concurrency/","https://kujo.robertdevore.com/course/modules/","15 · Modules and explicit exports","HTML anchor","200","https://kujo.robertdevore.com/course/modules/","","reachable","","retain","true"
"baseline","https://kujo.robertdevore.com/course/bounded-concurrency/","https://kujo.robertdevore.com/course/projects-and-lockfiles/","16 · Projects, packages, and lockfiles","HTML anchor","200","https://kujo.robertdevore.com/course/projects-and-lockfiles/","","reachable","","retain","true"
"baseline","https://kujo.robertdevore.com/course/bounded-concurrency/","https://kujo.robertdevore.com/course/standard-library/","17 · Finding the standard library contract","HTML anchor","200","https://kujo.robertdevore.com/course/standard-library/","","reachable","","retain","true"
"baseline","https://kujo.robertdevore.com/course/bounded-concurrency/","https://kujo.robertdevore.com/course/testing/","18 · Testing, fixtures, and runtime evidence","HTML anchor","200","https://kujo.robertdevore.com/course/testing/","","reachable","","retain","true"
"baseline","https://kujo.robertdevore.com/course/bounded-concurrency/","https://kujo.robertdevore.com/course/machine-contracts/","19 · Diagnostics and machine-readable interfaces","HTML anchor","200","https://kujo.robertdevore.com/course/machine-contracts/","","reachable","","retain","true"
"baseline","https://kujo.robertdevore.com/course/bounded-concurrency/","https://kujo.robertdevore.com/course/documentation/","20 · Documentation as a build artifact","HTML anchor","200","https://kujo.robertdevore.com/course/documentation/","","reachable","","retain","true"
"baseline","https://kujo.robertdevore.com/course/bounded-concurrency/","https://kujo.robertdevore.com/course/editor-and-lsp/","21 · Editor integration and the LSP boundary","HTML anchor","200","https://kujo.robertdevore.com/course/editor-and-lsp/","","reachable","","retain","true"
"baseline","https://kujo.robertdevore.com/course/bounded-concurrency/","https://kujo.robertdevore.com/build-3/","◆ Stage build","HTML anchor","200","https://kujo.robertdevore.com/build-3/","","reachable","","retain","true"
"baseline","https://kujo.robertdevore.com/course/bounded-concurrency/","https://kujo.robertdevore.com/course/filesystem/","22 · Filesystem automation with bounded paths","HTML anchor","200","https://kujo.robertdevore.com/course/filesystem/","","reachable","","retain","true"
"baseline","https://kujo.robertdevore.com/course/bounded-concurrency/","https://kujo.robertdevore.com/course/processes/","23 · Processes without unnecessary shells","HTML anchor","200","https://kujo.robertdevore.com/course/processes/","","reachable","","retain","true"
"baseline","https://kujo.robertdevore.com/course/bounded-concurrency/","https://kujo.robertdevore.com/course/http-and-networking/","24 · HTTP and network boundaries","HTML anchor","200","https://kujo.robertdevore.com/course/http-and-networking/","","reachable","","retain","true"
"baseline","https://kujo.robertdevore.com/course/bounded-concurrency/","https://kujo.robertdevore.com/course/data-and-persistence/","25 · Structured data and local persistence","HTML anchor","200","https://kujo.robertdevore.com/course/data-and-persistence/","","reachable","","retain","true"
"baseline","https://kujo.robertdevore.com/course/bounded-concurrency/","https://kujo.robertdevore.com/course/capability-security/","26 · Trusted execution and minimum authority","HTML anchor","200","https://kujo.robertdevore.com/course/capability-security/","","reachable","","retain","true"
"baseline","https://kujo.robertdevore.com/course/bounded-concurrency/","https://kujo.robertdevore.com/course/secret-boundaries/","27 · Secrets, redaction, and endpoint policy","HTML anchor","200","https://kujo.robertdevore.com/course/secret-boundaries/","","reachable","","retain","true"
"baseline","https://kujo.robertdevore.com/course/bounded-concurrency/","https://kujo.robertdevore.com/build-4/","◆ Stage build","HTML anchor","200","https://kujo.robertdevore.com/build-4/","","reachable","","retain","true"
"baseline","https://kujo.robertdevore.com/course/bounded-concurrency/","https://kujo.robertdevore.com/course/ai-effects-and-messages/","28 · AI effects and portable messages","HTML anchor","200","https://kujo.robertdevore.com/course/ai-effects-and-messages/","","reachable","","retain","true"
"baseline","https://kujo.robertdevore.com/course/bounded-concurrency/","https://kujo.robertdevore.com/course/request-identity/","29 · Deterministic request identity","HTML anchor","200","https://kujo.robertdevore.com/course/request-identity/","","reachable","","retain","true"
"baseline","https://kujo.robertdevore.com/course/bounded-concurrency/","https://kujo.robertdevore.com/course/record-and-replay/","30 · Record, replay, and offline evidence","HTML anchor","200","https://kujo.robertdevore.com/course/record-and-replay/","","reachable","","retain","true"
"baseline","https://kujo.robertdevore.com/course/bounded-concurrency/","https://kujo.robertdevore.com/course/streaming/","31 · Streaming and cancellation","HTML anchor","200","https://kujo.robertdevore.com/course/streaming/","","reachable","","retain","true"
"baseline","https://kujo.robertdevore.com/course/bounded-concurrency/","https://kujo.robertdevore.com/course/structured-outputs/","32 · Structured outputs and schema validation","HTML anchor","200","https://kujo.robertdevore.com/course/structured-outputs/","","reachable","","retain","true"
"baseline","https://kujo.robertdevore.com/course/bounded-concurrency/","https://kujo.robertdevore.com/course/context-and-vectors/","33 · Context budgets, embeddings, and vectors","HTML anchor","200","https://kujo.robertdevore.com/course/context-and-vectors/","","reachable","","retain","true"
"baseline","https://kujo.robertdevore.com/course/bounded-concurrency/","https://kujo.robertdevore.com/course/tool-loops/","34 · Bounded AI tool loops","HTML anchor","200","https://kujo.robertdevore.com/course/tool-loops/","","reachable","","retain","true"
"baseline","https://kujo.robertdevore.com/course/bounded-concurrency/","https://kujo.robertdevore.com/build-5/","◆ Stage build","HTML anchor","200","https://kujo.robertdevore.com/build-5/","","reachable","","retain","true"
"baseline","https://kujo.robertdevore.com/course/bounded-concurrency/","https://kujo.robertdevore.com/course/mechanism-and-policy/","35 · Mechanism versus policy","HTML anchor","200","https://kujo.robertdevore.com/course/mechanism-and-policy/","","reachable","","retain","true"
"baseline","https://kujo.robertdevore.com/course/bounded-concurrency/","https://kujo.robertdevore.com/course/loop-engineering/","36 · Loop Engineering, specs, and stop conditions","HTML anchor","200","https://kujo.robertdevore.com/course/loop-engineering/","","reachable","","retain","true"
"baseline","https://kujo.robertdevore.com/course/bounded-concurrency/","https://kujo.robertdevore.com/course/evaluation/","37 · Evaluation independent of generation","HTML anchor","200","https://kujo.robertdevore.com/course/evaluation/","","reachable","","retain","true"
"baseline","https://kujo.robertdevore.com/course/bounded-concurrency/","https://kujo.robertdevore.com/course/evidence-and-handoffs/","38 · Evidence, run records, and work boundaries","HTML anchor","200","https://kujo.robertdevore.com/course/evidence-and-handoffs/","","reachable","","retain","true"
"baseline","https://kujo.robertdevore.com/course/bounded-concurrency/","https://kujo.robertdevore.com/course/isolation-and-observability/","39 · Isolation, observability, and watchdogs","HTML anchor","200","https://kujo.robertdevore.com/course/isolation-and-observability/","","reachable","","retain","true"
"baseline","https://kujo.robertdevore.com/course/bounded-concurrency/","https://kujo.robertdevore.com/course/mcp-interoperability/","40 · MCP and external tool interoperability","HTML anchor","200","https://kujo.robertdevore.com/course/mcp-interoperability/","","reachable","","retain","true"
"baseline","https://kujo.robertdevore.com/course/bounded-concurrency/","https://kujo.robertdevore.com/build-6/","◆ Stage build","HTML anchor","200","https://kujo.robertdevore.com/build-6/","","reachable","","retain","true"
"baseline","https://kujo.robertdevore.com/course/bounded-concurrency/","https://kujo.robertdevore.com/capstone/","◆ Final capstone","HTML anchor","200","https://kujo.robertdevore.com/capstone/","","reachable","","retain","true"
"baseline","https://kujo.robertdevore.com/course/bounded-concurrency/","https://kujo.robertdevore.com/course/","Full curriculum →","HTML anchor","200","https://kujo.robertdevore.com/course/","","reachable","","retain","true"
"baseline","https://kujo.robertdevore.com/course/bounded-concurrency/","https://kujo.robertdevore.com/examples/14.kujo","Download example","HTML anchor","200","https://kujo.robertdevore.com/examples/14.kujo","","reachable","","retain","true"
"baseline","https://kujo.robertdevore.com/course/bounded-concurrency/","https://kujo.robertdevore.com/course/async-and-await/","← Async functions and await","HTML anchor","200","https://kujo.robertdevore.com/course/async-and-await/","","reachable","","retain","true"
"baseline","https://kujo.robertdevore.com/course/bounded-concurrency/","https://kujo.robertdevore.com/course/modules/","Modules and explicit exports →","HTML anchor","200","https://kujo.robertdevore.com/course/modules/","","reachable","","retain","true"
"baseline","https://kujo.robertdevore.com/course/bounded-concurrency/","https://kujo.robertdevore.com/build-2/","Complete this stage’s build →","HTML anchor","200","https://kujo.robertdevore.com/build-2/","","reachable","","retain","true"
"baseline","https://kujo.robertdevore.com/course/bounded-concurrency/","https://kujo.robertdevore.com/","K_ KUJO COURSE","HTML anchor","200","https://kujo.robertdevore.com/","","reachable","","retain","true"
"baseline","https://kujo.robertdevore.com/course/bounded-concurrency/","https://kujo.robertdevore.com/about/","About","HTML anchor","200","https://kujo.robertdevore.com/about/","","reachable","","retain","true"
"baseline","https://kujo.robertdevore.com/course/bounded-concurrency/","https://kujo.robertdevore.com/sitemap.xml","Sitemap","HTML anchor","200","https://kujo.robertdevore.com/sitemap.xml","","reachable","","retain","true"
"baseline","https://kujo.robertdevore.com/course/modules/","https://kujo.robertdevore.com/course/modules/#main","Skip to content","HTML anchor","200","https://kujo.robertdevore.com/course/modules/","","reachable","","retain","true"
"baseline","https://kujo.robertdevore.com/course/modules/","https://kujo.robertdevore.com/","K_ KUJO THE COURSE","HTML anchor","200","https://kujo.robertdevore.com/","","reachable","","retain","true"
"baseline","https://kujo.robertdevore.com/course/modules/","https://kujo.robertdevore.com/course/","Curriculum","HTML anchor","200","https://kujo.robertdevore.com/course/","","reachable","","retain","true"
"baseline","https://kujo.robertdevore.com/course/modules/","https://kujo.robertdevore.com/explorer/","Examples","HTML anchor","200","https://kujo.robertdevore.com/explorer/","","reachable","","retain","true"
"baseline","https://kujo.robertdevore.com/course/modules/","https://kujo.robertdevore.com/evidence/","Evidence","HTML anchor","200","https://kujo.robertdevore.com/evidence/","","reachable","","retain","true"
"baseline","https://kujo.robertdevore.com/course/modules/","https://kujo.robertdevore.com/course/what-is-kujo/","01 · What Kujo is","HTML anchor","200","https://kujo.robertdevore.com/course/what-is-kujo/","","reachable","","retain","true"
"baseline","https://kujo.robertdevore.com/course/modules/","https://kujo.robertdevore.com/course/setup-and-cli/","02 · Installation, CLI, and your first program","HTML anchor","200","https://kujo.robertdevore.com/course/setup-and-cli/","","reachable","","retain","true"
"baseline","https://kujo.robertdevore.com/course/modules/","https://kujo.robertdevore.com/course/bindings-and-mutability/","03 · Bindings, values, and mutability","HTML anchor","200","https://kujo.robertdevore.com/course/bindings-and-mutability/","","reachable","","retain","true"
"baseline","https://kujo.robertdevore.com/course/modules/","https://kujo.robertdevore.com/course/values-and-truthiness/","04 · Values, operators, and truthiness","HTML anchor","200","https://kujo.robertdevore.com/course/values-and-truthiness/","","reachable","","retain","true"
"baseline","https://kujo.robertdevore.com/course/modules/","https://kujo.robertdevore.com/course/control-flow/","05 · Control flow and block scopes","HTML anchor","200","https://kujo.robertdevore.com/course/control-flow/","","reachable","","retain","true"
"baseline","https://kujo.robertdevore.com/course/modules/","https://kujo.robertdevore.com/course/functions/","06 · Functions, callbacks, and return values","HTML anchor","200","https://kujo.robertdevore.com/course/functions/","","reachable","","retain","true"
"baseline","https://kujo.robertdevore.com/course/modules/","https://kujo.robertdevore.com/course/collections-and-pipelines/","07 · Collections, pipes, and null handling","HTML anchor","200","https://kujo.robertdevore.com/course/collections-and-pipelines/","","reachable","","retain","true"
"baseline","https://kujo.robertdevore.com/course/modules/","https://kujo.robertdevore.com/build-1/","◆ Stage build","HTML anchor","200","https://kujo.robertdevore.com/build-1/","","reachable","","retain","true"
"baseline","https://kujo.robertdevore.com/course/modules/","https://kujo.robertdevore.com/course/scope-and-capture/","08 · Scope, shadowing, and capture","HTML anchor","200","https://kujo.robertdevore.com/course/scope-and-capture/","","reachable","","retain","true"
"baseline","https://kujo.robertdevore.com/course/modules/","https://kujo.robertdevore.com/course/structs-and-enums/","09 · Structs and enums","HTML anchor","200","https://kujo.robertdevore.com/course/structs-and-enums/","","reachable","","retain","true"
"baseline","https://kujo.robertdevore.com/course/modules/","https://kujo.robertdevore.com/course/match-result-option/","10 · Match, Result, and Option","HTML anchor","200","https://kujo.robertdevore.com/course/match-result-option/","","reachable","","retain","true"
"baseline","https://kujo.robertdevore.com/course/modules/","https://kujo.robertdevore.com/course/exceptions/","11 · Exceptions and recoverable errors","HTML anchor","200","https://kujo.robertdevore.com/course/exceptions/","","reachable","","retain","true"
"baseline","https://kujo.robertdevore.com/course/modules/","https://kujo.robertdevore.com/course/optional-typing/","12 · Optional typing without imaginary guarantees","HTML anchor","200","https://kujo.robertdevore.com/course/optional-typing/","","reachable","","retain","true"
"baseline","https://kujo.robertdevore.com/course/modules/","https://kujo.robertdevore.com/course/async-and-await/","13 · Async functions and await","HTML anchor","200","https://kujo.robertdevore.com/course/async-and-await/","","reachable","","retain","true"
"baseline","https://kujo.robertdevore.com/course/modules/","https://kujo.robertdevore.com/course/bounded-concurrency/","14 · Spawn and bounded concurrent work","HTML anchor","200","https://kujo.robertdevore.com/course/bounded-concurrency/","","reachable","","retain","true"
"baseline","https://kujo.robertdevore.com/course/modules/","https://kujo.robertdevore.com/build-2/","◆ Stage build","HTML anchor","200","https://kujo.robertdevore.com/build-2/","","reachable","","retain","true"
"baseline","https://kujo.robertdevore.com/course/modules/","https://kujo.robertdevore.com/course/modules/","15 · Modules and explicit exports","HTML anchor","200","https://kujo.robertdevore.com/course/modules/","","reachable","","retain","true"
"baseline","https://kujo.robertdevore.com/course/modules/","https://kujo.robertdevore.com/course/projects-and-lockfiles/","16 · Projects, packages, and lockfiles","HTML anchor","200","https://kujo.robertdevore.com/course/projects-and-lockfiles/","","reachable","","retain","true"
"baseline","https://kujo.robertdevore.com/course/modules/","https://kujo.robertdevore.com/course/standard-library/","17 · Finding the standard library contract","HTML anchor","200","https://kujo.robertdevore.com/course/standard-library/","","reachable","","retain","true"
"baseline","https://kujo.robertdevore.com/course/modules/","https://kujo.robertdevore.com/course/testing/","18 · Testing, fixtures, and runtime evidence","HTML anchor","200","https://kujo.robertdevore.com/course/testing/","","reachable","","retain","true"
"baseline","https://kujo.robertdevore.com/course/modules/","https://kujo.robertdevore.com/course/machine-contracts/","19 · Diagnostics and machine-readable interfaces","HTML anchor","200","https://kujo.robertdevore.com/course/machine-contracts/","","reachable","","retain","true"
"baseline","https://kujo.robertdevore.com/course/modules/","https://kujo.robertdevore.com/course/documentation/","20 · Documentation as a build artifact","HTML anchor","200","https://kujo.robertdevore.com/course/documentation/","","reachable","","retain","true"
"baseline","https://kujo.robertdevore.com/course/modules/","https://kujo.robertdevore.com/course/editor-and-lsp/","21 · Editor integration and the LSP boundary","HTML anchor","200","https://kujo.robertdevore.com/course/editor-and-lsp/","","reachable","","retain","true"
"baseline","https://kujo.robertdevore.com/course/modules/","https://kujo.robertdevore.com/build-3/","◆ Stage build","HTML anchor","200","https://kujo.robertdevore.com/build-3/","","reachable","","retain","true"
"baseline","https://kujo.robertdevore.com/course/modules/","https://kujo.robertdevore.com/course/filesystem/","22 · Filesystem automation with bounded paths","HTML anchor","200","https://kujo.robertdevore.com/course/filesystem/","","reachable","","retain","true"
"baseline","https://kujo.robertdevore.com/course/modules/","https://kujo.robertdevore.com/course/processes/","23 · Processes without unnecessary shells","HTML anchor","200","https://kujo.robertdevore.com/course/processes/","","reachable","","retain","true"
"baseline","https://kujo.robertdevore.com/course/modules/","https://kujo.robertdevore.com/course/http-and-networking/","24 · HTTP and network boundaries","HTML anchor","200","https://kujo.robertdevore.com/course/http-and-networking/","","reachable","","retain","true"
"baseline","https://kujo.robertdevore.com/course/modules/","https://kujo.robertdevore.com/course/data-and-persistence/","25 · Structured data and local persistence","HTML anchor","200","https://kujo.robertdevore.com/course/data-and-persistence/","","reachable","","retain","true"
"baseline","https://kujo.robertdevore.com/course/modules/","https://kujo.robertdevore.com/course/capability-security/","26 · Trusted execution and minimum authority","HTML anchor","200","https://kujo.robertdevore.com/course/capability-security/","","reachable","","retain","true"
"baseline","https://kujo.robertdevore.com/course/modules/","https://kujo.robertdevore.com/course/secret-boundaries/","27 · Secrets, redaction, and endpoint policy","HTML anchor","200","https://kujo.robertdevore.com/course/secret-boundaries/","","reachable","","retain","true"
"baseline","https://kujo.robertdevore.com/course/modules/","https://kujo.robertdevore.com/build-4/","◆ Stage build","HTML anchor","200","https://kujo.robertdevore.com/build-4/","","reachable","","retain","true"
"baseline","https://kujo.robertdevore.com/course/modules/","https://kujo.robertdevore.com/course/ai-effects-and-messages/","28 · AI effects and portable messages","HTML anchor","200","https://kujo.robertdevore.com/course/ai-effects-and-messages/","","reachable","","retain","true"
"baseline","https://kujo.robertdevore.com/course/modules/","https://kujo.robertdevore.com/course/request-identity/","29 · Deterministic request identity","HTML anchor","200","https://kujo.robertdevore.com/course/request-identity/","","reachable","","retain","true"
"baseline","https://kujo.robertdevore.com/course/modules/","https://kujo.robertdevore.com/course/record-and-replay/","30 · Record, replay, and offline evidence","HTML anchor","200","https://kujo.robertdevore.com/course/record-and-replay/","","reachable","","retain","true"
"baseline","https://kujo.robertdevore.com/course/modules/","https://kujo.robertdevore.com/course/streaming/","31 · Streaming and cancellation","HTML anchor","200","https://kujo.robertdevore.com/course/streaming/","","reachable","","retain","true"
"baseline","https://kujo.robertdevore.com/course/modules/","https://kujo.robertdevore.com/course/structured-outputs/","32 · Structured outputs and schema validation","HTML anchor","200","https://kujo.robertdevore.com/course/structured-outputs/","","reachable","","retain","true"
"baseline","https://kujo.robertdevore.com/course/modules/","https://kujo.robertdevore.com/course/context-and-vectors/","33 · Context budgets, embeddings, and vectors","HTML anchor","200","https://kujo.robertdevore.com/course/context-and-vectors/","","reachable","","retain","true"
"baseline","https://kujo.robertdevore.com/course/modules/","https://kujo.robertdevore.com/course/tool-loops/","34 · Bounded AI tool loops","HTML anchor","200","https://kujo.robertdevore.com/course/tool-loops/","","reachable","","retain","true"
"baseline","https://kujo.robertdevore.com/course/modules/","https://kujo.robertdevore.com/build-5/","◆ Stage build","HTML anchor","200","https://kujo.robertdevore.com/build-5/","","reachable","","retain","true"
"baseline","https://kujo.robertdevore.com/course/modules/","https://kujo.robertdevore.com/course/mechanism-and-policy/","35 · Mechanism versus policy","HTML anchor","200","https://kujo.robertdevore.com/course/mechanism-and-policy/","","reachable","","retain","true"
"baseline","https://kujo.robertdevore.com/course/modules/","https://kujo.robertdevore.com/course/loop-engineering/","36 · Loop Engineering, specs, and stop conditions","HTML anchor","200","https://kujo.robertdevore.com/course/loop-engineering/","","reachable","","retain","true"
"baseline","https://kujo.robertdevore.com/course/modules/","https://kujo.robertdevore.com/course/evaluation/","37 · Evaluation independent of generation","HTML anchor","200","https://kujo.robertdevore.com/course/evaluation/","","reachable","","retain","true"
"baseline","https://kujo.robertdevore.com/course/modules/","https://kujo.robertdevore.com/course/evidence-and-handoffs/","38 · Evidence, run records, and work boundaries","HTML anchor","200","https://kujo.robertdevore.com/course/evidence-and-handoffs/","","reachable","","retain","true"
"baseline","https://kujo.robertdevore.com/course/modules/","https://kujo.robertdevore.com/course/isolation-and-observability/","39 · Isolation, observability, and watchdogs","HTML anchor","200","https://kujo.robertdevore.com/course/isolation-and-observability/","","reachable","","retain","true"
"baseline","https://kujo.robertdevore.com/course/modules/","https://kujo.robertdevore.com/course/mcp-interoperability/","40 · MCP and external tool interoperability","HTML anchor","200","https://kujo.robertdevore.com/course/mcp-interoperability/","","reachable","","retain","true"
"baseline","https://kujo.robertdevore.com/course/modules/","https://kujo.robertdevore.com/build-6/","◆ Stage build","HTML anchor","200","https://kujo.robertdevore.com/build-6/","","reachable","","retain","true"
"baseline","https://kujo.robertdevore.com/course/modules/","https://kujo.robertdevore.com/capstone/","◆ Final capstone","HTML anchor","200","https://kujo.robertdevore.com/capstone/","","reachable","","retain","true"
"baseline","https://kujo.robertdevore.com/course/modules/","https://kujo.robertdevore.com/course/","Full curriculum →","HTML anchor","200","https://kujo.robertdevore.com/course/","","reachable","","retain","true"
"baseline","https://kujo.robertdevore.com/course/modules/","https://kujo.robertdevore.com/examples/15.kujo","Download example","HTML anchor","200","https://kujo.robertdevore.com/examples/15.kujo","","reachable","","retain","true"
"baseline","https://kujo.robertdevore.com/course/modules/","https://kujo.robertdevore.com/course/bounded-concurrency/","← Spawn and bounded concurrent work","HTML anchor","200","https://kujo.robertdevore.com/course/bounded-concurrency/","","reachable","","retain","true"
"baseline","https://kujo.robertdevore.com/course/modules/","https://kujo.robertdevore.com/course/projects-and-lockfiles/","Projects, packages, and lockfiles →","HTML anchor","200","https://kujo.robertdevore.com/course/projects-and-lockfiles/","","reachable","","retain","true"
"baseline","https://kujo.robertdevore.com/course/modules/","https://kujo.robertdevore.com/","K_ KUJO COURSE","HTML anchor","200","https://kujo.robertdevore.com/","","reachable","","retain","true"
"baseline","https://kujo.robertdevore.com/course/modules/","https://kujo.robertdevore.com/about/","About","HTML anchor","200","https://kujo.robertdevore.com/about/","","reachable","","retain","true"
"baseline","https://kujo.robertdevore.com/course/modules/","https://kujo.robertdevore.com/sitemap.xml","Sitemap","HTML anchor","200","https://kujo.robertdevore.com/sitemap.xml","","reachable","","retain","true"
"baseline","https://kujo.robertdevore.com/course/projects-and-lockfiles/","https://kujo.robertdevore.com/course/projects-and-lockfiles/#main","Skip to content","HTML anchor","200","https://kujo.robertdevore.com/course/projects-and-lockfiles/","","reachable","","retain","true"
"baseline","https://kujo.robertdevore.com/course/projects-and-lockfiles/","https://kujo.robertdevore.com/","K_ KUJO THE COURSE","HTML anchor","200","https://kujo.robertdevore.com/","","reachable","","retain","true"
"baseline","https://kujo.robertdevore.com/course/projects-and-lockfiles/","https://kujo.robertdevore.com/course/","Curriculum","HTML anchor","200","https://kujo.robertdevore.com/course/","","reachable","","retain","true"
"baseline","https://kujo.robertdevore.com/course/projects-and-lockfiles/","https://kujo.robertdevore.com/explorer/","Examples","HTML anchor","200","https://kujo.robertdevore.com/explorer/","","reachable","","retain","true"
"baseline","https://kujo.robertdevore.com/course/projects-and-lockfiles/","https://kujo.robertdevore.com/evidence/","Evidence","HTML anchor","200","https://kujo.robertdevore.com/evidence/","","reachable","","retain","true"
"baseline","https://kujo.robertdevore.com/course/projects-and-lockfiles/","https://kujo.robertdevore.com/course/what-is-kujo/","01 · What Kujo is","HTML anchor","200","https://kujo.robertdevore.com/course/what-is-kujo/","","reachable","","retain","true"
"baseline","https://kujo.robertdevore.com/course/projects-and-lockfiles/","https://kujo.robertdevore.com/course/setup-and-cli/","02 · Installation, CLI, and your first program","HTML anchor","200","https://kujo.robertdevore.com/course/setup-and-cli/","","reachable","","retain","true"
"baseline","https://kujo.robertdevore.com/course/projects-and-lockfiles/","https://kujo.robertdevore.com/course/bindings-and-mutability/","03 · Bindings, values, and mutability","HTML anchor","200","https://kujo.robertdevore.com/course/bindings-and-mutability/","","reachable","","retain","true"
"baseline","https://kujo.robertdevore.com/course/projects-and-lockfiles/","https://kujo.robertdevore.com/course/values-and-truthiness/","04 · Values, operators, and truthiness","HTML anchor","200","https://kujo.robertdevore.com/course/values-and-truthiness/","","reachable","","retain","true"
"baseline","https://kujo.robertdevore.com/course/projects-and-lockfiles/","https://kujo.robertdevore.com/course/control-flow/","05 · Control flow and block scopes","HTML anchor","200","https://kujo.robertdevore.com/course/control-flow/","","reachable","","retain","true"
"baseline","https://kujo.robertdevore.com/course/projects-and-lockfiles/","https://kujo.robertdevore.com/course/functions/","06 · Functions, callbacks, and return values","HTML anchor","200","https://kujo.robertdevore.com/course/functions/","","reachable","","retain","true"
"baseline","https://kujo.robertdevore.com/course/projects-and-lockfiles/","https://kujo.robertdevore.com/course/collections-and-pipelines/","07 · Collections, pipes, and null handling","HTML anchor","200","https://kujo.robertdevore.com/course/collections-and-pipelines/","","reachable","","retain","true"
"baseline","https://kujo.robertdevore.com/course/projects-and-lockfiles/","https://kujo.robertdevore.com/build-1/","◆ Stage build","HTML anchor","200","https://kujo.robertdevore.com/build-1/","","reachable","","retain","true"
"baseline","https://kujo.robertdevore.com/course/projects-and-lockfiles/","https://kujo.robertdevore.com/course/scope-and-capture/","08 · Scope, shadowing, and capture","HTML anchor","200","https://kujo.robertdevore.com/course/scope-and-capture/","","reachable","","retain","true"
"baseline","https://kujo.robertdevore.com/course/projects-and-lockfiles/","https://kujo.robertdevore.com/course/structs-and-enums/","09 · Structs and enums","HTML anchor","200","https://kujo.robertdevore.com/course/structs-and-enums/","","reachable","","retain","true"
"baseline","https://kujo.robertdevore.com/course/projects-and-lockfiles/","https://kujo.robertdevore.com/course/match-result-option/","10 · Match, Result, and Option","HTML anchor","200","https://kujo.robertdevore.com/course/match-result-option/","","reachable","","retain","true"
"baseline","https://kujo.robertdevore.com/course/projects-and-lockfiles/","https://kujo.robertdevore.com/course/exceptions/","11 · Exceptions and recoverable errors","HTML anchor","200","https://kujo.robertdevore.com/course/exceptions/","","reachable","","retain","true"
"baseline","https://kujo.robertdevore.com/course/projects-and-lockfiles/","https://kujo.robertdevore.com/course/optional-typing/","12 · Optional typing without imaginary guarantees","HTML anchor","200","https://kujo.robertdevore.com/course/optional-typing/","","reachable","","retain","true"
"baseline","https://kujo.robertdevore.com/course/projects-and-lockfiles/","https://kujo.robertdevore.com/course/async-and-await/","13 · Async functions and await","HTML anchor","200","https://kujo.robertdevore.com/course/async-and-await/","","reachable","","retain","true"
"baseline","https://kujo.robertdevore.com/course/projects-and-lockfiles/","https://kujo.robertdevore.com/course/bounded-concurrency/","14 · Spawn and bounded concurrent work","HTML anchor","200","https://kujo.robertdevore.com/course/bounded-concurrency/","","reachable","","retain","true"
"baseline","https://kujo.robertdevore.com/course/projects-and-lockfiles/","https://kujo.robertdevore.com/build-2/","◆ Stage build","HTML anchor","200","https://kujo.robertdevore.com/build-2/","","reachable","","retain","true"
"baseline","https://kujo.robertdevore.com/course/projects-and-lockfiles/","https://kujo.robertdevore.com/course/modules/","15 · Modules and explicit exports","HTML anchor","200","https://kujo.robertdevore.com/course/modules/","","reachable","","retain","true"
"baseline","https://kujo.robertdevore.com/course/projects-and-lockfiles/","https://kujo.robertdevore.com/course/projects-and-lockfiles/","16 · Projects, packages, and lockfiles","HTML anchor","200","https://kujo.robertdevore.com/course/projects-and-lockfiles/","","reachable","","retain","true"
"baseline","https://kujo.robertdevore.com/course/projects-and-lockfiles/","https://kujo.robertdevore.com/course/standard-library/","17 · Finding the standard library contract","HTML anchor","200","https://kujo.robertdevore.com/course/standard-library/","","reachable","","retain","true"
"baseline","https://kujo.robertdevore.com/course/projects-and-lockfiles/","https://kujo.robertdevore.com/course/testing/","18 · Testing, fixtures, and runtime evidence","HTML anchor","200","https://kujo.robertdevore.com/course/testing/","","reachable","","retain","true"
"baseline","https://kujo.robertdevore.com/course/projects-and-lockfiles/","https://kujo.robertdevore.com/course/machine-contracts/","19 · Diagnostics and machine-readable interfaces","HTML anchor","200","https://kujo.robertdevore.com/course/machine-contracts/","","reachable","","retain","true"
"baseline","https://kujo.robertdevore.com/course/projects-and-lockfiles/","https://kujo.robertdevore.com/course/documentation/","20 · Documentation as a build artifact","HTML anchor","200","https://kujo.robertdevore.com/course/documentation/","","reachable","","retain","true"
"baseline","https://kujo.robertdevore.com/course/projects-and-lockfiles/","https://kujo.robertdevore.com/course/editor-and-lsp/","21 · Editor integration and the LSP boundary","HTML anchor","200","https://kujo.robertdevore.com/course/editor-and-lsp/","","reachable","","retain","true"
"baseline","https://kujo.robertdevore.com/course/projects-and-lockfiles/","https://kujo.robertdevore.com/build-3/","◆ Stage build","HTML anchor","200","https://kujo.robertdevore.com/build-3/","","reachable","","retain","true"
"baseline","https://kujo.robertdevore.com/course/projects-and-lockfiles/","https://kujo.robertdevore.com/course/filesystem/","22 · Filesystem automation with bounded paths","HTML anchor","200","https://kujo.robertdevore.com/course/filesystem/","","reachable","","retain","true"
"baseline","https://kujo.robertdevore.com/course/projects-and-lockfiles/","https://kujo.robertdevore.com/course/processes/","23 · Processes without unnecessary shells","HTML anchor","200","https://kujo.robertdevore.com/course/processes/","","reachable","","retain","true"
"baseline","https://kujo.robertdevore.com/course/projects-and-lockfiles/","https://kujo.robertdevore.com/course/http-and-networking/","24 · HTTP and network boundaries","HTML anchor","200","https://kujo.robertdevore.com/course/http-and-networking/","","reachable","","retain","true"
"baseline","https://kujo.robertdevore.com/course/projects-and-lockfiles/","https://kujo.robertdevore.com/course/data-and-persistence/","25 · Structured data and local persistence","HTML anchor","200","https://kujo.robertdevore.com/course/data-and-persistence/","","reachable","","retain","true"
"baseline","https://kujo.robertdevore.com/course/projects-and-lockfiles/","https://kujo.robertdevore.com/course/capability-security/","26 · Trusted execution and minimum authority","HTML anchor","200","https://kujo.robertdevore.com/course/capability-security/","","reachable","","retain","true"
"baseline","https://kujo.robertdevore.com/course/projects-and-lockfiles/","https://kujo.robertdevore.com/course/secret-boundaries/","27 · Secrets, redaction, and endpoint policy","HTML anchor","200","https://kujo.robertdevore.com/course/secret-boundaries/","","reachable","","retain","true"
"baseline","https://kujo.robertdevore.com/course/projects-and-lockfiles/","https://kujo.robertdevore.com/build-4/","◆ Stage build","HTML anchor","200","https://kujo.robertdevore.com/build-4/","","reachable","","retain","true"
"baseline","https://kujo.robertdevore.com/course/projects-and-lockfiles/","https://kujo.robertdevore.com/course/ai-effects-and-messages/","28 · AI effects and portable messages","HTML anchor","200","https://kujo.robertdevore.com/course/ai-effects-and-messages/","","reachable","","retain","true"
"baseline","https://kujo.robertdevore.com/course/projects-and-lockfiles/","https://kujo.robertdevore.com/course/request-identity/","29 · Deterministic request identity","HTML anchor","200","https://kujo.robertdevore.com/course/request-identity/","","reachable","","retain","true"
"baseline","https://kujo.robertdevore.com/course/projects-and-lockfiles/","https://kujo.robertdevore.com/course/record-and-replay/","30 · Record, replay, and offline evidence","HTML anchor","200","https://kujo.robertdevore.com/course/record-and-replay/","","reachable","","retain","true"
"baseline","https://kujo.robertdevore.com/course/projects-and-lockfiles/","https://kujo.robertdevore.com/course/streaming/","31 · Streaming and cancellation","HTML anchor","200","https://kujo.robertdevore.com/course/streaming/","","reachable","","retain","true"
"baseline","https://kujo.robertdevore.com/course/projects-and-lockfiles/","https://kujo.robertdevore.com/course/structured-outputs/","32 · Structured outputs and schema validation","HTML anchor","200","https://kujo.robertdevore.com/course/structured-outputs/","","reachable","","retain","true"
"baseline","https://kujo.robertdevore.com/course/projects-and-lockfiles/","https://kujo.robertdevore.com/course/context-and-vectors/","33 · Context budgets, embeddings, and vectors","HTML anchor","200","https://kujo.robertdevore.com/course/context-and-vectors/","","reachable","","retain","true"
"baseline","https://kujo.robertdevore.com/course/projects-and-lockfiles/","https://kujo.robertdevore.com/course/tool-loops/","34 · Bounded AI tool loops","HTML anchor","200","https://kujo.robertdevore.com/course/tool-loops/","","reachable","","retain","true"
"baseline","https://kujo.robertdevore.com/course/projects-and-lockfiles/","https://kujo.robertdevore.com/build-5/","◆ Stage build","HTML anchor","200","https://kujo.robertdevore.com/build-5/","","reachable","","retain","true"
"baseline","https://kujo.robertdevore.com/course/projects-and-lockfiles/","https://kujo.robertdevore.com/course/mechanism-and-policy/","35 · Mechanism versus policy","HTML anchor","200","https://kujo.robertdevore.com/course/mechanism-and-policy/","","reachable","","retain","true"
"baseline","https://kujo.robertdevore.com/course/projects-and-lockfiles/","https://kujo.robertdevore.com/course/loop-engineering/","36 · Loop Engineering, specs, and stop conditions","HTML anchor","200","https://kujo.robertdevore.com/course/loop-engineering/","","reachable","","retain","true"
"baseline","https://kujo.robertdevore.com/course/projects-and-lockfiles/","https://kujo.robertdevore.com/course/evaluation/","37 · Evaluation independent of generation","HTML anchor","200","https://kujo.robertdevore.com/course/evaluation/","","reachable","","retain","true"
"baseline","https://kujo.robertdevore.com/course/projects-and-lockfiles/","https://kujo.robertdevore.com/course/evidence-and-handoffs/","38 · Evidence, run records, and work boundaries","HTML anchor","200","https://kujo.robertdevore.com/course/evidence-and-handoffs/","","reachable","","retain","true"
"baseline","https://kujo.robertdevore.com/course/projects-and-lockfiles/","https://kujo.robertdevore.com/course/isolation-and-observability/","39 · Isolation, observability, and watchdogs","HTML anchor","200","https://kujo.robertdevore.com/course/isolation-and-observability/","","reachable","","retain","true"
"baseline","https://kujo.robertdevore.com/course/projects-and-lockfiles/","https://kujo.robertdevore.com/course/mcp-interoperability/","40 · MCP and external tool interoperability","HTML anchor","200","https://kujo.robertdevore.com/course/mcp-interoperability/","","reachable","","retain","true"
"baseline","https://kujo.robertdevore.com/course/projects-and-lockfiles/","https://kujo.robertdevore.com/build-6/","◆ Stage build","HTML anchor","200","https://kujo.robertdevore.com/build-6/","","reachable","","retain","true"
"baseline","https://kujo.robertdevore.com/course/projects-and-lockfiles/","https://kujo.robertdevore.com/capstone/","◆ Final capstone","HTML anchor","200","https://kujo.robertdevore.com/capstone/","","reachable","","retain","true"
"baseline","https://kujo.robertdevore.com/course/projects-and-lockfiles/","https://kujo.robertdevore.com/course/","Full curriculum →","HTML anchor","200","https://kujo.robertdevore.com/course/","","reachable","","retain","true"
"baseline","https://kujo.robertdevore.com/course/projects-and-lockfiles/","https://kujo.robertdevore.com/examples/16.kujo","Download example","HTML anchor","200","https://kujo.robertdevore.com/examples/16.kujo","","reachable","","retain","true"
"baseline","https://kujo.robertdevore.com/course/projects-and-lockfiles/","https://kujo.robertdevore.com/course/modules/","← Modules and explicit exports","HTML anchor","200","https://kujo.robertdevore.com/course/modules/","","reachable","","retain","true"
"baseline","https://kujo.robertdevore.com/course/projects-and-lockfiles/","https://kujo.robertdevore.com/course/standard-library/","Finding the standard library contract →","HTML anchor","200","https://kujo.robertdevore.com/course/standard-library/","","reachable","","retain","true"
"baseline","https://kujo.robertdevore.com/course/projects-and-lockfiles/","https://kujo.robertdevore.com/","K_ KUJO COURSE","HTML anchor","200","https://kujo.robertdevore.com/","","reachable","","retain","true"
"baseline","https://kujo.robertdevore.com/course/projects-and-lockfiles/","https://kujo.robertdevore.com/about/","About","HTML anchor","200","https://kujo.robertdevore.com/about/","","reachable","","retain","true"
"baseline","https://kujo.robertdevore.com/course/projects-and-lockfiles/","https://kujo.robertdevore.com/sitemap.xml","Sitemap","HTML anchor","200","https://kujo.robertdevore.com/sitemap.xml","","reachable","","retain","true"
"baseline","https://kujo.robertdevore.com/course/standard-library/","https://kujo.robertdevore.com/course/standard-library/#main","Skip to content","HTML anchor","200","https://kujo.robertdevore.com/course/standard-library/","","reachable","","retain","true"
"baseline","https://kujo.robertdevore.com/course/standard-library/","https://kujo.robertdevore.com/","K_ KUJO THE COURSE","HTML anchor","200","https://kujo.robertdevore.com/","","reachable","","retain","true"
"baseline","https://kujo.robertdevore.com/course/standard-library/","https://kujo.robertdevore.com/course/","Curriculum","HTML anchor","200","https://kujo.robertdevore.com/course/","","reachable","","retain","true"
"baseline","https://kujo.robertdevore.com/course/standard-library/","https://kujo.robertdevore.com/explorer/","Examples","HTML anchor","200","https://kujo.robertdevore.com/explorer/","","reachable","","retain","true"
"baseline","https://kujo.robertdevore.com/course/standard-library/","https://kujo.robertdevore.com/evidence/","Evidence","HTML anchor","200","https://kujo.robertdevore.com/evidence/","","reachable","","retain","true"
"baseline","https://kujo.robertdevore.com/course/standard-library/","https://kujo.robertdevore.com/course/what-is-kujo/","01 · What Kujo is","HTML anchor","200","https://kujo.robertdevore.com/course/what-is-kujo/","","reachable","","retain","true"
"baseline","https://kujo.robertdevore.com/course/standard-library/","https://kujo.robertdevore.com/course/setup-and-cli/","02 · Installation, CLI, and your first program","HTML anchor","200","https://kujo.robertdevore.com/course/setup-and-cli/","","reachable","","retain","true"
"baseline","https://kujo.robertdevore.com/course/standard-library/","https://kujo.robertdevore.com/course/bindings-and-mutability/","03 · Bindings, values, and mutability","HTML anchor","200","https://kujo.robertdevore.com/course/bindings-and-mutability/","","reachable","","retain","true"
"baseline","https://kujo.robertdevore.com/course/standard-library/","https://kujo.robertdevore.com/course/values-and-truthiness/","04 · Values, operators, and truthiness","HTML anchor","200","https://kujo.robertdevore.com/course/values-and-truthiness/","","reachable","","retain","true"
"baseline","https://kujo.robertdevore.com/course/standard-library/","https://kujo.robertdevore.com/course/control-flow/","05 · Control flow and block scopes","HTML anchor","200","https://kujo.robertdevore.com/course/control-flow/","","reachable","","retain","true"
"baseline","https://kujo.robertdevore.com/course/standard-library/","https://kujo.robertdevore.com/course/functions/","06 · Functions, callbacks, and return values","HTML anchor","200","https://kujo.robertdevore.com/course/functions/","","reachable","","retain","true"
"baseline","https://kujo.robertdevore.com/course/standard-library/","https://kujo.robertdevore.com/course/collections-and-pipelines/","07 · Collections, pipes, and null handling","HTML anchor","200","https://kujo.robertdevore.com/course/collections-and-pipelines/","","reachable","","retain","true"
"baseline","https://kujo.robertdevore.com/course/standard-library/","https://kujo.robertdevore.com/build-1/","◆ Stage build","HTML anchor","200","https://kujo.robertdevore.com/build-1/","","reachable","","retain","true"
"baseline","https://kujo.robertdevore.com/course/standard-library/","https://kujo.robertdevore.com/course/scope-and-capture/","08 · Scope, shadowing, and capture","HTML anchor","200","https://kujo.robertdevore.com/course/scope-and-capture/","","reachable","","retain","true"
"baseline","https://kujo.robertdevore.com/course/standard-library/","https://kujo.robertdevore.com/course/structs-and-enums/","09 · Structs and enums","HTML anchor","200","https://kujo.robertdevore.com/course/structs-and-enums/","","reachable","","retain","true"
"baseline","https://kujo.robertdevore.com/course/standard-library/","https://kujo.robertdevore.com/course/match-result-option/","10 · Match, Result, and Option","HTML anchor","200","https://kujo.robertdevore.com/course/match-result-option/","","reachable","","retain","true"
"baseline","https://kujo.robertdevore.com/course/standard-library/","https://kujo.robertdevore.com/course/exceptions/","11 · Exceptions and recoverable errors","HTML anchor","200","https://kujo.robertdevore.com/course/exceptions/","","reachable","","retain","true"
"baseline","https://kujo.robertdevore.com/course/standard-library/","https://kujo.robertdevore.com/course/optional-typing/","12 · Optional typing without imaginary guarantees","HTML anchor","200","https://kujo.robertdevore.com/course/optional-typing/","","reachable","","retain","true"
"baseline","https://kujo.robertdevore.com/course/standard-library/","https://kujo.robertdevore.com/course/async-and-await/","13 · Async functions and await","HTML anchor","200","https://kujo.robertdevore.com/course/async-and-await/","","reachable","","retain","true"
"baseline","https://kujo.robertdevore.com/course/standard-library/","https://kujo.robertdevore.com/course/bounded-concurrency/","14 · Spawn and bounded concurrent work","HTML anchor","200","https://kujo.robertdevore.com/course/bounded-concurrency/","","reachable","","retain","true"
"baseline","https://kujo.robertdevore.com/course/standard-library/","https://kujo.robertdevore.com/build-2/","◆ Stage build","HTML anchor","200","https://kujo.robertdevore.com/build-2/","","reachable","","retain","true"
"baseline","https://kujo.robertdevore.com/course/standard-library/","https://kujo.robertdevore.com/course/modules/","15 · Modules and explicit exports","HTML anchor","200","https://kujo.robertdevore.com/course/modules/","","reachable","","retain","true"
"baseline","https://kujo.robertdevore.com/course/standard-library/","https://kujo.robertdevore.com/course/projects-and-lockfiles/","16 · Projects, packages, and lockfiles","HTML anchor","200","https://kujo.robertdevore.com/course/projects-and-lockfiles/","","reachable","","retain","true"
"baseline","https://kujo.robertdevore.com/course/standard-library/","https://kujo.robertdevore.com/course/standard-library/","17 · Finding the standard library contract","HTML anchor","200","https://kujo.robertdevore.com/course/standard-library/","","reachable","","retain","true"
"baseline","https://kujo.robertdevore.com/course/standard-library/","https://kujo.robertdevore.com/course/testing/","18 · Testing, fixtures, and runtime evidence","HTML anchor","200","https://kujo.robertdevore.com/course/testing/","","reachable","","retain","true"
"baseline","https://kujo.robertdevore.com/course/standard-library/","https://kujo.robertdevore.com/course/machine-contracts/","19 · Diagnostics and machine-readable interfaces","HTML anchor","200","https://kujo.robertdevore.com/course/machine-contracts/","","reachable","","retain","true"
"baseline","https://kujo.robertdevore.com/course/standard-library/","https://kujo.robertdevore.com/course/documentation/","20 · Documentation as a build artifact","HTML anchor","200","https://kujo.robertdevore.com/course/documentation/","","reachable","","retain","true"
"baseline","https://kujo.robertdevore.com/course/standard-library/","https://kujo.robertdevore.com/course/editor-and-lsp/","21 · Editor integration and the LSP boundary","HTML anchor","200","https://kujo.robertdevore.com/course/editor-and-lsp/","","reachable","","retain","true"
"baseline","https://kujo.robertdevore.com/course/standard-library/","https://kujo.robertdevore.com/build-3/","◆ Stage build","HTML anchor","200","https://kujo.robertdevore.com/build-3/","","reachable","","retain","true"
"baseline","https://kujo.robertdevore.com/course/standard-library/","https://kujo.robertdevore.com/course/filesystem/","22 · Filesystem automation with bounded paths","HTML anchor","200","https://kujo.robertdevore.com/course/filesystem/","","reachable","","retain","true"
"baseline","https://kujo.robertdevore.com/course/standard-library/","https://kujo.robertdevore.com/course/processes/","23 · Processes without unnecessary shells","HTML anchor","200","https://kujo.robertdevore.com/course/processes/","","reachable","","retain","true"
"baseline","https://kujo.robertdevore.com/course/standard-library/","https://kujo.robertdevore.com/course/http-and-networking/","24 · HTTP and network boundaries","HTML anchor","200","https://kujo.robertdevore.com/course/http-and-networking/","","reachable","","retain","true"
"baseline","https://kujo.robertdevore.com/course/standard-library/","https://kujo.robertdevore.com/course/data-and-persistence/","25 · Structured data and local persistence","HTML anchor","200","https://kujo.robertdevore.com/course/data-and-persistence/","","reachable","","retain","true"
"baseline","https://kujo.robertdevore.com/course/standard-library/","https://kujo.robertdevore.com/course/capability-security/","26 · Trusted execution and minimum authority","HTML anchor","200","https://kujo.robertdevore.com/course/capability-security/","","reachable","","retain","true"
"baseline","https://kujo.robertdevore.com/course/standard-library/","https://kujo.robertdevore.com/course/secret-boundaries/","27 · Secrets, redaction, and endpoint policy","HTML anchor","200","https://kujo.robertdevore.com/course/secret-boundaries/","","reachable","","retain","true"
"baseline","https://kujo.robertdevore.com/course/standard-library/","https://kujo.robertdevore.com/build-4/","◆ Stage build","HTML anchor","200","https://kujo.robertdevore.com/build-4/","","reachable","","retain","true"
"baseline","https://kujo.robertdevore.com/course/standard-library/","https://kujo.robertdevore.com/course/ai-effects-and-messages/","28 · AI effects and portable messages","HTML anchor","200","https://kujo.robertdevore.com/course/ai-effects-and-messages/","","reachable","","retain","true"
"baseline","https://kujo.robertdevore.com/course/standard-library/","https://kujo.robertdevore.com/course/request-identity/","29 · Deterministic request identity","HTML anchor","200","https://kujo.robertdevore.com/course/request-identity/","","reachable","","retain","true"
"baseline","https://kujo.robertdevore.com/course/standard-library/","https://kujo.robertdevore.com/course/record-and-replay/","30 · Record, replay, and offline evidence","HTML anchor","200","https://kujo.robertdevore.com/course/record-and-replay/","","reachable","","retain","true"
"baseline","https://kujo.robertdevore.com/course/standard-library/","https://kujo.robertdevore.com/course/streaming/","31 · Streaming and cancellation","HTML anchor","200","https://kujo.robertdevore.com/course/streaming/","","reachable","","retain","true"
"baseline","https://kujo.robertdevore.com/course/standard-library/","https://kujo.robertdevore.com/course/structured-outputs/","32 · Structured outputs and schema validation","HTML anchor","200","https://kujo.robertdevore.com/course/structured-outputs/","","reachable","","retain","true"
"baseline","https://kujo.robertdevore.com/course/standard-library/","https://kujo.robertdevore.com/course/context-and-vectors/","33 · Context budgets, embeddings, and vectors","HTML anchor","200","https://kujo.robertdevore.com/course/context-and-vectors/","","reachable","","retain","true"
"baseline","https://kujo.robertdevore.com/course/standard-library/","https://kujo.robertdevore.com/course/tool-loops/","34 · Bounded AI tool loops","HTML anchor","200","https://kujo.robertdevore.com/course/tool-loops/","","reachable","","retain","true"
"baseline","https://kujo.robertdevore.com/course/standard-library/","https://kujo.robertdevore.com/build-5/","◆ Stage build","HTML anchor","200","https://kujo.robertdevore.com/build-5/","","reachable","","retain","true"
"baseline","https://kujo.robertdevore.com/course/standard-library/","https://kujo.robertdevore.com/course/mechanism-and-policy/","35 · Mechanism versus policy","HTML anchor","200","https://kujo.robertdevore.com/course/mechanism-and-policy/","","reachable","","retain","true"
"baseline","https://kujo.robertdevore.com/course/standard-library/","https://kujo.robertdevore.com/course/loop-engineering/","36 · Loop Engineering, specs, and stop conditions","HTML anchor","200","https://kujo.robertdevore.com/course/loop-engineering/","","reachable","","retain","true"
"baseline","https://kujo.robertdevore.com/course/standard-library/","https://kujo.robertdevore.com/course/evaluation/","37 · Evaluation independent of generation","HTML anchor","200","https://kujo.robertdevore.com/course/evaluation/","","reachable","","retain","true"
"baseline","https://kujo.robertdevore.com/course/standard-library/","https://kujo.robertdevore.com/course/evidence-and-handoffs/","38 · Evidence, run records, and work boundaries","HTML anchor","200","https://kujo.robertdevore.com/course/evidence-and-handoffs/","","reachable","","retain","true"
"baseline","https://kujo.robertdevore.com/course/standard-library/","https://kujo.robertdevore.com/course/isolation-and-observability/","39 · Isolation, observability, and watchdogs","HTML anchor","200","https://kujo.robertdevore.com/course/isolation-and-observability/","","reachable","","retain","true"
"baseline","https://kujo.robertdevore.com/course/standard-library/","https://kujo.robertdevore.com/course/mcp-interoperability/","40 · MCP and external tool interoperability","HTML anchor","200","https://kujo.robertdevore.com/course/mcp-interoperability/","","reachable","","retain","true"
"baseline","https://kujo.robertdevore.com/course/standard-library/","https://kujo.robertdevore.com/build-6/","◆ Stage build","HTML anchor","200","https://kujo.robertdevore.com/build-6/","","reachable","","retain","true"
"baseline","https://kujo.robertdevore.com/course/standard-library/","https://kujo.robertdevore.com/capstone/","◆ Final capstone","HTML anchor","200","https://kujo.robertdevore.com/capstone/","","reachable","","retain","true"
"baseline","https://kujo.robertdevore.com/course/standard-library/","https://kujo.robertdevore.com/course/","Full curriculum →","HTML anchor","200","https://kujo.robertdevore.com/course/","","reachable","","retain","true"
"baseline","https://kujo.robertdevore.com/course/standard-library/","https://kujo.robertdevore.com/examples/17.kujo","Download example","HTML anchor","200","https://kujo.robertdevore.com/examples/17.kujo","","reachable","","retain","true"
"baseline","https://kujo.robertdevore.com/course/standard-library/","https://kujo.robertdevore.com/course/projects-and-lockfiles/","← Projects, packages, and lockfiles","HTML anchor","200","https://kujo.robertdevore.com/course/projects-and-lockfiles/","","reachable","","retain","true"
"baseline","https://kujo.robertdevore.com/course/standard-library/","https://kujo.robertdevore.com/course/testing/","Testing, fixtures, and runtime evidence →","HTML anchor","200","https://kujo.robertdevore.com/course/testing/","","reachable","","retain","true"
"baseline","https://kujo.robertdevore.com/course/standard-library/","https://kujo.robertdevore.com/","K_ KUJO COURSE","HTML anchor","200","https://kujo.robertdevore.com/","","reachable","","retain","true"
"baseline","https://kujo.robertdevore.com/course/standard-library/","https://kujo.robertdevore.com/about/","About","HTML anchor","200","https://kujo.robertdevore.com/about/","","reachable","","retain","true"
"baseline","https://kujo.robertdevore.com/course/standard-library/","https://kujo.robertdevore.com/sitemap.xml","Sitemap","HTML anchor","200","https://kujo.robertdevore.com/sitemap.xml","","reachable","","retain","true"
"baseline","https://kujo.robertdevore.com/course/testing/","https://kujo.robertdevore.com/course/testing/#main","Skip to content","HTML anchor","200","https://kujo.robertdevore.com/course/testing/","","reachable","","retain","true"
"baseline","https://kujo.robertdevore.com/course/testing/","https://kujo.robertdevore.com/","K_ KUJO THE COURSE","HTML anchor","200","https://kujo.robertdevore.com/","","reachable","","retain","true"
"baseline","https://kujo.robertdevore.com/course/testing/","https://kujo.robertdevore.com/course/","Curriculum","HTML anchor","200","https://kujo.robertdevore.com/course/","","reachable","","retain","true"
"baseline","https://kujo.robertdevore.com/course/testing/","https://kujo.robertdevore.com/explorer/","Examples","HTML anchor","200","https://kujo.robertdevore.com/explorer/","","reachable","","retain","true"
"baseline","https://kujo.robertdevore.com/course/testing/","https://kujo.robertdevore.com/evidence/","Evidence","HTML anchor","200","https://kujo.robertdevore.com/evidence/","","reachable","","retain","true"
"baseline","https://kujo.robertdevore.com/course/testing/","https://kujo.robertdevore.com/course/what-is-kujo/","01 · What Kujo is","HTML anchor","200","https://kujo.robertdevore.com/course/what-is-kujo/","","reachable","","retain","true"
"baseline","https://kujo.robertdevore.com/course/testing/","https://kujo.robertdevore.com/course/setup-and-cli/","02 · Installation, CLI, and your first program","HTML anchor","200","https://kujo.robertdevore.com/course/setup-and-cli/","","reachable","","retain","true"
"baseline","https://kujo.robertdevore.com/course/testing/","https://kujo.robertdevore.com/course/bindings-and-mutability/","03 · Bindings, values, and mutability","HTML anchor","200","https://kujo.robertdevore.com/course/bindings-and-mutability/","","reachable","","retain","true"
"baseline","https://kujo.robertdevore.com/course/testing/","https://kujo.robertdevore.com/course/values-and-truthiness/","04 · Values, operators, and truthiness","HTML anchor","200","https://kujo.robertdevore.com/course/values-and-truthiness/","","reachable","","retain","true"
"baseline","https://kujo.robertdevore.com/course/testing/","https://kujo.robertdevore.com/course/control-flow/","05 · Control flow and block scopes","HTML anchor","200","https://kujo.robertdevore.com/course/control-flow/","","reachable","","retain","true"
"baseline","https://kujo.robertdevore.com/course/testing/","https://kujo.robertdevore.com/course/functions/","06 · Functions, callbacks, and return values","HTML anchor","200","https://kujo.robertdevore.com/course/functions/","","reachable","","retain","true"
"baseline","https://kujo.robertdevore.com/course/testing/","https://kujo.robertdevore.com/course/collections-and-pipelines/","07 · Collections, pipes, and null handling","HTML anchor","200","https://kujo.robertdevore.com/course/collections-and-pipelines/","","reachable","","retain","true"
"baseline","https://kujo.robertdevore.com/course/testing/","https://kujo.robertdevore.com/build-1/","◆ Stage build","HTML anchor","200","https://kujo.robertdevore.com/build-1/","","reachable","","retain","true"
"baseline","https://kujo.robertdevore.com/course/testing/","https://kujo.robertdevore.com/course/scope-and-capture/","08 · Scope, shadowing, and capture","HTML anchor","200","https://kujo.robertdevore.com/course/scope-and-capture/","","reachable","","retain","true"
"baseline","https://kujo.robertdevore.com/course/testing/","https://kujo.robertdevore.com/course/structs-and-enums/","09 · Structs and enums","HTML anchor","200","https://kujo.robertdevore.com/course/structs-and-enums/","","reachable","","retain","true"
"baseline","https://kujo.robertdevore.com/course/testing/","https://kujo.robertdevore.com/course/match-result-option/","10 · Match, Result, and Option","HTML anchor","200","https://kujo.robertdevore.com/course/match-result-option/","","reachable","","retain","true"
"baseline","https://kujo.robertdevore.com/course/testing/","https://kujo.robertdevore.com/course/exceptions/","11 · Exceptions and recoverable errors","HTML anchor","200","https://kujo.robertdevore.com/course/exceptions/","","reachable","","retain","true"
"baseline","https://kujo.robertdevore.com/course/testing/","https://kujo.robertdevore.com/course/optional-typing/","12 · Optional typing without imaginary guarantees","HTML anchor","200","https://kujo.robertdevore.com/course/optional-typing/","","reachable","","retain","true"
"baseline","https://kujo.robertdevore.com/course/testing/","https://kujo.robertdevore.com/course/async-and-await/","13 · Async functions and await","HTML anchor","200","https://kujo.robertdevore.com/course/async-and-await/","","reachable","","retain","true"
"baseline","https://kujo.robertdevore.com/course/testing/","https://kujo.robertdevore.com/course/bounded-concurrency/","14 · Spawn and bounded concurrent work","HTML anchor","200","https://kujo.robertdevore.com/course/bounded-concurrency/","","reachable","","retain","true"
"baseline","https://kujo.robertdevore.com/course/testing/","https://kujo.robertdevore.com/build-2/","◆ Stage build","HTML anchor","200","https://kujo.robertdevore.com/build-2/","","reachable","","retain","true"
"baseline","https://kujo.robertdevore.com/course/testing/","https://kujo.robertdevore.com/course/modules/","15 · Modules and explicit exports","HTML anchor","200","https://kujo.robertdevore.com/course/modules/","","reachable","","retain","true"
"baseline","https://kujo.robertdevore.com/course/testing/","https://kujo.robertdevore.com/course/projects-and-lockfiles/","16 · Projects, packages, and lockfiles","HTML anchor","200","https://kujo.robertdevore.com/course/projects-and-lockfiles/","","reachable","","retain","true"
"baseline","https://kujo.robertdevore.com/course/testing/","https://kujo.robertdevore.com/course/standard-library/","17 · Finding the standard library contract","HTML anchor","200","https://kujo.robertdevore.com/course/standard-library/","","reachable","","retain","true"
"baseline","https://kujo.robertdevore.com/course/testing/","https://kujo.robertdevore.com/course/testing/","18 · Testing, fixtures, and runtime evidence","HTML anchor","200","https://kujo.robertdevore.com/course/testing/","","reachable","","retain","true"
"baseline","https://kujo.robertdevore.com/course/testing/","https://kujo.robertdevore.com/course/machine-contracts/","19 · Diagnostics and machine-readable interfaces","HTML anchor","200","https://kujo.robertdevore.com/course/machine-contracts/","","reachable","","retain","true"
"baseline","https://kujo.robertdevore.com/course/testing/","https://kujo.robertdevore.com/course/documentation/","20 · Documentation as a build artifact","HTML anchor","200","https://kujo.robertdevore.com/course/documentation/","","reachable","","retain","true"
"baseline","https://kujo.robertdevore.com/course/testing/","https://kujo.robertdevore.com/course/editor-and-lsp/","21 · Editor integration and the LSP boundary","HTML anchor","200","https://kujo.robertdevore.com/course/editor-and-lsp/","","reachable","","retain","true"
"baseline","https://kujo.robertdevore.com/course/testing/","https://kujo.robertdevore.com/build-3/","◆ Stage build","HTML anchor","200","https://kujo.robertdevore.com/build-3/","","reachable","","retain","true"
"baseline","https://kujo.robertdevore.com/course/testing/","https://kujo.robertdevore.com/course/filesystem/","22 · Filesystem automation with bounded paths","HTML anchor","200","https://kujo.robertdevore.com/course/filesystem/","","reachable","","retain","true"
"baseline","https://kujo.robertdevore.com/course/testing/","https://kujo.robertdevore.com/course/processes/","23 · Processes without unnecessary shells","HTML anchor","200","https://kujo.robertdevore.com/course/processes/","","reachable","","retain","true"
"baseline","https://kujo.robertdevore.com/course/testing/","https://kujo.robertdevore.com/course/http-and-networking/","24 · HTTP and network boundaries","HTML anchor","200","https://kujo.robertdevore.com/course/http-and-networking/","","reachable","","retain","true"
"baseline","https://kujo.robertdevore.com/course/testing/","https://kujo.robertdevore.com/course/data-and-persistence/","25 · Structured data and local persistence","HTML anchor","200","https://kujo.robertdevore.com/course/data-and-persistence/","","reachable","","retain","true"
"baseline","https://kujo.robertdevore.com/course/testing/","https://kujo.robertdevore.com/course/capability-security/","26 · Trusted execution and minimum authority","HTML anchor","200","https://kujo.robertdevore.com/course/capability-security/","","reachable","","retain","true"
"baseline","https://kujo.robertdevore.com/course/testing/","https://kujo.robertdevore.com/course/secret-boundaries/","27 · Secrets, redaction, and endpoint policy","HTML anchor","200","https://kujo.robertdevore.com/course/secret-boundaries/","","reachable","","retain","true"
"baseline","https://kujo.robertdevore.com/course/testing/","https://kujo.robertdevore.com/build-4/","◆ Stage build","HTML anchor","200","https://kujo.robertdevore.com/build-4/","","reachable","","retain","true"
"baseline","https://kujo.robertdevore.com/course/testing/","https://kujo.robertdevore.com/course/ai-effects-and-messages/","28 · AI effects and portable messages","HTML anchor","200","https://kujo.robertdevore.com/course/ai-effects-and-messages/","","reachable","","retain","true"
"baseline","https://kujo.robertdevore.com/course/testing/","https://kujo.robertdevore.com/course/request-identity/","29 · Deterministic request identity","HTML anchor","200","https://kujo.robertdevore.com/course/request-identity/","","reachable","","retain","true"
"baseline","https://kujo.robertdevore.com/course/testing/","https://kujo.robertdevore.com/course/record-and-replay/","30 · Record, replay, and offline evidence","HTML anchor","200","https://kujo.robertdevore.com/course/record-and-replay/","","reachable","","retain","true"
"baseline","https://kujo.robertdevore.com/course/testing/","https://kujo.robertdevore.com/course/streaming/","31 · Streaming and cancellation","HTML anchor","200","https://kujo.robertdevore.com/course/streaming/","","reachable","","retain","true"
"baseline","https://kujo.robertdevore.com/course/testing/","https://kujo.robertdevore.com/course/structured-outputs/","32 · Structured outputs and schema validation","HTML anchor","200","https://kujo.robertdevore.com/course/structured-outputs/","","reachable","","retain","true"
"baseline","https://kujo.robertdevore.com/course/testing/","https://kujo.robertdevore.com/course/context-and-vectors/","33 · Context budgets, embeddings, and vectors","HTML anchor","200","https://kujo.robertdevore.com/course/context-and-vectors/","","reachable","","retain","true"
"baseline","https://kujo.robertdevore.com/course/testing/","https://kujo.robertdevore.com/course/tool-loops/","34 · Bounded AI tool loops","HTML anchor","200","https://kujo.robertdevore.com/course/tool-loops/","","reachable","","retain","true"
"baseline","https://kujo.robertdevore.com/course/testing/","https://kujo.robertdevore.com/build-5/","◆ Stage build","HTML anchor","200","https://kujo.robertdevore.com/build-5/","","reachable","","retain","true"
"baseline","https://kujo.robertdevore.com/course/testing/","https://kujo.robertdevore.com/course/mechanism-and-policy/","35 · Mechanism versus policy","HTML anchor","200","https://kujo.robertdevore.com/course/mechanism-and-policy/","","reachable","","retain","true"
"baseline","https://kujo.robertdevore.com/course/testing/","https://kujo.robertdevore.com/course/loop-engineering/","36 · Loop Engineering, specs, and stop conditions","HTML anchor","200","https://kujo.robertdevore.com/course/loop-engineering/","","reachable","","retain","true"
"baseline","https://kujo.robertdevore.com/course/testing/","https://kujo.robertdevore.com/course/evaluation/","37 · Evaluation independent of generation","HTML anchor","200","https://kujo.robertdevore.com/course/evaluation/","","reachable","","retain","true"
"baseline","https://kujo.robertdevore.com/course/testing/","https://kujo.robertdevore.com/course/evidence-and-handoffs/","38 · Evidence, run records, and work boundaries","HTML anchor","200","https://kujo.robertdevore.com/course/evidence-and-handoffs/","","reachable","","retain","true"
"baseline","https://kujo.robertdevore.com/course/testing/","https://kujo.robertdevore.com/course/isolation-and-observability/","39 · Isolation, observability, and watchdogs","HTML anchor","200","https://kujo.robertdevore.com/course/isolation-and-observability/","","reachable","","retain","true"
"baseline","https://kujo.robertdevore.com/course/testing/","https://kujo.robertdevore.com/course/mcp-interoperability/","40 · MCP and external tool interoperability","HTML anchor","200","https://kujo.robertdevore.com/course/mcp-interoperability/","","reachable","","retain","true"
"baseline","https://kujo.robertdevore.com/course/testing/","https://kujo.robertdevore.com/build-6/","◆ Stage build","HTML anchor","200","https://kujo.robertdevore.com/build-6/","","reachable","","retain","true"
"baseline","https://kujo.robertdevore.com/course/testing/","https://kujo.robertdevore.com/capstone/","◆ Final capstone","HTML anchor","200","https://kujo.robertdevore.com/capstone/","","reachable","","retain","true"
"baseline","https://kujo.robertdevore.com/course/testing/","https://kujo.robertdevore.com/course/","Full curriculum →","HTML anchor","200","https://kujo.robertdevore.com/course/","","reachable","","retain","true"
"baseline","https://kujo.robertdevore.com/course/testing/","https://kujo.robertdevore.com/examples/18.kujo","Download example","HTML anchor","200","https://kujo.robertdevore.com/examples/18.kujo","","reachable","","retain","true"
"baseline","https://kujo.robertdevore.com/course/testing/","https://kujo.robertdevore.com/course/standard-library/","← Finding the standard library contract","HTML anchor","200","https://kujo.robertdevore.com/course/standard-library/","","reachable","","retain","true"
"baseline","https://kujo.robertdevore.com/course/testing/","https://kujo.robertdevore.com/course/machine-contracts/","Diagnostics and machine-readable interfaces →","HTML anchor","200","https://kujo.robertdevore.com/course/machine-contracts/","","reachable","","retain","true"
"baseline","https://kujo.robertdevore.com/course/testing/","https://kujo.robertdevore.com/","K_ KUJO COURSE","HTML anchor","200","https://kujo.robertdevore.com/","","reachable","","retain","true"
"baseline","https://kujo.robertdevore.com/course/testing/","https://kujo.robertdevore.com/about/","About","HTML anchor","200","https://kujo.robertdevore.com/about/","","reachable","","retain","true"
"baseline","https://kujo.robertdevore.com/course/testing/","https://kujo.robertdevore.com/sitemap.xml","Sitemap","HTML anchor","200","https://kujo.robertdevore.com/sitemap.xml","","reachable","","retain","true"
"baseline","https://kujo.robertdevore.com/course/machine-contracts/","https://kujo.robertdevore.com/course/machine-contracts/#main","Skip to content","HTML anchor","200","https://kujo.robertdevore.com/course/machine-contracts/","","reachable","","retain","true"
"baseline","https://kujo.robertdevore.com/course/machine-contracts/","https://kujo.robertdevore.com/","K_ KUJO THE COURSE","HTML anchor","200","https://kujo.robertdevore.com/","","reachable","","retain","true"
"baseline","https://kujo.robertdevore.com/course/machine-contracts/","https://kujo.robertdevore.com/course/","Curriculum","HTML anchor","200","https://kujo.robertdevore.com/course/","","reachable","","retain","true"
"baseline","https://kujo.robertdevore.com/course/machine-contracts/","https://kujo.robertdevore.com/explorer/","Examples","HTML anchor","200","https://kujo.robertdevore.com/explorer/","","reachable","","retain","true"
"baseline","https://kujo.robertdevore.com/course/machine-contracts/","https://kujo.robertdevore.com/evidence/","Evidence","HTML anchor","200","https://kujo.robertdevore.com/evidence/","","reachable","","retain","true"
"baseline","https://kujo.robertdevore.com/course/machine-contracts/","https://kujo.robertdevore.com/course/what-is-kujo/","01 · What Kujo is","HTML anchor","200","https://kujo.robertdevore.com/course/what-is-kujo/","","reachable","","retain","true"
"baseline","https://kujo.robertdevore.com/course/machine-contracts/","https://kujo.robertdevore.com/course/setup-and-cli/","02 · Installation, CLI, and your first program","HTML anchor","200","https://kujo.robertdevore.com/course/setup-and-cli/","","reachable","","retain","true"
"baseline","https://kujo.robertdevore.com/course/machine-contracts/","https://kujo.robertdevore.com/course/bindings-and-mutability/","03 · Bindings, values, and mutability","HTML anchor","200","https://kujo.robertdevore.com/course/bindings-and-mutability/","","reachable","","retain","true"
"baseline","https://kujo.robertdevore.com/course/machine-contracts/","https://kujo.robertdevore.com/course/values-and-truthiness/","04 · Values, operators, and truthiness","HTML anchor","200","https://kujo.robertdevore.com/course/values-and-truthiness/","","reachable","","retain","true"
"baseline","https://kujo.robertdevore.com/course/machine-contracts/","https://kujo.robertdevore.com/course/control-flow/","05 · Control flow and block scopes","HTML anchor","200","https://kujo.robertdevore.com/course/control-flow/","","reachable","","retain","true"
"baseline","https://kujo.robertdevore.com/course/machine-contracts/","https://kujo.robertdevore.com/course/functions/","06 · Functions, callbacks, and return values","HTML anchor","200","https://kujo.robertdevore.com/course/functions/","","reachable","","retain","true"
"baseline","https://kujo.robertdevore.com/course/machine-contracts/","https://kujo.robertdevore.com/course/collections-and-pipelines/","07 · Collections, pipes, and null handling","HTML anchor","200","https://kujo.robertdevore.com/course/collections-and-pipelines/","","reachable","","retain","true"
"baseline","https://kujo.robertdevore.com/course/machine-contracts/","https://kujo.robertdevore.com/build-1/","◆ Stage build","HTML anchor","200","https://kujo.robertdevore.com/build-1/","","reachable","","retain","true"
"baseline","https://kujo.robertdevore.com/course/machine-contracts/","https://kujo.robertdevore.com/course/scope-and-capture/","08 · Scope, shadowing, and capture","HTML anchor","200","https://kujo.robertdevore.com/course/scope-and-capture/","","reachable","","retain","true"
"baseline","https://kujo.robertdevore.com/course/machine-contracts/","https://kujo.robertdevore.com/course/structs-and-enums/","09 · Structs and enums","HTML anchor","200","https://kujo.robertdevore.com/course/structs-and-enums/","","reachable","","retain","true"
"baseline","https://kujo.robertdevore.com/course/machine-contracts/","https://kujo.robertdevore.com/course/match-result-option/","10 · Match, Result, and Option","HTML anchor","200","https://kujo.robertdevore.com/course/match-result-option/","","reachable","","retain","true"
"baseline","https://kujo.robertdevore.com/course/machine-contracts/","https://kujo.robertdevore.com/course/exceptions/","11 · Exceptions and recoverable errors","HTML anchor","200","https://kujo.robertdevore.com/course/exceptions/","","reachable","","retain","true"
"baseline","https://kujo.robertdevore.com/course/machine-contracts/","https://kujo.robertdevore.com/course/optional-typing/","12 · Optional typing without imaginary guarantees","HTML anchor","200","https://kujo.robertdevore.com/course/optional-typing/","","reachable","","retain","true"
"baseline","https://kujo.robertdevore.com/course/machine-contracts/","https://kujo.robertdevore.com/course/async-and-await/","13 · Async functions and await","HTML anchor","200","https://kujo.robertdevore.com/course/async-and-await/","","reachable","","retain","true"
"baseline","https://kujo.robertdevore.com/course/machine-contracts/","https://kujo.robertdevore.com/course/bounded-concurrency/","14 · Spawn and bounded concurrent work","HTML anchor","200","https://kujo.robertdevore.com/course/bounded-concurrency/","","reachable","","retain","true"
"baseline","https://kujo.robertdevore.com/course/machine-contracts/","https://kujo.robertdevore.com/build-2/","◆ Stage build","HTML anchor","200","https://kujo.robertdevore.com/build-2/","","reachable","","retain","true"
"baseline","https://kujo.robertdevore.com/course/machine-contracts/","https://kujo.robertdevore.com/course/modules/","15 · Modules and explicit exports","HTML anchor","200","https://kujo.robertdevore.com/course/modules/","","reachable","","retain","true"
"baseline","https://kujo.robertdevore.com/course/machine-contracts/","https://kujo.robertdevore.com/course/projects-and-lockfiles/","16 · Projects, packages, and lockfiles","HTML anchor","200","https://kujo.robertdevore.com/course/projects-and-lockfiles/","","reachable","","retain","true"
"baseline","https://kujo.robertdevore.com/course/machine-contracts/","https://kujo.robertdevore.com/course/standard-library/","17 · Finding the standard library contract","HTML anchor","200","https://kujo.robertdevore.com/course/standard-library/","","reachable","","retain","true"
"baseline","https://kujo.robertdevore.com/course/machine-contracts/","https://kujo.robertdevore.com/course/testing/","18 · Testing, fixtures, and runtime evidence","HTML anchor","200","https://kujo.robertdevore.com/course/testing/","","reachable","","retain","true"
"baseline","https://kujo.robertdevore.com/course/machine-contracts/","https://kujo.robertdevore.com/course/machine-contracts/","19 · Diagnostics and machine-readable interfaces","HTML anchor","200","https://kujo.robertdevore.com/course/machine-contracts/","","reachable","","retain","true"
"baseline","https://kujo.robertdevore.com/course/machine-contracts/","https://kujo.robertdevore.com/course/documentation/","20 · Documentation as a build artifact","HTML anchor","200","https://kujo.robertdevore.com/course/documentation/","","reachable","","retain","true"
"baseline","https://kujo.robertdevore.com/course/machine-contracts/","https://kujo.robertdevore.com/course/editor-and-lsp/","21 · Editor integration and the LSP boundary","HTML anchor","200","https://kujo.robertdevore.com/course/editor-and-lsp/","","reachable","","retain","true"
"baseline","https://kujo.robertdevore.com/course/machine-contracts/","https://kujo.robertdevore.com/build-3/","◆ Stage build","HTML anchor","200","https://kujo.robertdevore.com/build-3/","","reachable","","retain","true"
"baseline","https://kujo.robertdevore.com/course/machine-contracts/","https://kujo.robertdevore.com/course/filesystem/","22 · Filesystem automation with bounded paths","HTML anchor","200","https://kujo.robertdevore.com/course/filesystem/","","reachable","","retain","true"
"baseline","https://kujo.robertdevore.com/course/machine-contracts/","https://kujo.robertdevore.com/course/processes/","23 · Processes without unnecessary shells","HTML anchor","200","https://kujo.robertdevore.com/course/processes/","","reachable","","retain","true"
"baseline","https://kujo.robertdevore.com/course/machine-contracts/","https://kujo.robertdevore.com/course/http-and-networking/","24 · HTTP and network boundaries","HTML anchor","200","https://kujo.robertdevore.com/course/http-and-networking/","","reachable","","retain","true"
"baseline","https://kujo.robertdevore.com/course/machine-contracts/","https://kujo.robertdevore.com/course/data-and-persistence/","25 · Structured data and local persistence","HTML anchor","200","https://kujo.robertdevore.com/course/data-and-persistence/","","reachable","","retain","true"
"baseline","https://kujo.robertdevore.com/course/machine-contracts/","https://kujo.robertdevore.com/course/capability-security/","26 · Trusted execution and minimum authority","HTML anchor","200","https://kujo.robertdevore.com/course/capability-security/","","reachable","","retain","true"
"baseline","https://kujo.robertdevore.com/course/machine-contracts/","https://kujo.robertdevore.com/course/secret-boundaries/","27 · Secrets, redaction, and endpoint policy","HTML anchor","200","https://kujo.robertdevore.com/course/secret-boundaries/","","reachable","","retain","true"
"baseline","https://kujo.robertdevore.com/course/machine-contracts/","https://kujo.robertdevore.com/build-4/","◆ Stage build","HTML anchor","200","https://kujo.robertdevore.com/build-4/","","reachable","","retain","true"
"baseline","https://kujo.robertdevore.com/course/machine-contracts/","https://kujo.robertdevore.com/course/ai-effects-and-messages/","28 · AI effects and portable messages","HTML anchor","200","https://kujo.robertdevore.com/course/ai-effects-and-messages/","","reachable","","retain","true"
"baseline","https://kujo.robertdevore.com/course/machine-contracts/","https://kujo.robertdevore.com/course/request-identity/","29 · Deterministic request identity","HTML anchor","200","https://kujo.robertdevore.com/course/request-identity/","","reachable","","retain","true"
"baseline","https://kujo.robertdevore.com/course/machine-contracts/","https://kujo.robertdevore.com/course/record-and-replay/","30 · Record, replay, and offline evidence","HTML anchor","200","https://kujo.robertdevore.com/course/record-and-replay/","","reachable","","retain","true"
"baseline","https://kujo.robertdevore.com/course/machine-contracts/","https://kujo.robertdevore.com/course/streaming/","31 · Streaming and cancellation","HTML anchor","200","https://kujo.robertdevore.com/course/streaming/","","reachable","","retain","true"
"baseline","https://kujo.robertdevore.com/course/machine-contracts/","https://kujo.robertdevore.com/course/structured-outputs/","32 · Structured outputs and schema validation","HTML anchor","200","https://kujo.robertdevore.com/course/structured-outputs/","","reachable","","retain","true"
"baseline","https://kujo.robertdevore.com/course/machine-contracts/","https://kujo.robertdevore.com/course/context-and-vectors/","33 · Context budgets, embeddings, and vectors","HTML anchor","200","https://kujo.robertdevore.com/course/context-and-vectors/","","reachable","","retain","true"
"baseline","https://kujo.robertdevore.com/course/machine-contracts/","https://kujo.robertdevore.com/course/tool-loops/","34 · Bounded AI tool loops","HTML anchor","200","https://kujo.robertdevore.com/course/tool-loops/","","reachable","","retain","true"
"baseline","https://kujo.robertdevore.com/course/machine-contracts/","https://kujo.robertdevore.com/build-5/","◆ Stage build","HTML anchor","200","https://kujo.robertdevore.com/build-5/","","reachable","","retain","true"
"baseline","https://kujo.robertdevore.com/course/machine-contracts/","https://kujo.robertdevore.com/course/mechanism-and-policy/","35 · Mechanism versus policy","HTML anchor","200","https://kujo.robertdevore.com/course/mechanism-and-policy/","","reachable","","retain","true"
"baseline","https://kujo.robertdevore.com/course/machine-contracts/","https://kujo.robertdevore.com/course/loop-engineering/","36 · Loop Engineering, specs, and stop conditions","HTML anchor","200","https://kujo.robertdevore.com/course/loop-engineering/","","reachable","","retain","true"
"baseline","https://kujo.robertdevore.com/course/machine-contracts/","https://kujo.robertdevore.com/course/evaluation/","37 · Evaluation independent of generation","HTML anchor","200","https://kujo.robertdevore.com/course/evaluation/","","reachable","","retain","true"
"baseline","https://kujo.robertdevore.com/course/machine-contracts/","https://kujo.robertdevore.com/course/evidence-and-handoffs/","38 · Evidence, run records, and work boundaries","HTML anchor","200","https://kujo.robertdevore.com/course/evidence-and-handoffs/","","reachable","","retain","true"
"baseline","https://kujo.robertdevore.com/course/machine-contracts/","https://kujo.robertdevore.com/course/isolation-and-observability/","39 · Isolation, observability, and watchdogs","HTML anchor","200","https://kujo.robertdevore.com/course/isolation-and-observability/","","reachable","","retain","true"
"baseline","https://kujo.robertdevore.com/course/machine-contracts/","https://kujo.robertdevore.com/course/mcp-interoperability/","40 · MCP and external tool interoperability","HTML anchor","200","https://kujo.robertdevore.com/course/mcp-interoperability/","","reachable","","retain","true"
"baseline","https://kujo.robertdevore.com/course/machine-contracts/","https://kujo.robertdevore.com/build-6/","◆ Stage build","HTML anchor","200","https://kujo.robertdevore.com/build-6/","","reachable","","retain","true"
"baseline","https://kujo.robertdevore.com/course/machine-contracts/","https://kujo.robertdevore.com/capstone/","◆ Final capstone","HTML anchor","200","https://kujo.robertdevore.com/capstone/","","reachable","","retain","true"
"baseline","https://kujo.robertdevore.com/course/machine-contracts/","https://kujo.robertdevore.com/course/","Full curriculum →","HTML anchor","200","https://kujo.robertdevore.com/course/","","reachable","","retain","true"
"baseline","https://kujo.robertdevore.com/course/machine-contracts/","https://kujo.robertdevore.com/examples/19.kujo","Download example","HTML anchor","200","https://kujo.robertdevore.com/examples/19.kujo","","reachable","","retain","true"
"baseline","https://kujo.robertdevore.com/course/machine-contracts/","https://kujo.robertdevore.com/course/testing/","← Testing, fixtures, and runtime evidence","HTML anchor","200","https://kujo.robertdevore.com/course/testing/","","reachable","","retain","true"
"baseline","https://kujo.robertdevore.com/course/machine-contracts/","https://kujo.robertdevore.com/course/documentation/","Documentation as a build artifact →","HTML anchor","200","https://kujo.robertdevore.com/course/documentation/","","reachable","","retain","true"
"baseline","https://kujo.robertdevore.com/course/machine-contracts/","https://kujo.robertdevore.com/","K_ KUJO COURSE","HTML anchor","200","https://kujo.robertdevore.com/","","reachable","","retain","true"
"baseline","https://kujo.robertdevore.com/course/machine-contracts/","https://kujo.robertdevore.com/about/","About","HTML anchor","200","https://kujo.robertdevore.com/about/","","reachable","","retain","true"
"baseline","https://kujo.robertdevore.com/course/machine-contracts/","https://kujo.robertdevore.com/sitemap.xml","Sitemap","HTML anchor","200","https://kujo.robertdevore.com/sitemap.xml","","reachable","","retain","true"
"baseline","https://kujo.robertdevore.com/course/documentation/","https://kujo.robertdevore.com/course/documentation/#main","Skip to content","HTML anchor","200","https://kujo.robertdevore.com/course/documentation/","","reachable","","retain","true"
"baseline","https://kujo.robertdevore.com/course/documentation/","https://kujo.robertdevore.com/","K_ KUJO THE COURSE","HTML anchor","200","https://kujo.robertdevore.com/","","reachable","","retain","true"
"baseline","https://kujo.robertdevore.com/course/documentation/","https://kujo.robertdevore.com/course/","Curriculum","HTML anchor","200","https://kujo.robertdevore.com/course/","","reachable","","retain","true"
"baseline","https://kujo.robertdevore.com/course/documentation/","https://kujo.robertdevore.com/explorer/","Examples","HTML anchor","200","https://kujo.robertdevore.com/explorer/","","reachable","","retain","true"
"baseline","https://kujo.robertdevore.com/course/documentation/","https://kujo.robertdevore.com/evidence/","Evidence","HTML anchor","200","https://kujo.robertdevore.com/evidence/","","reachable","","retain","true"
"baseline","https://kujo.robertdevore.com/course/documentation/","https://kujo.robertdevore.com/course/what-is-kujo/","01 · What Kujo is","HTML anchor","200","https://kujo.robertdevore.com/course/what-is-kujo/","","reachable","","retain","true"
"baseline","https://kujo.robertdevore.com/course/documentation/","https://kujo.robertdevore.com/course/setup-and-cli/","02 · Installation, CLI, and your first program","HTML anchor","200","https://kujo.robertdevore.com/course/setup-and-cli/","","reachable","","retain","true"
"baseline","https://kujo.robertdevore.com/course/documentation/","https://kujo.robertdevore.com/course/bindings-and-mutability/","03 · Bindings, values, and mutability","HTML anchor","200","https://kujo.robertdevore.com/course/bindings-and-mutability/","","reachable","","retain","true"
"baseline","https://kujo.robertdevore.com/course/documentation/","https://kujo.robertdevore.com/course/values-and-truthiness/","04 · Values, operators, and truthiness","HTML anchor","200","https://kujo.robertdevore.com/course/values-and-truthiness/","","reachable","","retain","true"
"baseline","https://kujo.robertdevore.com/course/documentation/","https://kujo.robertdevore.com/course/control-flow/","05 · Control flow and block scopes","HTML anchor","200","https://kujo.robertdevore.com/course/control-flow/","","reachable","","retain","true"
"baseline","https://kujo.robertdevore.com/course/documentation/","https://kujo.robertdevore.com/course/functions/","06 · Functions, callbacks, and return values","HTML anchor","200","https://kujo.robertdevore.com/course/functions/","","reachable","","retain","true"
"baseline","https://kujo.robertdevore.com/course/documentation/","https://kujo.robertdevore.com/course/collections-and-pipelines/","07 · Collections, pipes, and null handling","HTML anchor","200","https://kujo.robertdevore.com/course/collections-and-pipelines/","","reachable","","retain","true"
"baseline","https://kujo.robertdevore.com/course/documentation/","https://kujo.robertdevore.com/build-1/","◆ Stage build","HTML anchor","200","https://kujo.robertdevore.com/build-1/","","reachable","","retain","true"
"baseline","https://kujo.robertdevore.com/course/documentation/","https://kujo.robertdevore.com/course/scope-and-capture/","08 · Scope, shadowing, and capture","HTML anchor","200","https://kujo.robertdevore.com/course/scope-and-capture/","","reachable","","retain","true"
"baseline","https://kujo.robertdevore.com/course/documentation/","https://kujo.robertdevore.com/course/structs-and-enums/","09 · Structs and enums","HTML anchor","200","https://kujo.robertdevore.com/course/structs-and-enums/","","reachable","","retain","true"
"baseline","https://kujo.robertdevore.com/course/documentation/","https://kujo.robertdevore.com/course/match-result-option/","10 · Match, Result, and Option","HTML anchor","200","https://kujo.robertdevore.com/course/match-result-option/","","reachable","","retain","true"
"baseline","https://kujo.robertdevore.com/course/documentation/","https://kujo.robertdevore.com/course/exceptions/","11 · Exceptions and recoverable errors","HTML anchor","200","https://kujo.robertdevore.com/course/exceptions/","","reachable","","retain","true"
"baseline","https://kujo.robertdevore.com/course/documentation/","https://kujo.robertdevore.com/course/optional-typing/","12 · Optional typing without imaginary guarantees","HTML anchor","200","https://kujo.robertdevore.com/course/optional-typing/","","reachable","","retain","true"
"baseline","https://kujo.robertdevore.com/course/documentation/","https://kujo.robertdevore.com/course/async-and-await/","13 · Async functions and await","HTML anchor","200","https://kujo.robertdevore.com/course/async-and-await/","","reachable","","retain","true"
"baseline","https://kujo.robertdevore.com/course/documentation/","https://kujo.robertdevore.com/course/bounded-concurrency/","14 · Spawn and bounded concurrent work","HTML anchor","200","https://kujo.robertdevore.com/course/bounded-concurrency/","","reachable","","retain","true"
"baseline","https://kujo.robertdevore.com/course/documentation/","https://kujo.robertdevore.com/build-2/","◆ Stage build","HTML anchor","200","https://kujo.robertdevore.com/build-2/","","reachable","","retain","true"
"baseline","https://kujo.robertdevore.com/course/documentation/","https://kujo.robertdevore.com/course/modules/","15 · Modules and explicit exports","HTML anchor","200","https://kujo.robertdevore.com/course/modules/","","reachable","","retain","true"
"baseline","https://kujo.robertdevore.com/course/documentation/","https://kujo.robertdevore.com/course/projects-and-lockfiles/","16 · Projects, packages, and lockfiles","HTML anchor","200","https://kujo.robertdevore.com/course/projects-and-lockfiles/","","reachable","","retain","true"
"baseline","https://kujo.robertdevore.com/course/documentation/","https://kujo.robertdevore.com/course/standard-library/","17 · Finding the standard library contract","HTML anchor","200","https://kujo.robertdevore.com/course/standard-library/","","reachable","","retain","true"
"baseline","https://kujo.robertdevore.com/course/documentation/","https://kujo.robertdevore.com/course/testing/","18 · Testing, fixtures, and runtime evidence","HTML anchor","200","https://kujo.robertdevore.com/course/testing/","","reachable","","retain","true"
"baseline","https://kujo.robertdevore.com/course/documentation/","https://kujo.robertdevore.com/course/machine-contracts/","19 · Diagnostics and machine-readable interfaces","HTML anchor","200","https://kujo.robertdevore.com/course/machine-contracts/","","reachable","","retain","true"
"baseline","https://kujo.robertdevore.com/course/documentation/","https://kujo.robertdevore.com/course/documentation/","20 · Documentation as a build artifact","HTML anchor","200","https://kujo.robertdevore.com/course/documentation/","","reachable","","retain","true"
"baseline","https://kujo.robertdevore.com/course/documentation/","https://kujo.robertdevore.com/course/editor-and-lsp/","21 · Editor integration and the LSP boundary","HTML anchor","200","https://kujo.robertdevore.com/course/editor-and-lsp/","","reachable","","retain","true"
"baseline","https://kujo.robertdevore.com/course/documentation/","https://kujo.robertdevore.com/build-3/","◆ Stage build","HTML anchor","200","https://kujo.robertdevore.com/build-3/","","reachable","","retain","true"
"baseline","https://kujo.robertdevore.com/course/documentation/","https://kujo.robertdevore.com/course/filesystem/","22 · Filesystem automation with bounded paths","HTML anchor","200","https://kujo.robertdevore.com/course/filesystem/","","reachable","","retain","true"
"baseline","https://kujo.robertdevore.com/course/documentation/","https://kujo.robertdevore.com/course/processes/","23 · Processes without unnecessary shells","HTML anchor","200","https://kujo.robertdevore.com/course/processes/","","reachable","","retain","true"
"baseline","https://kujo.robertdevore.com/course/documentation/","https://kujo.robertdevore.com/course/http-and-networking/","24 · HTTP and network boundaries","HTML anchor","200","https://kujo.robertdevore.com/course/http-and-networking/","","reachable","","retain","true"
"baseline","https://kujo.robertdevore.com/course/documentation/","https://kujo.robertdevore.com/course/data-and-persistence/","25 · Structured data and local persistence","HTML anchor","200","https://kujo.robertdevore.com/course/data-and-persistence/","","reachable","","retain","true"
"baseline","https://kujo.robertdevore.com/course/documentation/","https://kujo.robertdevore.com/course/capability-security/","26 · Trusted execution and minimum authority","HTML anchor","200","https://kujo.robertdevore.com/course/capability-security/","","reachable","","retain","true"
"baseline","https://kujo.robertdevore.com/course/documentation/","https://kujo.robertdevore.com/course/secret-boundaries/","27 · Secrets, redaction, and endpoint policy","HTML anchor","200","https://kujo.robertdevore.com/course/secret-boundaries/","","reachable","","retain","true"
"baseline","https://kujo.robertdevore.com/course/documentation/","https://kujo.robertdevore.com/build-4/","◆ Stage build","HTML anchor","200","https://kujo.robertdevore.com/build-4/","","reachable","","retain","true"
"baseline","https://kujo.robertdevore.com/course/documentation/","https://kujo.robertdevore.com/course/ai-effects-and-messages/","28 · AI effects and portable messages","HTML anchor","200","https://kujo.robertdevore.com/course/ai-effects-and-messages/","","reachable","","retain","true"
"baseline","https://kujo.robertdevore.com/course/documentation/","https://kujo.robertdevore.com/course/request-identity/","29 · Deterministic request identity","HTML anchor","200","https://kujo.robertdevore.com/course/request-identity/","","reachable","","retain","true"
"baseline","https://kujo.robertdevore.com/course/documentation/","https://kujo.robertdevore.com/course/record-and-replay/","30 · Record, replay, and offline evidence","HTML anchor","200","https://kujo.robertdevore.com/course/record-and-replay/","","reachable","","retain","true"
"baseline","https://kujo.robertdevore.com/course/documentation/","https://kujo.robertdevore.com/course/streaming/","31 · Streaming and cancellation","HTML anchor","200","https://kujo.robertdevore.com/course/streaming/","","reachable","","retain","true"
"baseline","https://kujo.robertdevore.com/course/documentation/","https://kujo.robertdevore.com/course/structured-outputs/","32 · Structured outputs and schema validation","HTML anchor","200","https://kujo.robertdevore.com/course/structured-outputs/","","reachable","","retain","true"
"baseline","https://kujo.robertdevore.com/course/documentation/","https://kujo.robertdevore.com/course/context-and-vectors/","33 · Context budgets, embeddings, and vectors","HTML anchor","200","https://kujo.robertdevore.com/course/context-and-vectors/","","reachable","","retain","true"
"baseline","https://kujo.robertdevore.com/course/documentation/","https://kujo.robertdevore.com/course/tool-loops/","34 · Bounded AI tool loops","HTML anchor","200","https://kujo.robertdevore.com/course/tool-loops/","","reachable","","retain","true"
"baseline","https://kujo.robertdevore.com/course/documentation/","https://kujo.robertdevore.com/build-5/","◆ Stage build","HTML anchor","200","https://kujo.robertdevore.com/build-5/","","reachable","","retain","true"
"baseline","https://kujo.robertdevore.com/course/documentation/","https://kujo.robertdevore.com/course/mechanism-and-policy/","35 · Mechanism versus policy","HTML anchor","200","https://kujo.robertdevore.com/course/mechanism-and-policy/","","reachable","","retain","true"
"baseline","https://kujo.robertdevore.com/course/documentation/","https://kujo.robertdevore.com/course/loop-engineering/","36 · Loop Engineering, specs, and stop conditions","HTML anchor","200","https://kujo.robertdevore.com/course/loop-engineering/","","reachable","","retain","true"
"baseline","https://kujo.robertdevore.com/course/documentation/","https://kujo.robertdevore.com/course/evaluation/","37 · Evaluation independent of generation","HTML anchor","200","https://kujo.robertdevore.com/course/evaluation/","","reachable","","retain","true"
"baseline","https://kujo.robertdevore.com/course/documentation/","https://kujo.robertdevore.com/course/evidence-and-handoffs/","38 · Evidence, run records, and work boundaries","HTML anchor","200","https://kujo.robertdevore.com/course/evidence-and-handoffs/","","reachable","","retain","true"
"baseline","https://kujo.robertdevore.com/course/documentation/","https://kujo.robertdevore.com/course/isolation-and-observability/","39 · Isolation, observability, and watchdogs","HTML anchor","200","https://kujo.robertdevore.com/course/isolation-and-observability/","","reachable","","retain","true"
"baseline","https://kujo.robertdevore.com/course/documentation/","https://kujo.robertdevore.com/course/mcp-interoperability/","40 · MCP and external tool interoperability","HTML anchor","200","https://kujo.robertdevore.com/course/mcp-interoperability/","","reachable","","retain","true"
"baseline","https://kujo.robertdevore.com/course/documentation/","https://kujo.robertdevore.com/build-6/","◆ Stage build","HTML anchor","200","https://kujo.robertdevore.com/build-6/","","reachable","","retain","true"
"baseline","https://kujo.robertdevore.com/course/documentation/","https://kujo.robertdevore.com/capstone/","◆ Final capstone","HTML anchor","200","https://kujo.robertdevore.com/capstone/","","reachable","","retain","true"
"baseline","https://kujo.robertdevore.com/course/documentation/","https://kujo.robertdevore.com/course/","Full curriculum →","HTML anchor","200","https://kujo.robertdevore.com/course/","","reachable","","retain","true"
"baseline","https://kujo.robertdevore.com/course/documentation/","https://kujo.robertdevore.com/examples/20.kujo","Download example","HTML anchor","200","https://kujo.robertdevore.com/examples/20.kujo","","reachable","","retain","true"
"baseline","https://kujo.robertdevore.com/course/documentation/","https://kujo.robertdevore.com/course/machine-contracts/","← Diagnostics and machine-readable interfaces","HTML anchor","200","https://kujo.robertdevore.com/course/machine-contracts/","","reachable","","retain","true"
"baseline","https://kujo.robertdevore.com/course/documentation/","https://kujo.robertdevore.com/course/editor-and-lsp/","Editor integration and the LSP boundary →","HTML anchor","200","https://kujo.robertdevore.com/course/editor-and-lsp/","","reachable","","retain","true"
"baseline","https://kujo.robertdevore.com/course/documentation/","https://kujo.robertdevore.com/","K_ KUJO COURSE","HTML anchor","200","https://kujo.robertdevore.com/","","reachable","","retain","true"
"baseline","https://kujo.robertdevore.com/course/documentation/","https://kujo.robertdevore.com/about/","About","HTML anchor","200","https://kujo.robertdevore.com/about/","","reachable","","retain","true"
"baseline","https://kujo.robertdevore.com/course/documentation/","https://kujo.robertdevore.com/sitemap.xml","Sitemap","HTML anchor","200","https://kujo.robertdevore.com/sitemap.xml","","reachable","","retain","true"
"baseline","https://kujo.robertdevore.com/course/editor-and-lsp/","https://kujo.robertdevore.com/course/editor-and-lsp/#main","Skip to content","HTML anchor","200","https://kujo.robertdevore.com/course/editor-and-lsp/","","reachable","","retain","true"
"baseline","https://kujo.robertdevore.com/course/editor-and-lsp/","https://kujo.robertdevore.com/","K_ KUJO THE COURSE","HTML anchor","200","https://kujo.robertdevore.com/","","reachable","","retain","true"
"baseline","https://kujo.robertdevore.com/course/editor-and-lsp/","https://kujo.robertdevore.com/course/","Curriculum","HTML anchor","200","https://kujo.robertdevore.com/course/","","reachable","","retain","true"
"baseline","https://kujo.robertdevore.com/course/editor-and-lsp/","https://kujo.robertdevore.com/explorer/","Examples","HTML anchor","200","https://kujo.robertdevore.com/explorer/","","reachable","","retain","true"
"baseline","https://kujo.robertdevore.com/course/editor-and-lsp/","https://kujo.robertdevore.com/evidence/","Evidence","HTML anchor","200","https://kujo.robertdevore.com/evidence/","","reachable","","retain","true"
"baseline","https://kujo.robertdevore.com/course/editor-and-lsp/","https://kujo.robertdevore.com/course/what-is-kujo/","01 · What Kujo is","HTML anchor","200","https://kujo.robertdevore.com/course/what-is-kujo/","","reachable","","retain","true"
"baseline","https://kujo.robertdevore.com/course/editor-and-lsp/","https://kujo.robertdevore.com/course/setup-and-cli/","02 · Installation, CLI, and your first program","HTML anchor","200","https://kujo.robertdevore.com/course/setup-and-cli/","","reachable","","retain","true"
"baseline","https://kujo.robertdevore.com/course/editor-and-lsp/","https://kujo.robertdevore.com/course/bindings-and-mutability/","03 · Bindings, values, and mutability","HTML anchor","200","https://kujo.robertdevore.com/course/bindings-and-mutability/","","reachable","","retain","true"
"baseline","https://kujo.robertdevore.com/course/editor-and-lsp/","https://kujo.robertdevore.com/course/values-and-truthiness/","04 · Values, operators, and truthiness","HTML anchor","200","https://kujo.robertdevore.com/course/values-and-truthiness/","","reachable","","retain","true"
"baseline","https://kujo.robertdevore.com/course/editor-and-lsp/","https://kujo.robertdevore.com/course/control-flow/","05 · Control flow and block scopes","HTML anchor","200","https://kujo.robertdevore.com/course/control-flow/","","reachable","","retain","true"
"baseline","https://kujo.robertdevore.com/course/editor-and-lsp/","https://kujo.robertdevore.com/course/functions/","06 · Functions, callbacks, and return values","HTML anchor","200","https://kujo.robertdevore.com/course/functions/","","reachable","","retain","true"
"baseline","https://kujo.robertdevore.com/course/editor-and-lsp/","https://kujo.robertdevore.com/course/collections-and-pipelines/","07 · Collections, pipes, and null handling","HTML anchor","200","https://kujo.robertdevore.com/course/collections-and-pipelines/","","reachable","","retain","true"
"baseline","https://kujo.robertdevore.com/course/editor-and-lsp/","https://kujo.robertdevore.com/build-1/","◆ Stage build","HTML anchor","200","https://kujo.robertdevore.com/build-1/","","reachable","","retain","true"
"baseline","https://kujo.robertdevore.com/course/editor-and-lsp/","https://kujo.robertdevore.com/course/scope-and-capture/","08 · Scope, shadowing, and capture","HTML anchor","200","https://kujo.robertdevore.com/course/scope-and-capture/","","reachable","","retain","true"
"baseline","https://kujo.robertdevore.com/course/editor-and-lsp/","https://kujo.robertdevore.com/course/structs-and-enums/","09 · Structs and enums","HTML anchor","200","https://kujo.robertdevore.com/course/structs-and-enums/","","reachable","","retain","true"
"baseline","https://kujo.robertdevore.com/course/editor-and-lsp/","https://kujo.robertdevore.com/course/match-result-option/","10 · Match, Result, and Option","HTML anchor","200","https://kujo.robertdevore.com/course/match-result-option/","","reachable","","retain","true"
"baseline","https://kujo.robertdevore.com/course/editor-and-lsp/","https://kujo.robertdevore.com/course/exceptions/","11 · Exceptions and recoverable errors","HTML anchor","200","https://kujo.robertdevore.com/course/exceptions/","","reachable","","retain","true"
"baseline","https://kujo.robertdevore.com/course/editor-and-lsp/","https://kujo.robertdevore.com/course/optional-typing/","12 · Optional typing without imaginary guarantees","HTML anchor","200","https://kujo.robertdevore.com/course/optional-typing/","","reachable","","retain","true"
"baseline","https://kujo.robertdevore.com/course/editor-and-lsp/","https://kujo.robertdevore.com/course/async-and-await/","13 · Async functions and await","HTML anchor","200","https://kujo.robertdevore.com/course/async-and-await/","","reachable","","retain","true"
"baseline","https://kujo.robertdevore.com/course/editor-and-lsp/","https://kujo.robertdevore.com/course/bounded-concurrency/","14 · Spawn and bounded concurrent work","HTML anchor","200","https://kujo.robertdevore.com/course/bounded-concurrency/","","reachable","","retain","true"
"baseline","https://kujo.robertdevore.com/course/editor-and-lsp/","https://kujo.robertdevore.com/build-2/","◆ Stage build","HTML anchor","200","https://kujo.robertdevore.com/build-2/","","reachable","","retain","true"
"baseline","https://kujo.robertdevore.com/course/editor-and-lsp/","https://kujo.robertdevore.com/course/modules/","15 · Modules and explicit exports","HTML anchor","200","https://kujo.robertdevore.com/course/modules/","","reachable","","retain","true"
"baseline","https://kujo.robertdevore.com/course/editor-and-lsp/","https://kujo.robertdevore.com/course/projects-and-lockfiles/","16 · Projects, packages, and lockfiles","HTML anchor","200","https://kujo.robertdevore.com/course/projects-and-lockfiles/","","reachable","","retain","true"
"baseline","https://kujo.robertdevore.com/course/editor-and-lsp/","https://kujo.robertdevore.com/course/standard-library/","17 · Finding the standard library contract","HTML anchor","200","https://kujo.robertdevore.com/course/standard-library/","","reachable","","retain","true"
"baseline","https://kujo.robertdevore.com/course/editor-and-lsp/","https://kujo.robertdevore.com/course/testing/","18 · Testing, fixtures, and runtime evidence","HTML anchor","200","https://kujo.robertdevore.com/course/testing/","","reachable","","retain","true"
"baseline","https://kujo.robertdevore.com/course/editor-and-lsp/","https://kujo.robertdevore.com/course/machine-contracts/","19 · Diagnostics and machine-readable interfaces","HTML anchor","200","https://kujo.robertdevore.com/course/machine-contracts/","","reachable","","retain","true"
"baseline","https://kujo.robertdevore.com/course/editor-and-lsp/","https://kujo.robertdevore.com/course/documentation/","20 · Documentation as a build artifact","HTML anchor","200","https://kujo.robertdevore.com/course/documentation/","","reachable","","retain","true"
"baseline","https://kujo.robertdevore.com/course/editor-and-lsp/","https://kujo.robertdevore.com/course/editor-and-lsp/","21 · Editor integration and the LSP boundary","HTML anchor","200","https://kujo.robertdevore.com/course/editor-and-lsp/","","reachable","","retain","true"
"baseline","https://kujo.robertdevore.com/course/editor-and-lsp/","https://kujo.robertdevore.com/build-3/","◆ Stage build","HTML anchor","200","https://kujo.robertdevore.com/build-3/","","reachable","","retain","true"
"baseline","https://kujo.robertdevore.com/course/editor-and-lsp/","https://kujo.robertdevore.com/course/filesystem/","22 · Filesystem automation with bounded paths","HTML anchor","200","https://kujo.robertdevore.com/course/filesystem/","","reachable","","retain","true"
"baseline","https://kujo.robertdevore.com/course/editor-and-lsp/","https://kujo.robertdevore.com/course/processes/","23 · Processes without unnecessary shells","HTML anchor","200","https://kujo.robertdevore.com/course/processes/","","reachable","","retain","true"
"baseline","https://kujo.robertdevore.com/course/editor-and-lsp/","https://kujo.robertdevore.com/course/http-and-networking/","24 · HTTP and network boundaries","HTML anchor","200","https://kujo.robertdevore.com/course/http-and-networking/","","reachable","","retain","true"
"baseline","https://kujo.robertdevore.com/course/editor-and-lsp/","https://kujo.robertdevore.com/course/data-and-persistence/","25 · Structured data and local persistence","HTML anchor","200","https://kujo.robertdevore.com/course/data-and-persistence/","","reachable","","retain","true"
"baseline","https://kujo.robertdevore.com/course/editor-and-lsp/","https://kujo.robertdevore.com/course/capability-security/","26 · Trusted execution and minimum authority","HTML anchor","200","https://kujo.robertdevore.com/course/capability-security/","","reachable","","retain","true"
"baseline","https://kujo.robertdevore.com/course/editor-and-lsp/","https://kujo.robertdevore.com/course/secret-boundaries/","27 · Secrets, redaction, and endpoint policy","HTML anchor","200","https://kujo.robertdevore.com/course/secret-boundaries/","","reachable","","retain","true"
"baseline","https://kujo.robertdevore.com/course/editor-and-lsp/","https://kujo.robertdevore.com/build-4/","◆ Stage build","HTML anchor","200","https://kujo.robertdevore.com/build-4/","","reachable","","retain","true"
"baseline","https://kujo.robertdevore.com/course/editor-and-lsp/","https://kujo.robertdevore.com/course/ai-effects-and-messages/","28 · AI effects and portable messages","HTML anchor","200","https://kujo.robertdevore.com/course/ai-effects-and-messages/","","reachable","","retain","true"
"baseline","https://kujo.robertdevore.com/course/editor-and-lsp/","https://kujo.robertdevore.com/course/request-identity/","29 · Deterministic request identity","HTML anchor","200","https://kujo.robertdevore.com/course/request-identity/","","reachable","","retain","true"
"baseline","https://kujo.robertdevore.com/course/editor-and-lsp/","https://kujo.robertdevore.com/course/record-and-replay/","30 · Record, replay, and offline evidence","HTML anchor","200","https://kujo.robertdevore.com/course/record-and-replay/","","reachable","","retain","true"
"baseline","https://kujo.robertdevore.com/course/editor-and-lsp/","https://kujo.robertdevore.com/course/streaming/","31 · Streaming and cancellation","HTML anchor","200","https://kujo.robertdevore.com/course/streaming/","","reachable","","retain","true"
"baseline","https://kujo.robertdevore.com/course/editor-and-lsp/","https://kujo.robertdevore.com/course/structured-outputs/","32 · Structured outputs and schema validation","HTML anchor","200","https://kujo.robertdevore.com/course/structured-outputs/","","reachable","","retain","true"
"baseline","https://kujo.robertdevore.com/course/editor-and-lsp/","https://kujo.robertdevore.com/course/context-and-vectors/","33 · Context budgets, embeddings, and vectors","HTML anchor","200","https://kujo.robertdevore.com/course/context-and-vectors/","","reachable","","retain","true"
"baseline","https://kujo.robertdevore.com/course/editor-and-lsp/","https://kujo.robertdevore.com/course/tool-loops/","34 · Bounded AI tool loops","HTML anchor","200","https://kujo.robertdevore.com/course/tool-loops/","","reachable","","retain","true"
"baseline","https://kujo.robertdevore.com/course/editor-and-lsp/","https://kujo.robertdevore.com/build-5/","◆ Stage build","HTML anchor","200","https://kujo.robertdevore.com/build-5/","","reachable","","retain","true"
"baseline","https://kujo.robertdevore.com/course/editor-and-lsp/","https://kujo.robertdevore.com/course/mechanism-and-policy/","35 · Mechanism versus policy","HTML anchor","200","https://kujo.robertdevore.com/course/mechanism-and-policy/","","reachable","","retain","true"
"baseline","https://kujo.robertdevore.com/course/editor-and-lsp/","https://kujo.robertdevore.com/course/loop-engineering/","36 · Loop Engineering, specs, and stop conditions","HTML anchor","200","https://kujo.robertdevore.com/course/loop-engineering/","","reachable","","retain","true"
"baseline","https://kujo.robertdevore.com/course/editor-and-lsp/","https://kujo.robertdevore.com/course/evaluation/","37 · Evaluation independent of generation","HTML anchor","200","https://kujo.robertdevore.com/course/evaluation/","","reachable","","retain","true"
"baseline","https://kujo.robertdevore.com/course/editor-and-lsp/","https://kujo.robertdevore.com/course/evidence-and-handoffs/","38 · Evidence, run records, and work boundaries","HTML anchor","200","https://kujo.robertdevore.com/course/evidence-and-handoffs/","","reachable","","retain","true"
"baseline","https://kujo.robertdevore.com/course/editor-and-lsp/","https://kujo.robertdevore.com/course/isolation-and-observability/","39 · Isolation, observability, and watchdogs","HTML anchor","200","https://kujo.robertdevore.com/course/isolation-and-observability/","","reachable","","retain","true"
"baseline","https://kujo.robertdevore.com/course/editor-and-lsp/","https://kujo.robertdevore.com/course/mcp-interoperability/","40 · MCP and external tool interoperability","HTML anchor","200","https://kujo.robertdevore.com/course/mcp-interoperability/","","reachable","","retain","true"
"baseline","https://kujo.robertdevore.com/course/editor-and-lsp/","https://kujo.robertdevore.com/build-6/","◆ Stage build","HTML anchor","200","https://kujo.robertdevore.com/build-6/","","reachable","","retain","true"
"baseline","https://kujo.robertdevore.com/course/editor-and-lsp/","https://kujo.robertdevore.com/capstone/","◆ Final capstone","HTML anchor","200","https://kujo.robertdevore.com/capstone/","","reachable","","retain","true"
"baseline","https://kujo.robertdevore.com/course/editor-and-lsp/","https://kujo.robertdevore.com/course/","Full curriculum →","HTML anchor","200","https://kujo.robertdevore.com/course/","","reachable","","retain","true"
"baseline","https://kujo.robertdevore.com/course/editor-and-lsp/","https://kujo.robertdevore.com/examples/21.kujo","Download example","HTML anchor","200","https://kujo.robertdevore.com/examples/21.kujo","","reachable","","retain","true"
"baseline","https://kujo.robertdevore.com/course/editor-and-lsp/","https://kujo.robertdevore.com/course/documentation/","← Documentation as a build artifact","HTML anchor","200","https://kujo.robertdevore.com/course/documentation/","","reachable","","retain","true"
"baseline","https://kujo.robertdevore.com/course/editor-and-lsp/","https://kujo.robertdevore.com/course/filesystem/","Filesystem automation with bounded paths →","HTML anchor","200","https://kujo.robertdevore.com/course/filesystem/","","reachable","","retain","true"
"baseline","https://kujo.robertdevore.com/course/editor-and-lsp/","https://kujo.robertdevore.com/build-3/","Complete this stage’s build →","HTML anchor","200","https://kujo.robertdevore.com/build-3/","","reachable","","retain","true"
"baseline","https://kujo.robertdevore.com/course/editor-and-lsp/","https://kujo.robertdevore.com/","K_ KUJO COURSE","HTML anchor","200","https://kujo.robertdevore.com/","","reachable","","retain","true"
"baseline","https://kujo.robertdevore.com/course/editor-and-lsp/","https://kujo.robertdevore.com/about/","About","HTML anchor","200","https://kujo.robertdevore.com/about/","","reachable","","retain","true"
"baseline","https://kujo.robertdevore.com/course/editor-and-lsp/","https://kujo.robertdevore.com/sitemap.xml","Sitemap","HTML anchor","200","https://kujo.robertdevore.com/sitemap.xml","","reachable","","retain","true"
"baseline","https://kujo.robertdevore.com/course/filesystem/","https://kujo.robertdevore.com/course/filesystem/#main","Skip to content","HTML anchor","200","https://kujo.robertdevore.com/course/filesystem/","","reachable","","retain","true"
"baseline","https://kujo.robertdevore.com/course/filesystem/","https://kujo.robertdevore.com/","K_ KUJO THE COURSE","HTML anchor","200","https://kujo.robertdevore.com/","","reachable","","retain","true"
"baseline","https://kujo.robertdevore.com/course/filesystem/","https://kujo.robertdevore.com/course/","Curriculum","HTML anchor","200","https://kujo.robertdevore.com/course/","","reachable","","retain","true"
"baseline","https://kujo.robertdevore.com/course/filesystem/","https://kujo.robertdevore.com/explorer/","Examples","HTML anchor","200","https://kujo.robertdevore.com/explorer/","","reachable","","retain","true"
"baseline","https://kujo.robertdevore.com/course/filesystem/","https://kujo.robertdevore.com/evidence/","Evidence","HTML anchor","200","https://kujo.robertdevore.com/evidence/","","reachable","","retain","true"
"baseline","https://kujo.robertdevore.com/course/filesystem/","https://kujo.robertdevore.com/course/what-is-kujo/","01 · What Kujo is","HTML anchor","200","https://kujo.robertdevore.com/course/what-is-kujo/","","reachable","","retain","true"
"baseline","https://kujo.robertdevore.com/course/filesystem/","https://kujo.robertdevore.com/course/setup-and-cli/","02 · Installation, CLI, and your first program","HTML anchor","200","https://kujo.robertdevore.com/course/setup-and-cli/","","reachable","","retain","true"
"baseline","https://kujo.robertdevore.com/course/filesystem/","https://kujo.robertdevore.com/course/bindings-and-mutability/","03 · Bindings, values, and mutability","HTML anchor","200","https://kujo.robertdevore.com/course/bindings-and-mutability/","","reachable","","retain","true"
"baseline","https://kujo.robertdevore.com/course/filesystem/","https://kujo.robertdevore.com/course/values-and-truthiness/","04 · Values, operators, and truthiness","HTML anchor","200","https://kujo.robertdevore.com/course/values-and-truthiness/","","reachable","","retain","true"
"baseline","https://kujo.robertdevore.com/course/filesystem/","https://kujo.robertdevore.com/course/control-flow/","05 · Control flow and block scopes","HTML anchor","200","https://kujo.robertdevore.com/course/control-flow/","","reachable","","retain","true"
"baseline","https://kujo.robertdevore.com/course/filesystem/","https://kujo.robertdevore.com/course/functions/","06 · Functions, callbacks, and return values","HTML anchor","200","https://kujo.robertdevore.com/course/functions/","","reachable","","retain","true"
"baseline","https://kujo.robertdevore.com/course/filesystem/","https://kujo.robertdevore.com/course/collections-and-pipelines/","07 · Collections, pipes, and null handling","HTML anchor","200","https://kujo.robertdevore.com/course/collections-and-pipelines/","","reachable","","retain","true"
"baseline","https://kujo.robertdevore.com/course/filesystem/","https://kujo.robertdevore.com/build-1/","◆ Stage build","HTML anchor","200","https://kujo.robertdevore.com/build-1/","","reachable","","retain","true"
"baseline","https://kujo.robertdevore.com/course/filesystem/","https://kujo.robertdevore.com/course/scope-and-capture/","08 · Scope, shadowing, and capture","HTML anchor","200","https://kujo.robertdevore.com/course/scope-and-capture/","","reachable","","retain","true"
"baseline","https://kujo.robertdevore.com/course/filesystem/","https://kujo.robertdevore.com/course/structs-and-enums/","09 · Structs and enums","HTML anchor","200","https://kujo.robertdevore.com/course/structs-and-enums/","","reachable","","retain","true"
"baseline","https://kujo.robertdevore.com/course/filesystem/","https://kujo.robertdevore.com/course/match-result-option/","10 · Match, Result, and Option","HTML anchor","200","https://kujo.robertdevore.com/course/match-result-option/","","reachable","","retain","true"
"baseline","https://kujo.robertdevore.com/course/filesystem/","https://kujo.robertdevore.com/course/exceptions/","11 · Exceptions and recoverable errors","HTML anchor","200","https://kujo.robertdevore.com/course/exceptions/","","reachable","","retain","true"
"baseline","https://kujo.robertdevore.com/course/filesystem/","https://kujo.robertdevore.com/course/optional-typing/","12 · Optional typing without imaginary guarantees","HTML anchor","200","https://kujo.robertdevore.com/course/optional-typing/","","reachable","","retain","true"
"baseline","https://kujo.robertdevore.com/course/filesystem/","https://kujo.robertdevore.com/course/async-and-await/","13 · Async functions and await","HTML anchor","200","https://kujo.robertdevore.com/course/async-and-await/","","reachable","","retain","true"
"baseline","https://kujo.robertdevore.com/course/filesystem/","https://kujo.robertdevore.com/course/bounded-concurrency/","14 · Spawn and bounded concurrent work","HTML anchor","200","https://kujo.robertdevore.com/course/bounded-concurrency/","","reachable","","retain","true"
"baseline","https://kujo.robertdevore.com/course/filesystem/","https://kujo.robertdevore.com/build-2/","◆ Stage build","HTML anchor","200","https://kujo.robertdevore.com/build-2/","","reachable","","retain","true"
"baseline","https://kujo.robertdevore.com/course/filesystem/","https://kujo.robertdevore.com/course/modules/","15 · Modules and explicit exports","HTML anchor","200","https://kujo.robertdevore.com/course/modules/","","reachable","","retain","true"
"baseline","https://kujo.robertdevore.com/course/filesystem/","https://kujo.robertdevore.com/course/projects-and-lockfiles/","16 · Projects, packages, and lockfiles","HTML anchor","200","https://kujo.robertdevore.com/course/projects-and-lockfiles/","","reachable","","retain","true"
"baseline","https://kujo.robertdevore.com/course/filesystem/","https://kujo.robertdevore.com/course/standard-library/","17 · Finding the standard library contract","HTML anchor","200","https://kujo.robertdevore.com/course/standard-library/","","reachable","","retain","true"
"baseline","https://kujo.robertdevore.com/course/filesystem/","https://kujo.robertdevore.com/course/testing/","18 · Testing, fixtures, and runtime evidence","HTML anchor","200","https://kujo.robertdevore.com/course/testing/","","reachable","","retain","true"
"baseline","https://kujo.robertdevore.com/course/filesystem/","https://kujo.robertdevore.com/course/machine-contracts/","19 · Diagnostics and machine-readable interfaces","HTML anchor","200","https://kujo.robertdevore.com/course/machine-contracts/","","reachable","","retain","true"
"baseline","https://kujo.robertdevore.com/course/filesystem/","https://kujo.robertdevore.com/course/documentation/","20 · Documentation as a build artifact","HTML anchor","200","https://kujo.robertdevore.com/course/documentation/","","reachable","","retain","true"
"baseline","https://kujo.robertdevore.com/course/filesystem/","https://kujo.robertdevore.com/course/editor-and-lsp/","21 · Editor integration and the LSP boundary","HTML anchor","200","https://kujo.robertdevore.com/course/editor-and-lsp/","","reachable","","retain","true"
"baseline","https://kujo.robertdevore.com/course/filesystem/","https://kujo.robertdevore.com/build-3/","◆ Stage build","HTML anchor","200","https://kujo.robertdevore.com/build-3/","","reachable","","retain","true"
"baseline","https://kujo.robertdevore.com/course/filesystem/","https://kujo.robertdevore.com/course/filesystem/","22 · Filesystem automation with bounded paths","HTML anchor","200","https://kujo.robertdevore.com/course/filesystem/","","reachable","","retain","true"
"baseline","https://kujo.robertdevore.com/course/filesystem/","https://kujo.robertdevore.com/course/processes/","23 · Processes without unnecessary shells","HTML anchor","200","https://kujo.robertdevore.com/course/processes/","","reachable","","retain","true"
"baseline","https://kujo.robertdevore.com/course/filesystem/","https://kujo.robertdevore.com/course/http-and-networking/","24 · HTTP and network boundaries","HTML anchor","200","https://kujo.robertdevore.com/course/http-and-networking/","","reachable","","retain","true"
"baseline","https://kujo.robertdevore.com/course/filesystem/","https://kujo.robertdevore.com/course/data-and-persistence/","25 · Structured data and local persistence","HTML anchor","200","https://kujo.robertdevore.com/course/data-and-persistence/","","reachable","","retain","true"
"baseline","https://kujo.robertdevore.com/course/filesystem/","https://kujo.robertdevore.com/course/capability-security/","26 · Trusted execution and minimum authority","HTML anchor","200","https://kujo.robertdevore.com/course/capability-security/","","reachable","","retain","true"
"baseline","https://kujo.robertdevore.com/course/filesystem/","https://kujo.robertdevore.com/course/secret-boundaries/","27 · Secrets, redaction, and endpoint policy","HTML anchor","200","https://kujo.robertdevore.com/course/secret-boundaries/","","reachable","","retain","true"
"baseline","https://kujo.robertdevore.com/course/filesystem/","https://kujo.robertdevore.com/build-4/","◆ Stage build","HTML anchor","200","https://kujo.robertdevore.com/build-4/","","reachable","","retain","true"
"baseline","https://kujo.robertdevore.com/course/filesystem/","https://kujo.robertdevore.com/course/ai-effects-and-messages/","28 · AI effects and portable messages","HTML anchor","200","https://kujo.robertdevore.com/course/ai-effects-and-messages/","","reachable","","retain","true"
"baseline","https://kujo.robertdevore.com/course/filesystem/","https://kujo.robertdevore.com/course/request-identity/","29 · Deterministic request identity","HTML anchor","200","https://kujo.robertdevore.com/course/request-identity/","","reachable","","retain","true"
"baseline","https://kujo.robertdevore.com/course/filesystem/","https://kujo.robertdevore.com/course/record-and-replay/","30 · Record, replay, and offline evidence","HTML anchor","200","https://kujo.robertdevore.com/course/record-and-replay/","","reachable","","retain","true"
"baseline","https://kujo.robertdevore.com/course/filesystem/","https://kujo.robertdevore.com/course/streaming/","31 · Streaming and cancellation","HTML anchor","200","https://kujo.robertdevore.com/course/streaming/","","reachable","","retain","true"
"baseline","https://kujo.robertdevore.com/course/filesystem/","https://kujo.robertdevore.com/course/structured-outputs/","32 · Structured outputs and schema validation","HTML anchor","200","https://kujo.robertdevore.com/course/structured-outputs/","","reachable","","retain","true"
"baseline","https://kujo.robertdevore.com/course/filesystem/","https://kujo.robertdevore.com/course/context-and-vectors/","33 · Context budgets, embeddings, and vectors","HTML anchor","200","https://kujo.robertdevore.com/course/context-and-vectors/","","reachable","","retain","true"
"baseline","https://kujo.robertdevore.com/course/filesystem/","https://kujo.robertdevore.com/course/tool-loops/","34 · Bounded AI tool loops","HTML anchor","200","https://kujo.robertdevore.com/course/tool-loops/","","reachable","","retain","true"
"baseline","https://kujo.robertdevore.com/course/filesystem/","https://kujo.robertdevore.com/build-5/","◆ Stage build","HTML anchor","200","https://kujo.robertdevore.com/build-5/","","reachable","","retain","true"
"baseline","https://kujo.robertdevore.com/course/filesystem/","https://kujo.robertdevore.com/course/mechanism-and-policy/","35 · Mechanism versus policy","HTML anchor","200","https://kujo.robertdevore.com/course/mechanism-and-policy/","","reachable","","retain","true"
"baseline","https://kujo.robertdevore.com/course/filesystem/","https://kujo.robertdevore.com/course/loop-engineering/","36 · Loop Engineering, specs, and stop conditions","HTML anchor","200","https://kujo.robertdevore.com/course/loop-engineering/","","reachable","","retain","true"
"baseline","https://kujo.robertdevore.com/course/filesystem/","https://kujo.robertdevore.com/course/evaluation/","37 · Evaluation independent of generation","HTML anchor","200","https://kujo.robertdevore.com/course/evaluation/","","reachable","","retain","true"
"baseline","https://kujo.robertdevore.com/course/filesystem/","https://kujo.robertdevore.com/course/evidence-and-handoffs/","38 · Evidence, run records, and work boundaries","HTML anchor","200","https://kujo.robertdevore.com/course/evidence-and-handoffs/","","reachable","","retain","true"
"baseline","https://kujo.robertdevore.com/course/filesystem/","https://kujo.robertdevore.com/course/isolation-and-observability/","39 · Isolation, observability, and watchdogs","HTML anchor","200","https://kujo.robertdevore.com/course/isolation-and-observability/","","reachable","","retain","true"
"baseline","https://kujo.robertdevore.com/course/filesystem/","https://kujo.robertdevore.com/course/mcp-interoperability/","40 · MCP and external tool interoperability","HTML anchor","200","https://kujo.robertdevore.com/course/mcp-interoperability/","","reachable","","retain","true"
"baseline","https://kujo.robertdevore.com/course/filesystem/","https://kujo.robertdevore.com/build-6/","◆ Stage build","HTML anchor","200","https://kujo.robertdevore.com/build-6/","","reachable","","retain","true"
"baseline","https://kujo.robertdevore.com/course/filesystem/","https://kujo.robertdevore.com/capstone/","◆ Final capstone","HTML anchor","200","https://kujo.robertdevore.com/capstone/","","reachable","","retain","true"
"baseline","https://kujo.robertdevore.com/course/filesystem/","https://kujo.robertdevore.com/course/","Full curriculum →","HTML anchor","200","https://kujo.robertdevore.com/course/","","reachable","","retain","true"
"baseline","https://kujo.robertdevore.com/course/filesystem/","https://kujo.robertdevore.com/examples/22.kujo","Download example","HTML anchor","200","https://kujo.robertdevore.com/examples/22.kujo","","reachable","","retain","true"
"baseline","https://kujo.robertdevore.com/course/filesystem/","https://kujo.robertdevore.com/course/editor-and-lsp/","← Editor integration and the LSP boundary","HTML anchor","200","https://kujo.robertdevore.com/course/editor-and-lsp/","","reachable","","retain","true"
"baseline","https://kujo.robertdevore.com/course/filesystem/","https://kujo.robertdevore.com/course/processes/","Processes without unnecessary shells →","HTML anchor","200","https://kujo.robertdevore.com/course/processes/","","reachable","","retain","true"
"baseline","https://kujo.robertdevore.com/course/filesystem/","https://kujo.robertdevore.com/","K_ KUJO COURSE","HTML anchor","200","https://kujo.robertdevore.com/","","reachable","","retain","true"
"baseline","https://kujo.robertdevore.com/course/filesystem/","https://kujo.robertdevore.com/about/","About","HTML anchor","200","https://kujo.robertdevore.com/about/","","reachable","","retain","true"
"baseline","https://kujo.robertdevore.com/course/filesystem/","https://kujo.robertdevore.com/sitemap.xml","Sitemap","HTML anchor","200","https://kujo.robertdevore.com/sitemap.xml","","reachable","","retain","true"
"baseline","https://kujo.robertdevore.com/course/processes/","https://kujo.robertdevore.com/course/processes/#main","Skip to content","HTML anchor","200","https://kujo.robertdevore.com/course/processes/","","reachable","","retain","true"
"baseline","https://kujo.robertdevore.com/course/processes/","https://kujo.robertdevore.com/","K_ KUJO THE COURSE","HTML anchor","200","https://kujo.robertdevore.com/","","reachable","","retain","true"
"baseline","https://kujo.robertdevore.com/course/processes/","https://kujo.robertdevore.com/course/","Curriculum","HTML anchor","200","https://kujo.robertdevore.com/course/","","reachable","","retain","true"
"baseline","https://kujo.robertdevore.com/course/processes/","https://kujo.robertdevore.com/explorer/","Examples","HTML anchor","200","https://kujo.robertdevore.com/explorer/","","reachable","","retain","true"
"baseline","https://kujo.robertdevore.com/course/processes/","https://kujo.robertdevore.com/evidence/","Evidence","HTML anchor","200","https://kujo.robertdevore.com/evidence/","","reachable","","retain","true"
"baseline","https://kujo.robertdevore.com/course/processes/","https://kujo.robertdevore.com/course/what-is-kujo/","01 · What Kujo is","HTML anchor","200","https://kujo.robertdevore.com/course/what-is-kujo/","","reachable","","retain","true"
"baseline","https://kujo.robertdevore.com/course/processes/","https://kujo.robertdevore.com/course/setup-and-cli/","02 · Installation, CLI, and your first program","HTML anchor","200","https://kujo.robertdevore.com/course/setup-and-cli/","","reachable","","retain","true"
"baseline","https://kujo.robertdevore.com/course/processes/","https://kujo.robertdevore.com/course/bindings-and-mutability/","03 · Bindings, values, and mutability","HTML anchor","200","https://kujo.robertdevore.com/course/bindings-and-mutability/","","reachable","","retain","true"
"baseline","https://kujo.robertdevore.com/course/processes/","https://kujo.robertdevore.com/course/values-and-truthiness/","04 · Values, operators, and truthiness","HTML anchor","200","https://kujo.robertdevore.com/course/values-and-truthiness/","","reachable","","retain","true"
"baseline","https://kujo.robertdevore.com/course/processes/","https://kujo.robertdevore.com/course/control-flow/","05 · Control flow and block scopes","HTML anchor","200","https://kujo.robertdevore.com/course/control-flow/","","reachable","","retain","true"
"baseline","https://kujo.robertdevore.com/course/processes/","https://kujo.robertdevore.com/course/functions/","06 · Functions, callbacks, and return values","HTML anchor","200","https://kujo.robertdevore.com/course/functions/","","reachable","","retain","true"
"baseline","https://kujo.robertdevore.com/course/processes/","https://kujo.robertdevore.com/course/collections-and-pipelines/","07 · Collections, pipes, and null handling","HTML anchor","200","https://kujo.robertdevore.com/course/collections-and-pipelines/","","reachable","","retain","true"
"baseline","https://kujo.robertdevore.com/course/processes/","https://kujo.robertdevore.com/build-1/","◆ Stage build","HTML anchor","200","https://kujo.robertdevore.com/build-1/","","reachable","","retain","true"
"baseline","https://kujo.robertdevore.com/course/processes/","https://kujo.robertdevore.com/course/scope-and-capture/","08 · Scope, shadowing, and capture","HTML anchor","200","https://kujo.robertdevore.com/course/scope-and-capture/","","reachable","","retain","true"
"baseline","https://kujo.robertdevore.com/course/processes/","https://kujo.robertdevore.com/course/structs-and-enums/","09 · Structs and enums","HTML anchor","200","https://kujo.robertdevore.com/course/structs-and-enums/","","reachable","","retain","true"
"baseline","https://kujo.robertdevore.com/course/processes/","https://kujo.robertdevore.com/course/match-result-option/","10 · Match, Result, and Option","HTML anchor","200","https://kujo.robertdevore.com/course/match-result-option/","","reachable","","retain","true"
"baseline","https://kujo.robertdevore.com/course/processes/","https://kujo.robertdevore.com/course/exceptions/","11 · Exceptions and recoverable errors","HTML anchor","200","https://kujo.robertdevore.com/course/exceptions/","","reachable","","retain","true"
"baseline","https://kujo.robertdevore.com/course/processes/","https://kujo.robertdevore.com/course/optional-typing/","12 · Optional typing without imaginary guarantees","HTML anchor","200","https://kujo.robertdevore.com/course/optional-typing/","","reachable","","retain","true"
"baseline","https://kujo.robertdevore.com/course/processes/","https://kujo.robertdevore.com/course/async-and-await/","13 · Async functions and await","HTML anchor","200","https://kujo.robertdevore.com/course/async-and-await/","","reachable","","retain","true"
"baseline","https://kujo.robertdevore.com/course/processes/","https://kujo.robertdevore.com/course/bounded-concurrency/","14 · Spawn and bounded concurrent work","HTML anchor","200","https://kujo.robertdevore.com/course/bounded-concurrency/","","reachable","","retain","true"
"baseline","https://kujo.robertdevore.com/course/processes/","https://kujo.robertdevore.com/build-2/","◆ Stage build","HTML anchor","200","https://kujo.robertdevore.com/build-2/","","reachable","","retain","true"
"baseline","https://kujo.robertdevore.com/course/processes/","https://kujo.robertdevore.com/course/modules/","15 · Modules and explicit exports","HTML anchor","200","https://kujo.robertdevore.com/course/modules/","","reachable","","retain","true"
"baseline","https://kujo.robertdevore.com/course/processes/","https://kujo.robertdevore.com/course/projects-and-lockfiles/","16 · Projects, packages, and lockfiles","HTML anchor","200","https://kujo.robertdevore.com/course/projects-and-lockfiles/","","reachable","","retain","true"
"baseline","https://kujo.robertdevore.com/course/processes/","https://kujo.robertdevore.com/course/standard-library/","17 · Finding the standard library contract","HTML anchor","200","https://kujo.robertdevore.com/course/standard-library/","","reachable","","retain","true"
"baseline","https://kujo.robertdevore.com/course/processes/","https://kujo.robertdevore.com/course/testing/","18 · Testing, fixtures, and runtime evidence","HTML anchor","200","https://kujo.robertdevore.com/course/testing/","","reachable","","retain","true"
"baseline","https://kujo.robertdevore.com/course/processes/","https://kujo.robertdevore.com/course/machine-contracts/","19 · Diagnostics and machine-readable interfaces","HTML anchor","200","https://kujo.robertdevore.com/course/machine-contracts/","","reachable","","retain","true"
"baseline","https://kujo.robertdevore.com/course/processes/","https://kujo.robertdevore.com/course/documentation/","20 · Documentation as a build artifact","HTML anchor","200","https://kujo.robertdevore.com/course/documentation/","","reachable","","retain","true"
"baseline","https://kujo.robertdevore.com/course/processes/","https://kujo.robertdevore.com/course/editor-and-lsp/","21 · Editor integration and the LSP boundary","HTML anchor","200","https://kujo.robertdevore.com/course/editor-and-lsp/","","reachable","","retain","true"
"baseline","https://kujo.robertdevore.com/course/processes/","https://kujo.robertdevore.com/build-3/","◆ Stage build","HTML anchor","200","https://kujo.robertdevore.com/build-3/","","reachable","","retain","true"
"baseline","https://kujo.robertdevore.com/course/processes/","https://kujo.robertdevore.com/course/filesystem/","22 · Filesystem automation with bounded paths","HTML anchor","200","https://kujo.robertdevore.com/course/filesystem/","","reachable","","retain","true"
"baseline","https://kujo.robertdevore.com/course/processes/","https://kujo.robertdevore.com/course/processes/","23 · Processes without unnecessary shells","HTML anchor","200","https://kujo.robertdevore.com/course/processes/","","reachable","","retain","true"
"baseline","https://kujo.robertdevore.com/course/processes/","https://kujo.robertdevore.com/course/http-and-networking/","24 · HTTP and network boundaries","HTML anchor","200","https://kujo.robertdevore.com/course/http-and-networking/","","reachable","","retain","true"
"baseline","https://kujo.robertdevore.com/course/processes/","https://kujo.robertdevore.com/course/data-and-persistence/","25 · Structured data and local persistence","HTML anchor","200","https://kujo.robertdevore.com/course/data-and-persistence/","","reachable","","retain","true"
"baseline","https://kujo.robertdevore.com/course/processes/","https://kujo.robertdevore.com/course/capability-security/","26 · Trusted execution and minimum authority","HTML anchor","200","https://kujo.robertdevore.com/course/capability-security/","","reachable","","retain","true"
"baseline","https://kujo.robertdevore.com/course/processes/","https://kujo.robertdevore.com/course/secret-boundaries/","27 · Secrets, redaction, and endpoint policy","HTML anchor","200","https://kujo.robertdevore.com/course/secret-boundaries/","","reachable","","retain","true"
"baseline","https://kujo.robertdevore.com/course/processes/","https://kujo.robertdevore.com/build-4/","◆ Stage build","HTML anchor","200","https://kujo.robertdevore.com/build-4/","","reachable","","retain","true"
"baseline","https://kujo.robertdevore.com/course/processes/","https://kujo.robertdevore.com/course/ai-effects-and-messages/","28 · AI effects and portable messages","HTML anchor","200","https://kujo.robertdevore.com/course/ai-effects-and-messages/","","reachable","","retain","true"
"baseline","https://kujo.robertdevore.com/course/processes/","https://kujo.robertdevore.com/course/request-identity/","29 · Deterministic request identity","HTML anchor","200","https://kujo.robertdevore.com/course/request-identity/","","reachable","","retain","true"
"baseline","https://kujo.robertdevore.com/course/processes/","https://kujo.robertdevore.com/course/record-and-replay/","30 · Record, replay, and offline evidence","HTML anchor","200","https://kujo.robertdevore.com/course/record-and-replay/","","reachable","","retain","true"
"baseline","https://kujo.robertdevore.com/course/processes/","https://kujo.robertdevore.com/course/streaming/","31 · Streaming and cancellation","HTML anchor","200","https://kujo.robertdevore.com/course/streaming/","","reachable","","retain","true"
"baseline","https://kujo.robertdevore.com/course/processes/","https://kujo.robertdevore.com/course/structured-outputs/","32 · Structured outputs and schema validation","HTML anchor","200","https://kujo.robertdevore.com/course/structured-outputs/","","reachable","","retain","true"
"baseline","https://kujo.robertdevore.com/course/processes/","https://kujo.robertdevore.com/course/context-and-vectors/","33 · Context budgets, embeddings, and vectors","HTML anchor","200","https://kujo.robertdevore.com/course/context-and-vectors/","","reachable","","retain","true"
"baseline","https://kujo.robertdevore.com/course/processes/","https://kujo.robertdevore.com/course/tool-loops/","34 · Bounded AI tool loops","HTML anchor","200","https://kujo.robertdevore.com/course/tool-loops/","","reachable","","retain","true"
"baseline","https://kujo.robertdevore.com/course/processes/","https://kujo.robertdevore.com/build-5/","◆ Stage build","HTML anchor","200","https://kujo.robertdevore.com/build-5/","","reachable","","retain","true"
"baseline","https://kujo.robertdevore.com/course/processes/","https://kujo.robertdevore.com/course/mechanism-and-policy/","35 · Mechanism versus policy","HTML anchor","200","https://kujo.robertdevore.com/course/mechanism-and-policy/","","reachable","","retain","true"
"baseline","https://kujo.robertdevore.com/course/processes/","https://kujo.robertdevore.com/course/loop-engineering/","36 · Loop Engineering, specs, and stop conditions","HTML anchor","200","https://kujo.robertdevore.com/course/loop-engineering/","","reachable","","retain","true"
"baseline","https://kujo.robertdevore.com/course/processes/","https://kujo.robertdevore.com/course/evaluation/","37 · Evaluation independent of generation","HTML anchor","200","https://kujo.robertdevore.com/course/evaluation/","","reachable","","retain","true"
"baseline","https://kujo.robertdevore.com/course/processes/","https://kujo.robertdevore.com/course/evidence-and-handoffs/","38 · Evidence, run records, and work boundaries","HTML anchor","200","https://kujo.robertdevore.com/course/evidence-and-handoffs/","","reachable","","retain","true"
"baseline","https://kujo.robertdevore.com/course/processes/","https://kujo.robertdevore.com/course/isolation-and-observability/","39 · Isolation, observability, and watchdogs","HTML anchor","200","https://kujo.robertdevore.com/course/isolation-and-observability/","","reachable","","retain","true"
"baseline","https://kujo.robertdevore.com/course/processes/","https://kujo.robertdevore.com/course/mcp-interoperability/","40 · MCP and external tool interoperability","HTML anchor","200","https://kujo.robertdevore.com/course/mcp-interoperability/","","reachable","","retain","true"
"baseline","https://kujo.robertdevore.com/course/processes/","https://kujo.robertdevore.com/build-6/","◆ Stage build","HTML anchor","200","https://kujo.robertdevore.com/build-6/","","reachable","","retain","true"
"baseline","https://kujo.robertdevore.com/course/processes/","https://kujo.robertdevore.com/capstone/","◆ Final capstone","HTML anchor","200","https://kujo.robertdevore.com/capstone/","","reachable","","retain","true"
"baseline","https://kujo.robertdevore.com/course/processes/","https://kujo.robertdevore.com/course/","Full curriculum →","HTML anchor","200","https://kujo.robertdevore.com/course/","","reachable","","retain","true"
"baseline","https://kujo.robertdevore.com/course/processes/","https://kujo.robertdevore.com/examples/23.kujo","Download example","HTML anchor","200","https://kujo.robertdevore.com/examples/23.kujo","","reachable","","retain","true"
"baseline","https://kujo.robertdevore.com/course/processes/","https://kujo.robertdevore.com/course/filesystem/","← Filesystem automation with bounded paths","HTML anchor","200","https://kujo.robertdevore.com/course/filesystem/","","reachable","","retain","true"
"baseline","https://kujo.robertdevore.com/course/processes/","https://kujo.robertdevore.com/course/http-and-networking/","HTTP and network boundaries →","HTML anchor","200","https://kujo.robertdevore.com/course/http-and-networking/","","reachable","","retain","true"
"baseline","https://kujo.robertdevore.com/course/processes/","https://kujo.robertdevore.com/","K_ KUJO COURSE","HTML anchor","200","https://kujo.robertdevore.com/","","reachable","","retain","true"
"baseline","https://kujo.robertdevore.com/course/processes/","https://kujo.robertdevore.com/about/","About","HTML anchor","200","https://kujo.robertdevore.com/about/","","reachable","","retain","true"
"baseline","https://kujo.robertdevore.com/course/processes/","https://kujo.robertdevore.com/sitemap.xml","Sitemap","HTML anchor","200","https://kujo.robertdevore.com/sitemap.xml","","reachable","","retain","true"
"baseline","https://kujo.robertdevore.com/course/http-and-networking/","https://kujo.robertdevore.com/course/http-and-networking/#main","Skip to content","HTML anchor","200","https://kujo.robertdevore.com/course/http-and-networking/","","reachable","","retain","true"
"baseline","https://kujo.robertdevore.com/course/http-and-networking/","https://kujo.robertdevore.com/","K_ KUJO THE COURSE","HTML anchor","200","https://kujo.robertdevore.com/","","reachable","","retain","true"
"baseline","https://kujo.robertdevore.com/course/http-and-networking/","https://kujo.robertdevore.com/course/","Curriculum","HTML anchor","200","https://kujo.robertdevore.com/course/","","reachable","","retain","true"
"baseline","https://kujo.robertdevore.com/course/http-and-networking/","https://kujo.robertdevore.com/explorer/","Examples","HTML anchor","200","https://kujo.robertdevore.com/explorer/","","reachable","","retain","true"
"baseline","https://kujo.robertdevore.com/course/http-and-networking/","https://kujo.robertdevore.com/evidence/","Evidence","HTML anchor","200","https://kujo.robertdevore.com/evidence/","","reachable","","retain","true"
"baseline","https://kujo.robertdevore.com/course/http-and-networking/","https://kujo.robertdevore.com/course/what-is-kujo/","01 · What Kujo is","HTML anchor","200","https://kujo.robertdevore.com/course/what-is-kujo/","","reachable","","retain","true"
"baseline","https://kujo.robertdevore.com/course/http-and-networking/","https://kujo.robertdevore.com/course/setup-and-cli/","02 · Installation, CLI, and your first program","HTML anchor","200","https://kujo.robertdevore.com/course/setup-and-cli/","","reachable","","retain","true"
"baseline","https://kujo.robertdevore.com/course/http-and-networking/","https://kujo.robertdevore.com/course/bindings-and-mutability/","03 · Bindings, values, and mutability","HTML anchor","200","https://kujo.robertdevore.com/course/bindings-and-mutability/","","reachable","","retain","true"
"baseline","https://kujo.robertdevore.com/course/http-and-networking/","https://kujo.robertdevore.com/course/values-and-truthiness/","04 · Values, operators, and truthiness","HTML anchor","200","https://kujo.robertdevore.com/course/values-and-truthiness/","","reachable","","retain","true"
"baseline","https://kujo.robertdevore.com/course/http-and-networking/","https://kujo.robertdevore.com/course/control-flow/","05 · Control flow and block scopes","HTML anchor","200","https://kujo.robertdevore.com/course/control-flow/","","reachable","","retain","true"
"baseline","https://kujo.robertdevore.com/course/http-and-networking/","https://kujo.robertdevore.com/course/functions/","06 · Functions, callbacks, and return values","HTML anchor","200","https://kujo.robertdevore.com/course/functions/","","reachable","","retain","true"
"baseline","https://kujo.robertdevore.com/course/http-and-networking/","https://kujo.robertdevore.com/course/collections-and-pipelines/","07 · Collections, pipes, and null handling","HTML anchor","200","https://kujo.robertdevore.com/course/collections-and-pipelines/","","reachable","","retain","true"
"baseline","https://kujo.robertdevore.com/course/http-and-networking/","https://kujo.robertdevore.com/build-1/","◆ Stage build","HTML anchor","200","https://kujo.robertdevore.com/build-1/","","reachable","","retain","true"
"baseline","https://kujo.robertdevore.com/course/http-and-networking/","https://kujo.robertdevore.com/course/scope-and-capture/","08 · Scope, shadowing, and capture","HTML anchor","200","https://kujo.robertdevore.com/course/scope-and-capture/","","reachable","","retain","true"
"baseline","https://kujo.robertdevore.com/course/http-and-networking/","https://kujo.robertdevore.com/course/structs-and-enums/","09 · Structs and enums","HTML anchor","200","https://kujo.robertdevore.com/course/structs-and-enums/","","reachable","","retain","true"
"baseline","https://kujo.robertdevore.com/course/http-and-networking/","https://kujo.robertdevore.com/course/match-result-option/","10 · Match, Result, and Option","HTML anchor","200","https://kujo.robertdevore.com/course/match-result-option/","","reachable","","retain","true"
"baseline","https://kujo.robertdevore.com/course/http-and-networking/","https://kujo.robertdevore.com/course/exceptions/","11 · Exceptions and recoverable errors","HTML anchor","200","https://kujo.robertdevore.com/course/exceptions/","","reachable","","retain","true"
"baseline","https://kujo.robertdevore.com/course/http-and-networking/","https://kujo.robertdevore.com/course/optional-typing/","12 · Optional typing without imaginary guarantees","HTML anchor","200","https://kujo.robertdevore.com/course/optional-typing/","","reachable","","retain","true"
"baseline","https://kujo.robertdevore.com/course/http-and-networking/","https://kujo.robertdevore.com/course/async-and-await/","13 · Async functions and await","HTML anchor","200","https://kujo.robertdevore.com/course/async-and-await/","","reachable","","retain","true"
"baseline","https://kujo.robertdevore.com/course/http-and-networking/","https://kujo.robertdevore.com/course/bounded-concurrency/","14 · Spawn and bounded concurrent work","HTML anchor","200","https://kujo.robertdevore.com/course/bounded-concurrency/","","reachable","","retain","true"
"baseline","https://kujo.robertdevore.com/course/http-and-networking/","https://kujo.robertdevore.com/build-2/","◆ Stage build","HTML anchor","200","https://kujo.robertdevore.com/build-2/","","reachable","","retain","true"
"baseline","https://kujo.robertdevore.com/course/http-and-networking/","https://kujo.robertdevore.com/course/modules/","15 · Modules and explicit exports","HTML anchor","200","https://kujo.robertdevore.com/course/modules/","","reachable","","retain","true"
"baseline","https://kujo.robertdevore.com/course/http-and-networking/","https://kujo.robertdevore.com/course/projects-and-lockfiles/","16 · Projects, packages, and lockfiles","HTML anchor","200","https://kujo.robertdevore.com/course/projects-and-lockfiles/","","reachable","","retain","true"
"baseline","https://kujo.robertdevore.com/course/http-and-networking/","https://kujo.robertdevore.com/course/standard-library/","17 · Finding the standard library contract","HTML anchor","200","https://kujo.robertdevore.com/course/standard-library/","","reachable","","retain","true"
"baseline","https://kujo.robertdevore.com/course/http-and-networking/","https://kujo.robertdevore.com/course/testing/","18 · Testing, fixtures, and runtime evidence","HTML anchor","200","https://kujo.robertdevore.com/course/testing/","","reachable","","retain","true"
"baseline","https://kujo.robertdevore.com/course/http-and-networking/","https://kujo.robertdevore.com/course/machine-contracts/","19 · Diagnostics and machine-readable interfaces","HTML anchor","200","https://kujo.robertdevore.com/course/machine-contracts/","","reachable","","retain","true"
"baseline","https://kujo.robertdevore.com/course/http-and-networking/","https://kujo.robertdevore.com/course/documentation/","20 · Documentation as a build artifact","HTML anchor","200","https://kujo.robertdevore.com/course/documentation/","","reachable","","retain","true"
"baseline","https://kujo.robertdevore.com/course/http-and-networking/","https://kujo.robertdevore.com/course/editor-and-lsp/","21 · Editor integration and the LSP boundary","HTML anchor","200","https://kujo.robertdevore.com/course/editor-and-lsp/","","reachable","","retain","true"
"baseline","https://kujo.robertdevore.com/course/http-and-networking/","https://kujo.robertdevore.com/build-3/","◆ Stage build","HTML anchor","200","https://kujo.robertdevore.com/build-3/","","reachable","","retain","true"
"baseline","https://kujo.robertdevore.com/course/http-and-networking/","https://kujo.robertdevore.com/course/filesystem/","22 · Filesystem automation with bounded paths","HTML anchor","200","https://kujo.robertdevore.com/course/filesystem/","","reachable","","retain","true"
"baseline","https://kujo.robertdevore.com/course/http-and-networking/","https://kujo.robertdevore.com/course/processes/","23 · Processes without unnecessary shells","HTML anchor","200","https://kujo.robertdevore.com/course/processes/","","reachable","","retain","true"
"baseline","https://kujo.robertdevore.com/course/http-and-networking/","https://kujo.robertdevore.com/course/http-and-networking/","24 · HTTP and network boundaries","HTML anchor","200","https://kujo.robertdevore.com/course/http-and-networking/","","reachable","","retain","true"
"baseline","https://kujo.robertdevore.com/course/http-and-networking/","https://kujo.robertdevore.com/course/data-and-persistence/","25 · Structured data and local persistence","HTML anchor","200","https://kujo.robertdevore.com/course/data-and-persistence/","","reachable","","retain","true"
"baseline","https://kujo.robertdevore.com/course/http-and-networking/","https://kujo.robertdevore.com/course/capability-security/","26 · Trusted execution and minimum authority","HTML anchor","200","https://kujo.robertdevore.com/course/capability-security/","","reachable","","retain","true"
"baseline","https://kujo.robertdevore.com/course/http-and-networking/","https://kujo.robertdevore.com/course/secret-boundaries/","27 · Secrets, redaction, and endpoint policy","HTML anchor","200","https://kujo.robertdevore.com/course/secret-boundaries/","","reachable","","retain","true"
"baseline","https://kujo.robertdevore.com/course/http-and-networking/","https://kujo.robertdevore.com/build-4/","◆ Stage build","HTML anchor","200","https://kujo.robertdevore.com/build-4/","","reachable","","retain","true"
"baseline","https://kujo.robertdevore.com/course/http-and-networking/","https://kujo.robertdevore.com/course/ai-effects-and-messages/","28 · AI effects and portable messages","HTML anchor","200","https://kujo.robertdevore.com/course/ai-effects-and-messages/","","reachable","","retain","true"
"baseline","https://kujo.robertdevore.com/course/http-and-networking/","https://kujo.robertdevore.com/course/request-identity/","29 · Deterministic request identity","HTML anchor","200","https://kujo.robertdevore.com/course/request-identity/","","reachable","","retain","true"
"baseline","https://kujo.robertdevore.com/course/http-and-networking/","https://kujo.robertdevore.com/course/record-and-replay/","30 · Record, replay, and offline evidence","HTML anchor","200","https://kujo.robertdevore.com/course/record-and-replay/","","reachable","","retain","true"
"baseline","https://kujo.robertdevore.com/course/http-and-networking/","https://kujo.robertdevore.com/course/streaming/","31 · Streaming and cancellation","HTML anchor","200","https://kujo.robertdevore.com/course/streaming/","","reachable","","retain","true"
"baseline","https://kujo.robertdevore.com/course/http-and-networking/","https://kujo.robertdevore.com/course/structured-outputs/","32 · Structured outputs and schema validation","HTML anchor","200","https://kujo.robertdevore.com/course/structured-outputs/","","reachable","","retain","true"
"baseline","https://kujo.robertdevore.com/course/http-and-networking/","https://kujo.robertdevore.com/course/context-and-vectors/","33 · Context budgets, embeddings, and vectors","HTML anchor","200","https://kujo.robertdevore.com/course/context-and-vectors/","","reachable","","retain","true"
"baseline","https://kujo.robertdevore.com/course/http-and-networking/","https://kujo.robertdevore.com/course/tool-loops/","34 · Bounded AI tool loops","HTML anchor","200","https://kujo.robertdevore.com/course/tool-loops/","","reachable","","retain","true"
"baseline","https://kujo.robertdevore.com/course/http-and-networking/","https://kujo.robertdevore.com/build-5/","◆ Stage build","HTML anchor","200","https://kujo.robertdevore.com/build-5/","","reachable","","retain","true"
"baseline","https://kujo.robertdevore.com/course/http-and-networking/","https://kujo.robertdevore.com/course/mechanism-and-policy/","35 · Mechanism versus policy","HTML anchor","200","https://kujo.robertdevore.com/course/mechanism-and-policy/","","reachable","","retain","true"
"baseline","https://kujo.robertdevore.com/course/http-and-networking/","https://kujo.robertdevore.com/course/loop-engineering/","36 · Loop Engineering, specs, and stop conditions","HTML anchor","200","https://kujo.robertdevore.com/course/loop-engineering/","","reachable","","retain","true"
"baseline","https://kujo.robertdevore.com/course/http-and-networking/","https://kujo.robertdevore.com/course/evaluation/","37 · Evaluation independent of generation","HTML anchor","200","https://kujo.robertdevore.com/course/evaluation/","","reachable","","retain","true"
"baseline","https://kujo.robertdevore.com/course/http-and-networking/","https://kujo.robertdevore.com/course/evidence-and-handoffs/","38 · Evidence, run records, and work boundaries","HTML anchor","200","https://kujo.robertdevore.com/course/evidence-and-handoffs/","","reachable","","retain","true"
"baseline","https://kujo.robertdevore.com/course/http-and-networking/","https://kujo.robertdevore.com/course/isolation-and-observability/","39 · Isolation, observability, and watchdogs","HTML anchor","200","https://kujo.robertdevore.com/course/isolation-and-observability/","","reachable","","retain","true"
"baseline","https://kujo.robertdevore.com/course/http-and-networking/","https://kujo.robertdevore.com/course/mcp-interoperability/","40 · MCP and external tool interoperability","HTML anchor","200","https://kujo.robertdevore.com/course/mcp-interoperability/","","reachable","","retain","true"
"baseline","https://kujo.robertdevore.com/course/http-and-networking/","https://kujo.robertdevore.com/build-6/","◆ Stage build","HTML anchor","200","https://kujo.robertdevore.com/build-6/","","reachable","","retain","true"
"baseline","https://kujo.robertdevore.com/course/http-and-networking/","https://kujo.robertdevore.com/capstone/","◆ Final capstone","HTML anchor","200","https://kujo.robertdevore.com/capstone/","","reachable","","retain","true"
"baseline","https://kujo.robertdevore.com/course/http-and-networking/","https://kujo.robertdevore.com/course/","Full curriculum →","HTML anchor","200","https://kujo.robertdevore.com/course/","","reachable","","retain","true"
"baseline","https://kujo.robertdevore.com/course/http-and-networking/","https://kujo.robertdevore.com/examples/24.kujo","Download example","HTML anchor","200","https://kujo.robertdevore.com/examples/24.kujo","","reachable","","retain","true"
"baseline","https://kujo.robertdevore.com/course/http-and-networking/","https://kujo.robertdevore.com/course/processes/","← Processes without unnecessary shells","HTML anchor","200","https://kujo.robertdevore.com/course/processes/","","reachable","","retain","true"
"baseline","https://kujo.robertdevore.com/course/http-and-networking/","https://kujo.robertdevore.com/course/data-and-persistence/","Structured data and local persistence →","HTML anchor","200","https://kujo.robertdevore.com/course/data-and-persistence/","","reachable","","retain","true"
"baseline","https://kujo.robertdevore.com/course/http-and-networking/","https://kujo.robertdevore.com/","K_ KUJO COURSE","HTML anchor","200","https://kujo.robertdevore.com/","","reachable","","retain","true"
"baseline","https://kujo.robertdevore.com/course/http-and-networking/","https://kujo.robertdevore.com/about/","About","HTML anchor","200","https://kujo.robertdevore.com/about/","","reachable","","retain","true"
"baseline","https://kujo.robertdevore.com/course/http-and-networking/","https://kujo.robertdevore.com/sitemap.xml","Sitemap","HTML anchor","200","https://kujo.robertdevore.com/sitemap.xml","","reachable","","retain","true"
"baseline","https://kujo.robertdevore.com/course/data-and-persistence/","https://kujo.robertdevore.com/course/data-and-persistence/#main","Skip to content","HTML anchor","200","https://kujo.robertdevore.com/course/data-and-persistence/","","reachable","","retain","true"
"baseline","https://kujo.robertdevore.com/course/data-and-persistence/","https://kujo.robertdevore.com/","K_ KUJO THE COURSE","HTML anchor","200","https://kujo.robertdevore.com/","","reachable","","retain","true"
"baseline","https://kujo.robertdevore.com/course/data-and-persistence/","https://kujo.robertdevore.com/course/","Curriculum","HTML anchor","200","https://kujo.robertdevore.com/course/","","reachable","","retain","true"
"baseline","https://kujo.robertdevore.com/course/data-and-persistence/","https://kujo.robertdevore.com/explorer/","Examples","HTML anchor","200","https://kujo.robertdevore.com/explorer/","","reachable","","retain","true"
"baseline","https://kujo.robertdevore.com/course/data-and-persistence/","https://kujo.robertdevore.com/evidence/","Evidence","HTML anchor","200","https://kujo.robertdevore.com/evidence/","","reachable","","retain","true"
"baseline","https://kujo.robertdevore.com/course/data-and-persistence/","https://kujo.robertdevore.com/course/what-is-kujo/","01 · What Kujo is","HTML anchor","200","https://kujo.robertdevore.com/course/what-is-kujo/","","reachable","","retain","true"
"baseline","https://kujo.robertdevore.com/course/data-and-persistence/","https://kujo.robertdevore.com/course/setup-and-cli/","02 · Installation, CLI, and your first program","HTML anchor","200","https://kujo.robertdevore.com/course/setup-and-cli/","","reachable","","retain","true"
"baseline","https://kujo.robertdevore.com/course/data-and-persistence/","https://kujo.robertdevore.com/course/bindings-and-mutability/","03 · Bindings, values, and mutability","HTML anchor","200","https://kujo.robertdevore.com/course/bindings-and-mutability/","","reachable","","retain","true"
"baseline","https://kujo.robertdevore.com/course/data-and-persistence/","https://kujo.robertdevore.com/course/values-and-truthiness/","04 · Values, operators, and truthiness","HTML anchor","200","https://kujo.robertdevore.com/course/values-and-truthiness/","","reachable","","retain","true"
"baseline","https://kujo.robertdevore.com/course/data-and-persistence/","https://kujo.robertdevore.com/course/control-flow/","05 · Control flow and block scopes","HTML anchor","200","https://kujo.robertdevore.com/course/control-flow/","","reachable","","retain","true"
"baseline","https://kujo.robertdevore.com/course/data-and-persistence/","https://kujo.robertdevore.com/course/functions/","06 · Functions, callbacks, and return values","HTML anchor","200","https://kujo.robertdevore.com/course/functions/","","reachable","","retain","true"
"baseline","https://kujo.robertdevore.com/course/data-and-persistence/","https://kujo.robertdevore.com/course/collections-and-pipelines/","07 · Collections, pipes, and null handling","HTML anchor","200","https://kujo.robertdevore.com/course/collections-and-pipelines/","","reachable","","retain","true"
"baseline","https://kujo.robertdevore.com/course/data-and-persistence/","https://kujo.robertdevore.com/build-1/","◆ Stage build","HTML anchor","200","https://kujo.robertdevore.com/build-1/","","reachable","","retain","true"
"baseline","https://kujo.robertdevore.com/course/data-and-persistence/","https://kujo.robertdevore.com/course/scope-and-capture/","08 · Scope, shadowing, and capture","HTML anchor","200","https://kujo.robertdevore.com/course/scope-and-capture/","","reachable","","retain","true"
"baseline","https://kujo.robertdevore.com/course/data-and-persistence/","https://kujo.robertdevore.com/course/structs-and-enums/","09 · Structs and enums","HTML anchor","200","https://kujo.robertdevore.com/course/structs-and-enums/","","reachable","","retain","true"
"baseline","https://kujo.robertdevore.com/course/data-and-persistence/","https://kujo.robertdevore.com/course/match-result-option/","10 · Match, Result, and Option","HTML anchor","200","https://kujo.robertdevore.com/course/match-result-option/","","reachable","","retain","true"
"baseline","https://kujo.robertdevore.com/course/data-and-persistence/","https://kujo.robertdevore.com/course/exceptions/","11 · Exceptions and recoverable errors","HTML anchor","200","https://kujo.robertdevore.com/course/exceptions/","","reachable","","retain","true"
"baseline","https://kujo.robertdevore.com/course/data-and-persistence/","https://kujo.robertdevore.com/course/optional-typing/","12 · Optional typing without imaginary guarantees","HTML anchor","200","https://kujo.robertdevore.com/course/optional-typing/","","reachable","","retain","true"
"baseline","https://kujo.robertdevore.com/course/data-and-persistence/","https://kujo.robertdevore.com/course/async-and-await/","13 · Async functions and await","HTML anchor","200","https://kujo.robertdevore.com/course/async-and-await/","","reachable","","retain","true"
"baseline","https://kujo.robertdevore.com/course/data-and-persistence/","https://kujo.robertdevore.com/course/bounded-concurrency/","14 · Spawn and bounded concurrent work","HTML anchor","200","https://kujo.robertdevore.com/course/bounded-concurrency/","","reachable","","retain","true"
"baseline","https://kujo.robertdevore.com/course/data-and-persistence/","https://kujo.robertdevore.com/build-2/","◆ Stage build","HTML anchor","200","https://kujo.robertdevore.com/build-2/","","reachable","","retain","true"
"baseline","https://kujo.robertdevore.com/course/data-and-persistence/","https://kujo.robertdevore.com/course/modules/","15 · Modules and explicit exports","HTML anchor","200","https://kujo.robertdevore.com/course/modules/","","reachable","","retain","true"
"baseline","https://kujo.robertdevore.com/course/data-and-persistence/","https://kujo.robertdevore.com/course/projects-and-lockfiles/","16 · Projects, packages, and lockfiles","HTML anchor","200","https://kujo.robertdevore.com/course/projects-and-lockfiles/","","reachable","","retain","true"
"baseline","https://kujo.robertdevore.com/course/data-and-persistence/","https://kujo.robertdevore.com/course/standard-library/","17 · Finding the standard library contract","HTML anchor","200","https://kujo.robertdevore.com/course/standard-library/","","reachable","","retain","true"
"baseline","https://kujo.robertdevore.com/course/data-and-persistence/","https://kujo.robertdevore.com/course/testing/","18 · Testing, fixtures, and runtime evidence","HTML anchor","200","https://kujo.robertdevore.com/course/testing/","","reachable","","retain","true"
"baseline","https://kujo.robertdevore.com/course/data-and-persistence/","https://kujo.robertdevore.com/course/machine-contracts/","19 · Diagnostics and machine-readable interfaces","HTML anchor","200","https://kujo.robertdevore.com/course/machine-contracts/","","reachable","","retain","true"
"baseline","https://kujo.robertdevore.com/course/data-and-persistence/","https://kujo.robertdevore.com/course/documentation/","20 · Documentation as a build artifact","HTML anchor","200","https://kujo.robertdevore.com/course/documentation/","","reachable","","retain","true"
"baseline","https://kujo.robertdevore.com/course/data-and-persistence/","https://kujo.robertdevore.com/course/editor-and-lsp/","21 · Editor integration and the LSP boundary","HTML anchor","200","https://kujo.robertdevore.com/course/editor-and-lsp/","","reachable","","retain","true"
"baseline","https://kujo.robertdevore.com/course/data-and-persistence/","https://kujo.robertdevore.com/build-3/","◆ Stage build","HTML anchor","200","https://kujo.robertdevore.com/build-3/","","reachable","","retain","true"
"baseline","https://kujo.robertdevore.com/course/data-and-persistence/","https://kujo.robertdevore.com/course/filesystem/","22 · Filesystem automation with bounded paths","HTML anchor","200","https://kujo.robertdevore.com/course/filesystem/","","reachable","","retain","true"
"baseline","https://kujo.robertdevore.com/course/data-and-persistence/","https://kujo.robertdevore.com/course/processes/","23 · Processes without unnecessary shells","HTML anchor","200","https://kujo.robertdevore.com/course/processes/","","reachable","","retain","true"
"baseline","https://kujo.robertdevore.com/course/data-and-persistence/","https://kujo.robertdevore.com/course/http-and-networking/","24 · HTTP and network boundaries","HTML anchor","200","https://kujo.robertdevore.com/course/http-and-networking/","","reachable","","retain","true"
"baseline","https://kujo.robertdevore.com/course/data-and-persistence/","https://kujo.robertdevore.com/course/data-and-persistence/","25 · Structured data and local persistence","HTML anchor","200","https://kujo.robertdevore.com/course/data-and-persistence/","","reachable","","retain","true"
"baseline","https://kujo.robertdevore.com/course/data-and-persistence/","https://kujo.robertdevore.com/course/capability-security/","26 · Trusted execution and minimum authority","HTML anchor","200","https://kujo.robertdevore.com/course/capability-security/","","reachable","","retain","true"
"baseline","https://kujo.robertdevore.com/course/data-and-persistence/","https://kujo.robertdevore.com/course/secret-boundaries/","27 · Secrets, redaction, and endpoint policy","HTML anchor","200","https://kujo.robertdevore.com/course/secret-boundaries/","","reachable","","retain","true"
"baseline","https://kujo.robertdevore.com/course/data-and-persistence/","https://kujo.robertdevore.com/build-4/","◆ Stage build","HTML anchor","200","https://kujo.robertdevore.com/build-4/","","reachable","","retain","true"
"baseline","https://kujo.robertdevore.com/course/data-and-persistence/","https://kujo.robertdevore.com/course/ai-effects-and-messages/","28 · AI effects and portable messages","HTML anchor","200","https://kujo.robertdevore.com/course/ai-effects-and-messages/","","reachable","","retain","true"
"baseline","https://kujo.robertdevore.com/course/data-and-persistence/","https://kujo.robertdevore.com/course/request-identity/","29 · Deterministic request identity","HTML anchor","200","https://kujo.robertdevore.com/course/request-identity/","","reachable","","retain","true"
"baseline","https://kujo.robertdevore.com/course/data-and-persistence/","https://kujo.robertdevore.com/course/record-and-replay/","30 · Record, replay, and offline evidence","HTML anchor","200","https://kujo.robertdevore.com/course/record-and-replay/","","reachable","","retain","true"
"baseline","https://kujo.robertdevore.com/course/data-and-persistence/","https://kujo.robertdevore.com/course/streaming/","31 · Streaming and cancellation","HTML anchor","200","https://kujo.robertdevore.com/course/streaming/","","reachable","","retain","true"
"baseline","https://kujo.robertdevore.com/course/data-and-persistence/","https://kujo.robertdevore.com/course/structured-outputs/","32 · Structured outputs and schema validation","HTML anchor","200","https://kujo.robertdevore.com/course/structured-outputs/","","reachable","","retain","true"
"baseline","https://kujo.robertdevore.com/course/data-and-persistence/","https://kujo.robertdevore.com/course/context-and-vectors/","33 · Context budgets, embeddings, and vectors","HTML anchor","200","https://kujo.robertdevore.com/course/context-and-vectors/","","reachable","","retain","true"
"baseline","https://kujo.robertdevore.com/course/data-and-persistence/","https://kujo.robertdevore.com/course/tool-loops/","34 · Bounded AI tool loops","HTML anchor","200","https://kujo.robertdevore.com/course/tool-loops/","","reachable","","retain","true"
"baseline","https://kujo.robertdevore.com/course/data-and-persistence/","https://kujo.robertdevore.com/build-5/","◆ Stage build","HTML anchor","200","https://kujo.robertdevore.com/build-5/","","reachable","","retain","true"
"baseline","https://kujo.robertdevore.com/course/data-and-persistence/","https://kujo.robertdevore.com/course/mechanism-and-policy/","35 · Mechanism versus policy","HTML anchor","200","https://kujo.robertdevore.com/course/mechanism-and-policy/","","reachable","","retain","true"
"baseline","https://kujo.robertdevore.com/course/data-and-persistence/","https://kujo.robertdevore.com/course/loop-engineering/","36 · Loop Engineering, specs, and stop conditions","HTML anchor","200","https://kujo.robertdevore.com/course/loop-engineering/","","reachable","","retain","true"
"baseline","https://kujo.robertdevore.com/course/data-and-persistence/","https://kujo.robertdevore.com/course/evaluation/","37 · Evaluation independent of generation","HTML anchor","200","https://kujo.robertdevore.com/course/evaluation/","","reachable","","retain","true"
"baseline","https://kujo.robertdevore.com/course/data-and-persistence/","https://kujo.robertdevore.com/course/evidence-and-handoffs/","38 · Evidence, run records, and work boundaries","HTML anchor","200","https://kujo.robertdevore.com/course/evidence-and-handoffs/","","reachable","","retain","true"
"baseline","https://kujo.robertdevore.com/course/data-and-persistence/","https://kujo.robertdevore.com/course/isolation-and-observability/","39 · Isolation, observability, and watchdogs","HTML anchor","200","https://kujo.robertdevore.com/course/isolation-and-observability/","","reachable","","retain","true"
"baseline","https://kujo.robertdevore.com/course/data-and-persistence/","https://kujo.robertdevore.com/course/mcp-interoperability/","40 · MCP and external tool interoperability","HTML anchor","200","https://kujo.robertdevore.com/course/mcp-interoperability/","","reachable","","retain","true"
"baseline","https://kujo.robertdevore.com/course/data-and-persistence/","https://kujo.robertdevore.com/build-6/","◆ Stage build","HTML anchor","200","https://kujo.robertdevore.com/build-6/","","reachable","","retain","true"
"baseline","https://kujo.robertdevore.com/course/data-and-persistence/","https://kujo.robertdevore.com/capstone/","◆ Final capstone","HTML anchor","200","https://kujo.robertdevore.com/capstone/","","reachable","","retain","true"
"baseline","https://kujo.robertdevore.com/course/data-and-persistence/","https://kujo.robertdevore.com/course/","Full curriculum →","HTML anchor","200","https://kujo.robertdevore.com/course/","","reachable","","retain","true"
"baseline","https://kujo.robertdevore.com/course/data-and-persistence/","https://kujo.robertdevore.com/examples/25.kujo","Download example","HTML anchor","200","https://kujo.robertdevore.com/examples/25.kujo","","reachable","","retain","true"
"baseline","https://kujo.robertdevore.com/course/data-and-persistence/","https://kujo.robertdevore.com/course/http-and-networking/","← HTTP and network boundaries","HTML anchor","200","https://kujo.robertdevore.com/course/http-and-networking/","","reachable","","retain","true"
"baseline","https://kujo.robertdevore.com/course/data-and-persistence/","https://kujo.robertdevore.com/course/capability-security/","Trusted execution and minimum authority →","HTML anchor","200","https://kujo.robertdevore.com/course/capability-security/","","reachable","","retain","true"
"baseline","https://kujo.robertdevore.com/course/data-and-persistence/","https://kujo.robertdevore.com/","K_ KUJO COURSE","HTML anchor","200","https://kujo.robertdevore.com/","","reachable","","retain","true"
"baseline","https://kujo.robertdevore.com/course/data-and-persistence/","https://kujo.robertdevore.com/about/","About","HTML anchor","200","https://kujo.robertdevore.com/about/","","reachable","","retain","true"
"baseline","https://kujo.robertdevore.com/course/data-and-persistence/","https://kujo.robertdevore.com/sitemap.xml","Sitemap","HTML anchor","200","https://kujo.robertdevore.com/sitemap.xml","","reachable","","retain","true"
"baseline","https://kujo.robertdevore.com/course/capability-security/","https://kujo.robertdevore.com/course/capability-security/#main","Skip to content","HTML anchor","200","https://kujo.robertdevore.com/course/capability-security/","","reachable","","retain","true"
"baseline","https://kujo.robertdevore.com/course/capability-security/","https://kujo.robertdevore.com/","K_ KUJO THE COURSE","HTML anchor","200","https://kujo.robertdevore.com/","","reachable","","retain","true"
"baseline","https://kujo.robertdevore.com/course/capability-security/","https://kujo.robertdevore.com/course/","Curriculum","HTML anchor","200","https://kujo.robertdevore.com/course/","","reachable","","retain","true"
"baseline","https://kujo.robertdevore.com/course/capability-security/","https://kujo.robertdevore.com/explorer/","Examples","HTML anchor","200","https://kujo.robertdevore.com/explorer/","","reachable","","retain","true"
"baseline","https://kujo.robertdevore.com/course/capability-security/","https://kujo.robertdevore.com/evidence/","Evidence","HTML anchor","200","https://kujo.robertdevore.com/evidence/","","reachable","","retain","true"
"baseline","https://kujo.robertdevore.com/course/capability-security/","https://kujo.robertdevore.com/course/what-is-kujo/","01 · What Kujo is","HTML anchor","200","https://kujo.robertdevore.com/course/what-is-kujo/","","reachable","","retain","true"
"baseline","https://kujo.robertdevore.com/course/capability-security/","https://kujo.robertdevore.com/course/setup-and-cli/","02 · Installation, CLI, and your first program","HTML anchor","200","https://kujo.robertdevore.com/course/setup-and-cli/","","reachable","","retain","true"
"baseline","https://kujo.robertdevore.com/course/capability-security/","https://kujo.robertdevore.com/course/bindings-and-mutability/","03 · Bindings, values, and mutability","HTML anchor","200","https://kujo.robertdevore.com/course/bindings-and-mutability/","","reachable","","retain","true"
"baseline","https://kujo.robertdevore.com/course/capability-security/","https://kujo.robertdevore.com/course/values-and-truthiness/","04 · Values, operators, and truthiness","HTML anchor","200","https://kujo.robertdevore.com/course/values-and-truthiness/","","reachable","","retain","true"
"baseline","https://kujo.robertdevore.com/course/capability-security/","https://kujo.robertdevore.com/course/control-flow/","05 · Control flow and block scopes","HTML anchor","200","https://kujo.robertdevore.com/course/control-flow/","","reachable","","retain","true"
"baseline","https://kujo.robertdevore.com/course/capability-security/","https://kujo.robertdevore.com/course/functions/","06 · Functions, callbacks, and return values","HTML anchor","200","https://kujo.robertdevore.com/course/functions/","","reachable","","retain","true"
"baseline","https://kujo.robertdevore.com/course/capability-security/","https://kujo.robertdevore.com/course/collections-and-pipelines/","07 · Collections, pipes, and null handling","HTML anchor","200","https://kujo.robertdevore.com/course/collections-and-pipelines/","","reachable","","retain","true"
"baseline","https://kujo.robertdevore.com/course/capability-security/","https://kujo.robertdevore.com/build-1/","◆ Stage build","HTML anchor","200","https://kujo.robertdevore.com/build-1/","","reachable","","retain","true"
"baseline","https://kujo.robertdevore.com/course/capability-security/","https://kujo.robertdevore.com/course/scope-and-capture/","08 · Scope, shadowing, and capture","HTML anchor","200","https://kujo.robertdevore.com/course/scope-and-capture/","","reachable","","retain","true"
"baseline","https://kujo.robertdevore.com/course/capability-security/","https://kujo.robertdevore.com/course/structs-and-enums/","09 · Structs and enums","HTML anchor","200","https://kujo.robertdevore.com/course/structs-and-enums/","","reachable","","retain","true"
"baseline","https://kujo.robertdevore.com/course/capability-security/","https://kujo.robertdevore.com/course/match-result-option/","10 · Match, Result, and Option","HTML anchor","200","https://kujo.robertdevore.com/course/match-result-option/","","reachable","","retain","true"
"baseline","https://kujo.robertdevore.com/course/capability-security/","https://kujo.robertdevore.com/course/exceptions/","11 · Exceptions and recoverable errors","HTML anchor","200","https://kujo.robertdevore.com/course/exceptions/","","reachable","","retain","true"
"baseline","https://kujo.robertdevore.com/course/capability-security/","https://kujo.robertdevore.com/course/optional-typing/","12 · Optional typing without imaginary guarantees","HTML anchor","200","https://kujo.robertdevore.com/course/optional-typing/","","reachable","","retain","true"
"baseline","https://kujo.robertdevore.com/course/capability-security/","https://kujo.robertdevore.com/course/async-and-await/","13 · Async functions and await","HTML anchor","200","https://kujo.robertdevore.com/course/async-and-await/","","reachable","","retain","true"
"baseline","https://kujo.robertdevore.com/course/capability-security/","https://kujo.robertdevore.com/course/bounded-concurrency/","14 · Spawn and bounded concurrent work","HTML anchor","200","https://kujo.robertdevore.com/course/bounded-concurrency/","","reachable","","retain","true"
"baseline","https://kujo.robertdevore.com/course/capability-security/","https://kujo.robertdevore.com/build-2/","◆ Stage build","HTML anchor","200","https://kujo.robertdevore.com/build-2/","","reachable","","retain","true"
"baseline","https://kujo.robertdevore.com/course/capability-security/","https://kujo.robertdevore.com/course/modules/","15 · Modules and explicit exports","HTML anchor","200","https://kujo.robertdevore.com/course/modules/","","reachable","","retain","true"
"baseline","https://kujo.robertdevore.com/course/capability-security/","https://kujo.robertdevore.com/course/projects-and-lockfiles/","16 · Projects, packages, and lockfiles","HTML anchor","200","https://kujo.robertdevore.com/course/projects-and-lockfiles/","","reachable","","retain","true"
"baseline","https://kujo.robertdevore.com/course/capability-security/","https://kujo.robertdevore.com/course/standard-library/","17 · Finding the standard library contract","HTML anchor","200","https://kujo.robertdevore.com/course/standard-library/","","reachable","","retain","true"
"baseline","https://kujo.robertdevore.com/course/capability-security/","https://kujo.robertdevore.com/course/testing/","18 · Testing, fixtures, and runtime evidence","HTML anchor","200","https://kujo.robertdevore.com/course/testing/","","reachable","","retain","true"
"baseline","https://kujo.robertdevore.com/course/capability-security/","https://kujo.robertdevore.com/course/machine-contracts/","19 · Diagnostics and machine-readable interfaces","HTML anchor","200","https://kujo.robertdevore.com/course/machine-contracts/","","reachable","","retain","true"
"baseline","https://kujo.robertdevore.com/course/capability-security/","https://kujo.robertdevore.com/course/documentation/","20 · Documentation as a build artifact","HTML anchor","200","https://kujo.robertdevore.com/course/documentation/","","reachable","","retain","true"
"baseline","https://kujo.robertdevore.com/course/capability-security/","https://kujo.robertdevore.com/course/editor-and-lsp/","21 · Editor integration and the LSP boundary","HTML anchor","200","https://kujo.robertdevore.com/course/editor-and-lsp/","","reachable","","retain","true"
"baseline","https://kujo.robertdevore.com/course/capability-security/","https://kujo.robertdevore.com/build-3/","◆ Stage build","HTML anchor","200","https://kujo.robertdevore.com/build-3/","","reachable","","retain","true"
"baseline","https://kujo.robertdevore.com/course/capability-security/","https://kujo.robertdevore.com/course/filesystem/","22 · Filesystem automation with bounded paths","HTML anchor","200","https://kujo.robertdevore.com/course/filesystem/","","reachable","","retain","true"
"baseline","https://kujo.robertdevore.com/course/capability-security/","https://kujo.robertdevore.com/course/processes/","23 · Processes without unnecessary shells","HTML anchor","200","https://kujo.robertdevore.com/course/processes/","","reachable","","retain","true"
"baseline","https://kujo.robertdevore.com/course/capability-security/","https://kujo.robertdevore.com/course/http-and-networking/","24 · HTTP and network boundaries","HTML anchor","200","https://kujo.robertdevore.com/course/http-and-networking/","","reachable","","retain","true"
"baseline","https://kujo.robertdevore.com/course/capability-security/","https://kujo.robertdevore.com/course/data-and-persistence/","25 · Structured data and local persistence","HTML anchor","200","https://kujo.robertdevore.com/course/data-and-persistence/","","reachable","","retain","true"
"baseline","https://kujo.robertdevore.com/course/capability-security/","https://kujo.robertdevore.com/course/capability-security/","26 · Trusted execution and minimum authority","HTML anchor","200","https://kujo.robertdevore.com/course/capability-security/","","reachable","","retain","true"
"baseline","https://kujo.robertdevore.com/course/capability-security/","https://kujo.robertdevore.com/course/secret-boundaries/","27 · Secrets, redaction, and endpoint policy","HTML anchor","200","https://kujo.robertdevore.com/course/secret-boundaries/","","reachable","","retain","true"
"baseline","https://kujo.robertdevore.com/course/capability-security/","https://kujo.robertdevore.com/build-4/","◆ Stage build","HTML anchor","200","https://kujo.robertdevore.com/build-4/","","reachable","","retain","true"
"baseline","https://kujo.robertdevore.com/course/capability-security/","https://kujo.robertdevore.com/course/ai-effects-and-messages/","28 · AI effects and portable messages","HTML anchor","200","https://kujo.robertdevore.com/course/ai-effects-and-messages/","","reachable","","retain","true"
"baseline","https://kujo.robertdevore.com/course/capability-security/","https://kujo.robertdevore.com/course/request-identity/","29 · Deterministic request identity","HTML anchor","200","https://kujo.robertdevore.com/course/request-identity/","","reachable","","retain","true"
"baseline","https://kujo.robertdevore.com/course/capability-security/","https://kujo.robertdevore.com/course/record-and-replay/","30 · Record, replay, and offline evidence","HTML anchor","200","https://kujo.robertdevore.com/course/record-and-replay/","","reachable","","retain","true"
"baseline","https://kujo.robertdevore.com/course/capability-security/","https://kujo.robertdevore.com/course/streaming/","31 · Streaming and cancellation","HTML anchor","200","https://kujo.robertdevore.com/course/streaming/","","reachable","","retain","true"
"baseline","https://kujo.robertdevore.com/course/capability-security/","https://kujo.robertdevore.com/course/structured-outputs/","32 · Structured outputs and schema validation","HTML anchor","200","https://kujo.robertdevore.com/course/structured-outputs/","","reachable","","retain","true"
"baseline","https://kujo.robertdevore.com/course/capability-security/","https://kujo.robertdevore.com/course/context-and-vectors/","33 · Context budgets, embeddings, and vectors","HTML anchor","200","https://kujo.robertdevore.com/course/context-and-vectors/","","reachable","","retain","true"
"baseline","https://kujo.robertdevore.com/course/capability-security/","https://kujo.robertdevore.com/course/tool-loops/","34 · Bounded AI tool loops","HTML anchor","200","https://kujo.robertdevore.com/course/tool-loops/","","reachable","","retain","true"
"baseline","https://kujo.robertdevore.com/course/capability-security/","https://kujo.robertdevore.com/build-5/","◆ Stage build","HTML anchor","200","https://kujo.robertdevore.com/build-5/","","reachable","","retain","true"
"baseline","https://kujo.robertdevore.com/course/capability-security/","https://kujo.robertdevore.com/course/mechanism-and-policy/","35 · Mechanism versus policy","HTML anchor","200","https://kujo.robertdevore.com/course/mechanism-and-policy/","","reachable","","retain","true"
"baseline","https://kujo.robertdevore.com/course/capability-security/","https://kujo.robertdevore.com/course/loop-engineering/","36 · Loop Engineering, specs, and stop conditions","HTML anchor","200","https://kujo.robertdevore.com/course/loop-engineering/","","reachable","","retain","true"
"baseline","https://kujo.robertdevore.com/course/capability-security/","https://kujo.robertdevore.com/course/evaluation/","37 · Evaluation independent of generation","HTML anchor","200","https://kujo.robertdevore.com/course/evaluation/","","reachable","","retain","true"
"baseline","https://kujo.robertdevore.com/course/capability-security/","https://kujo.robertdevore.com/course/evidence-and-handoffs/","38 · Evidence, run records, and work boundaries","HTML anchor","200","https://kujo.robertdevore.com/course/evidence-and-handoffs/","","reachable","","retain","true"
"baseline","https://kujo.robertdevore.com/course/capability-security/","https://kujo.robertdevore.com/course/isolation-and-observability/","39 · Isolation, observability, and watchdogs","HTML anchor","200","https://kujo.robertdevore.com/course/isolation-and-observability/","","reachable","","retain","true"
"baseline","https://kujo.robertdevore.com/course/capability-security/","https://kujo.robertdevore.com/course/mcp-interoperability/","40 · MCP and external tool interoperability","HTML anchor","200","https://kujo.robertdevore.com/course/mcp-interoperability/","","reachable","","retain","true"
"baseline","https://kujo.robertdevore.com/course/capability-security/","https://kujo.robertdevore.com/build-6/","◆ Stage build","HTML anchor","200","https://kujo.robertdevore.com/build-6/","","reachable","","retain","true"
"baseline","https://kujo.robertdevore.com/course/capability-security/","https://kujo.robertdevore.com/capstone/","◆ Final capstone","HTML anchor","200","https://kujo.robertdevore.com/capstone/","","reachable","","retain","true"
"baseline","https://kujo.robertdevore.com/course/capability-security/","https://kujo.robertdevore.com/course/","Full curriculum →","HTML anchor","200","https://kujo.robertdevore.com/course/","","reachable","","retain","true"
"baseline","https://kujo.robertdevore.com/course/capability-security/","https://kujo.robertdevore.com/examples/26.kujo","Download example","HTML anchor","200","https://kujo.robertdevore.com/examples/26.kujo","","reachable","","retain","true"
"baseline","https://kujo.robertdevore.com/course/capability-security/","https://kujo.robertdevore.com/course/data-and-persistence/","← Structured data and local persistence","HTML anchor","200","https://kujo.robertdevore.com/course/data-and-persistence/","","reachable","","retain","true"
"baseline","https://kujo.robertdevore.com/course/capability-security/","https://kujo.robertdevore.com/course/secret-boundaries/","Secrets, redaction, and endpoint policy →","HTML anchor","200","https://kujo.robertdevore.com/course/secret-boundaries/","","reachable","","retain","true"
"baseline","https://kujo.robertdevore.com/course/capability-security/","https://kujo.robertdevore.com/","K_ KUJO COURSE","HTML anchor","200","https://kujo.robertdevore.com/","","reachable","","retain","true"
"baseline","https://kujo.robertdevore.com/course/capability-security/","https://kujo.robertdevore.com/about/","About","HTML anchor","200","https://kujo.robertdevore.com/about/","","reachable","","retain","true"
"baseline","https://kujo.robertdevore.com/course/capability-security/","https://kujo.robertdevore.com/sitemap.xml","Sitemap","HTML anchor","200","https://kujo.robertdevore.com/sitemap.xml","","reachable","","retain","true"
"baseline","https://kujo.robertdevore.com/course/secret-boundaries/","https://kujo.robertdevore.com/course/secret-boundaries/#main","Skip to content","HTML anchor","200","https://kujo.robertdevore.com/course/secret-boundaries/","","reachable","","retain","true"
"baseline","https://kujo.robertdevore.com/course/secret-boundaries/","https://kujo.robertdevore.com/","K_ KUJO THE COURSE","HTML anchor","200","https://kujo.robertdevore.com/","","reachable","","retain","true"
"baseline","https://kujo.robertdevore.com/course/secret-boundaries/","https://kujo.robertdevore.com/course/","Curriculum","HTML anchor","200","https://kujo.robertdevore.com/course/","","reachable","","retain","true"
"baseline","https://kujo.robertdevore.com/course/secret-boundaries/","https://kujo.robertdevore.com/explorer/","Examples","HTML anchor","200","https://kujo.robertdevore.com/explorer/","","reachable","","retain","true"
"baseline","https://kujo.robertdevore.com/course/secret-boundaries/","https://kujo.robertdevore.com/evidence/","Evidence","HTML anchor","200","https://kujo.robertdevore.com/evidence/","","reachable","","retain","true"
"baseline","https://kujo.robertdevore.com/course/secret-boundaries/","https://kujo.robertdevore.com/course/what-is-kujo/","01 · What Kujo is","HTML anchor","200","https://kujo.robertdevore.com/course/what-is-kujo/","","reachable","","retain","true"
"baseline","https://kujo.robertdevore.com/course/secret-boundaries/","https://kujo.robertdevore.com/course/setup-and-cli/","02 · Installation, CLI, and your first program","HTML anchor","200","https://kujo.robertdevore.com/course/setup-and-cli/","","reachable","","retain","true"
"baseline","https://kujo.robertdevore.com/course/secret-boundaries/","https://kujo.robertdevore.com/course/bindings-and-mutability/","03 · Bindings, values, and mutability","HTML anchor","200","https://kujo.robertdevore.com/course/bindings-and-mutability/","","reachable","","retain","true"
"baseline","https://kujo.robertdevore.com/course/secret-boundaries/","https://kujo.robertdevore.com/course/values-and-truthiness/","04 · Values, operators, and truthiness","HTML anchor","200","https://kujo.robertdevore.com/course/values-and-truthiness/","","reachable","","retain","true"
"baseline","https://kujo.robertdevore.com/course/secret-boundaries/","https://kujo.robertdevore.com/course/control-flow/","05 · Control flow and block scopes","HTML anchor","200","https://kujo.robertdevore.com/course/control-flow/","","reachable","","retain","true"
"baseline","https://kujo.robertdevore.com/course/secret-boundaries/","https://kujo.robertdevore.com/course/functions/","06 · Functions, callbacks, and return values","HTML anchor","200","https://kujo.robertdevore.com/course/functions/","","reachable","","retain","true"
"baseline","https://kujo.robertdevore.com/course/secret-boundaries/","https://kujo.robertdevore.com/course/collections-and-pipelines/","07 · Collections, pipes, and null handling","HTML anchor","200","https://kujo.robertdevore.com/course/collections-and-pipelines/","","reachable","","retain","true"
"baseline","https://kujo.robertdevore.com/course/secret-boundaries/","https://kujo.robertdevore.com/build-1/","◆ Stage build","HTML anchor","200","https://kujo.robertdevore.com/build-1/","","reachable","","retain","true"
"baseline","https://kujo.robertdevore.com/course/secret-boundaries/","https://kujo.robertdevore.com/course/scope-and-capture/","08 · Scope, shadowing, and capture","HTML anchor","200","https://kujo.robertdevore.com/course/scope-and-capture/","","reachable","","retain","true"
"baseline","https://kujo.robertdevore.com/course/secret-boundaries/","https://kujo.robertdevore.com/course/structs-and-enums/","09 · Structs and enums","HTML anchor","200","https://kujo.robertdevore.com/course/structs-and-enums/","","reachable","","retain","true"
"baseline","https://kujo.robertdevore.com/course/secret-boundaries/","https://kujo.robertdevore.com/course/match-result-option/","10 · Match, Result, and Option","HTML anchor","200","https://kujo.robertdevore.com/course/match-result-option/","","reachable","","retain","true"
"baseline","https://kujo.robertdevore.com/course/secret-boundaries/","https://kujo.robertdevore.com/course/exceptions/","11 · Exceptions and recoverable errors","HTML anchor","200","https://kujo.robertdevore.com/course/exceptions/","","reachable","","retain","true"
"baseline","https://kujo.robertdevore.com/course/secret-boundaries/","https://kujo.robertdevore.com/course/optional-typing/","12 · Optional typing without imaginary guarantees","HTML anchor","200","https://kujo.robertdevore.com/course/optional-typing/","","reachable","","retain","true"
"baseline","https://kujo.robertdevore.com/course/secret-boundaries/","https://kujo.robertdevore.com/course/async-and-await/","13 · Async functions and await","HTML anchor","200","https://kujo.robertdevore.com/course/async-and-await/","","reachable","","retain","true"
"baseline","https://kujo.robertdevore.com/course/secret-boundaries/","https://kujo.robertdevore.com/course/bounded-concurrency/","14 · Spawn and bounded concurrent work","HTML anchor","200","https://kujo.robertdevore.com/course/bounded-concurrency/","","reachable","","retain","true"
"baseline","https://kujo.robertdevore.com/course/secret-boundaries/","https://kujo.robertdevore.com/build-2/","◆ Stage build","HTML anchor","200","https://kujo.robertdevore.com/build-2/","","reachable","","retain","true"
"baseline","https://kujo.robertdevore.com/course/secret-boundaries/","https://kujo.robertdevore.com/course/modules/","15 · Modules and explicit exports","HTML anchor","200","https://kujo.robertdevore.com/course/modules/","","reachable","","retain","true"
"baseline","https://kujo.robertdevore.com/course/secret-boundaries/","https://kujo.robertdevore.com/course/projects-and-lockfiles/","16 · Projects, packages, and lockfiles","HTML anchor","200","https://kujo.robertdevore.com/course/projects-and-lockfiles/","","reachable","","retain","true"
"baseline","https://kujo.robertdevore.com/course/secret-boundaries/","https://kujo.robertdevore.com/course/standard-library/","17 · Finding the standard library contract","HTML anchor","200","https://kujo.robertdevore.com/course/standard-library/","","reachable","","retain","true"
"baseline","https://kujo.robertdevore.com/course/secret-boundaries/","https://kujo.robertdevore.com/course/testing/","18 · Testing, fixtures, and runtime evidence","HTML anchor","200","https://kujo.robertdevore.com/course/testing/","","reachable","","retain","true"
"baseline","https://kujo.robertdevore.com/course/secret-boundaries/","https://kujo.robertdevore.com/course/machine-contracts/","19 · Diagnostics and machine-readable interfaces","HTML anchor","200","https://kujo.robertdevore.com/course/machine-contracts/","","reachable","","retain","true"
"baseline","https://kujo.robertdevore.com/course/secret-boundaries/","https://kujo.robertdevore.com/course/documentation/","20 · Documentation as a build artifact","HTML anchor","200","https://kujo.robertdevore.com/course/documentation/","","reachable","","retain","true"
"baseline","https://kujo.robertdevore.com/course/secret-boundaries/","https://kujo.robertdevore.com/course/editor-and-lsp/","21 · Editor integration and the LSP boundary","HTML anchor","200","https://kujo.robertdevore.com/course/editor-and-lsp/","","reachable","","retain","true"
"baseline","https://kujo.robertdevore.com/course/secret-boundaries/","https://kujo.robertdevore.com/build-3/","◆ Stage build","HTML anchor","200","https://kujo.robertdevore.com/build-3/","","reachable","","retain","true"
"baseline","https://kujo.robertdevore.com/course/secret-boundaries/","https://kujo.robertdevore.com/course/filesystem/","22 · Filesystem automation with bounded paths","HTML anchor","200","https://kujo.robertdevore.com/course/filesystem/","","reachable","","retain","true"
"baseline","https://kujo.robertdevore.com/course/secret-boundaries/","https://kujo.robertdevore.com/course/processes/","23 · Processes without unnecessary shells","HTML anchor","200","https://kujo.robertdevore.com/course/processes/","","reachable","","retain","true"
"baseline","https://kujo.robertdevore.com/course/secret-boundaries/","https://kujo.robertdevore.com/course/http-and-networking/","24 · HTTP and network boundaries","HTML anchor","200","https://kujo.robertdevore.com/course/http-and-networking/","","reachable","","retain","true"
"baseline","https://kujo.robertdevore.com/course/secret-boundaries/","https://kujo.robertdevore.com/course/data-and-persistence/","25 · Structured data and local persistence","HTML anchor","200","https://kujo.robertdevore.com/course/data-and-persistence/","","reachable","","retain","true"
"baseline","https://kujo.robertdevore.com/course/secret-boundaries/","https://kujo.robertdevore.com/course/capability-security/","26 · Trusted execution and minimum authority","HTML anchor","200","https://kujo.robertdevore.com/course/capability-security/","","reachable","","retain","true"
"baseline","https://kujo.robertdevore.com/course/secret-boundaries/","https://kujo.robertdevore.com/course/secret-boundaries/","27 · Secrets, redaction, and endpoint policy","HTML anchor","200","https://kujo.robertdevore.com/course/secret-boundaries/","","reachable","","retain","true"
"baseline","https://kujo.robertdevore.com/course/secret-boundaries/","https://kujo.robertdevore.com/build-4/","◆ Stage build","HTML anchor","200","https://kujo.robertdevore.com/build-4/","","reachable","","retain","true"
"baseline","https://kujo.robertdevore.com/course/secret-boundaries/","https://kujo.robertdevore.com/course/ai-effects-and-messages/","28 · AI effects and portable messages","HTML anchor","200","https://kujo.robertdevore.com/course/ai-effects-and-messages/","","reachable","","retain","true"
"baseline","https://kujo.robertdevore.com/course/secret-boundaries/","https://kujo.robertdevore.com/course/request-identity/","29 · Deterministic request identity","HTML anchor","200","https://kujo.robertdevore.com/course/request-identity/","","reachable","","retain","true"
"baseline","https://kujo.robertdevore.com/course/secret-boundaries/","https://kujo.robertdevore.com/course/record-and-replay/","30 · Record, replay, and offline evidence","HTML anchor","200","https://kujo.robertdevore.com/course/record-and-replay/","","reachable","","retain","true"
"baseline","https://kujo.robertdevore.com/course/secret-boundaries/","https://kujo.robertdevore.com/course/streaming/","31 · Streaming and cancellation","HTML anchor","200","https://kujo.robertdevore.com/course/streaming/","","reachable","","retain","true"
"baseline","https://kujo.robertdevore.com/course/secret-boundaries/","https://kujo.robertdevore.com/course/structured-outputs/","32 · Structured outputs and schema validation","HTML anchor","200","https://kujo.robertdevore.com/course/structured-outputs/","","reachable","","retain","true"
"baseline","https://kujo.robertdevore.com/course/secret-boundaries/","https://kujo.robertdevore.com/course/context-and-vectors/","33 · Context budgets, embeddings, and vectors","HTML anchor","200","https://kujo.robertdevore.com/course/context-and-vectors/","","reachable","","retain","true"
"baseline","https://kujo.robertdevore.com/course/secret-boundaries/","https://kujo.robertdevore.com/course/tool-loops/","34 · Bounded AI tool loops","HTML anchor","200","https://kujo.robertdevore.com/course/tool-loops/","","reachable","","retain","true"
"baseline","https://kujo.robertdevore.com/course/secret-boundaries/","https://kujo.robertdevore.com/build-5/","◆ Stage build","HTML anchor","200","https://kujo.robertdevore.com/build-5/","","reachable","","retain","true"
"baseline","https://kujo.robertdevore.com/course/secret-boundaries/","https://kujo.robertdevore.com/course/mechanism-and-policy/","35 · Mechanism versus policy","HTML anchor","200","https://kujo.robertdevore.com/course/mechanism-and-policy/","","reachable","","retain","true"
"baseline","https://kujo.robertdevore.com/course/secret-boundaries/","https://kujo.robertdevore.com/course/loop-engineering/","36 · Loop Engineering, specs, and stop conditions","HTML anchor","200","https://kujo.robertdevore.com/course/loop-engineering/","","reachable","","retain","true"
"baseline","https://kujo.robertdevore.com/course/secret-boundaries/","https://kujo.robertdevore.com/course/evaluation/","37 · Evaluation independent of generation","HTML anchor","200","https://kujo.robertdevore.com/course/evaluation/","","reachable","","retain","true"
"baseline","https://kujo.robertdevore.com/course/secret-boundaries/","https://kujo.robertdevore.com/course/evidence-and-handoffs/","38 · Evidence, run records, and work boundaries","HTML anchor","200","https://kujo.robertdevore.com/course/evidence-and-handoffs/","","reachable","","retain","true"
"baseline","https://kujo.robertdevore.com/course/secret-boundaries/","https://kujo.robertdevore.com/course/isolation-and-observability/","39 · Isolation, observability, and watchdogs","HTML anchor","200","https://kujo.robertdevore.com/course/isolation-and-observability/","","reachable","","retain","true"
"baseline","https://kujo.robertdevore.com/course/secret-boundaries/","https://kujo.robertdevore.com/course/mcp-interoperability/","40 · MCP and external tool interoperability","HTML anchor","200","https://kujo.robertdevore.com/course/mcp-interoperability/","","reachable","","retain","true"
"baseline","https://kujo.robertdevore.com/course/secret-boundaries/","https://kujo.robertdevore.com/build-6/","◆ Stage build","HTML anchor","200","https://kujo.robertdevore.com/build-6/","","reachable","","retain","true"
"baseline","https://kujo.robertdevore.com/course/secret-boundaries/","https://kujo.robertdevore.com/capstone/","◆ Final capstone","HTML anchor","200","https://kujo.robertdevore.com/capstone/","","reachable","","retain","true"
"baseline","https://kujo.robertdevore.com/course/secret-boundaries/","https://kujo.robertdevore.com/course/","Full curriculum →","HTML anchor","200","https://kujo.robertdevore.com/course/","","reachable","","retain","true"
"baseline","https://kujo.robertdevore.com/course/secret-boundaries/","https://kujo.robertdevore.com/examples/27.kujo","Download example","HTML anchor","200","https://kujo.robertdevore.com/examples/27.kujo","","reachable","","retain","true"
"baseline","https://kujo.robertdevore.com/course/secret-boundaries/","https://kujo.robertdevore.com/course/capability-security/","← Trusted execution and minimum authority","HTML anchor","200","https://kujo.robertdevore.com/course/capability-security/","","reachable","","retain","true"
"baseline","https://kujo.robertdevore.com/course/secret-boundaries/","https://kujo.robertdevore.com/course/ai-effects-and-messages/","AI effects and portable messages →","HTML anchor","200","https://kujo.robertdevore.com/course/ai-effects-and-messages/","","reachable","","retain","true"
"baseline","https://kujo.robertdevore.com/course/secret-boundaries/","https://kujo.robertdevore.com/build-4/","Complete this stage’s build →","HTML anchor","200","https://kujo.robertdevore.com/build-4/","","reachable","","retain","true"
"baseline","https://kujo.robertdevore.com/course/secret-boundaries/","https://kujo.robertdevore.com/","K_ KUJO COURSE","HTML anchor","200","https://kujo.robertdevore.com/","","reachable","","retain","true"
"baseline","https://kujo.robertdevore.com/course/secret-boundaries/","https://kujo.robertdevore.com/about/","About","HTML anchor","200","https://kujo.robertdevore.com/about/","","reachable","","retain","true"
"baseline","https://kujo.robertdevore.com/course/secret-boundaries/","https://kujo.robertdevore.com/sitemap.xml","Sitemap","HTML anchor","200","https://kujo.robertdevore.com/sitemap.xml","","reachable","","retain","true"
"baseline","https://kujo.robertdevore.com/course/ai-effects-and-messages/","https://kujo.robertdevore.com/course/ai-effects-and-messages/#main","Skip to content","HTML anchor","200","https://kujo.robertdevore.com/course/ai-effects-and-messages/","","reachable","","retain","true"
"baseline","https://kujo.robertdevore.com/course/ai-effects-and-messages/","https://kujo.robertdevore.com/","K_ KUJO THE COURSE","HTML anchor","200","https://kujo.robertdevore.com/","","reachable","","retain","true"
"baseline","https://kujo.robertdevore.com/course/ai-effects-and-messages/","https://kujo.robertdevore.com/course/","Curriculum","HTML anchor","200","https://kujo.robertdevore.com/course/","","reachable","","retain","true"
"baseline","https://kujo.robertdevore.com/course/ai-effects-and-messages/","https://kujo.robertdevore.com/explorer/","Examples","HTML anchor","200","https://kujo.robertdevore.com/explorer/","","reachable","","retain","true"
"baseline","https://kujo.robertdevore.com/course/ai-effects-and-messages/","https://kujo.robertdevore.com/evidence/","Evidence","HTML anchor","200","https://kujo.robertdevore.com/evidence/","","reachable","","retain","true"
"baseline","https://kujo.robertdevore.com/course/ai-effects-and-messages/","https://kujo.robertdevore.com/course/what-is-kujo/","01 · What Kujo is","HTML anchor","200","https://kujo.robertdevore.com/course/what-is-kujo/","","reachable","","retain","true"
"baseline","https://kujo.robertdevore.com/course/ai-effects-and-messages/","https://kujo.robertdevore.com/course/setup-and-cli/","02 · Installation, CLI, and your first program","HTML anchor","200","https://kujo.robertdevore.com/course/setup-and-cli/","","reachable","","retain","true"
"baseline","https://kujo.robertdevore.com/course/ai-effects-and-messages/","https://kujo.robertdevore.com/course/bindings-and-mutability/","03 · Bindings, values, and mutability","HTML anchor","200","https://kujo.robertdevore.com/course/bindings-and-mutability/","","reachable","","retain","true"
"baseline","https://kujo.robertdevore.com/course/ai-effects-and-messages/","https://kujo.robertdevore.com/course/values-and-truthiness/","04 · Values, operators, and truthiness","HTML anchor","200","https://kujo.robertdevore.com/course/values-and-truthiness/","","reachable","","retain","true"
"baseline","https://kujo.robertdevore.com/course/ai-effects-and-messages/","https://kujo.robertdevore.com/course/control-flow/","05 · Control flow and block scopes","HTML anchor","200","https://kujo.robertdevore.com/course/control-flow/","","reachable","","retain","true"
"baseline","https://kujo.robertdevore.com/course/ai-effects-and-messages/","https://kujo.robertdevore.com/course/functions/","06 · Functions, callbacks, and return values","HTML anchor","200","https://kujo.robertdevore.com/course/functions/","","reachable","","retain","true"
"baseline","https://kujo.robertdevore.com/course/ai-effects-and-messages/","https://kujo.robertdevore.com/course/collections-and-pipelines/","07 · Collections, pipes, and null handling","HTML anchor","200","https://kujo.robertdevore.com/course/collections-and-pipelines/","","reachable","","retain","true"
"baseline","https://kujo.robertdevore.com/course/ai-effects-and-messages/","https://kujo.robertdevore.com/build-1/","◆ Stage build","HTML anchor","200","https://kujo.robertdevore.com/build-1/","","reachable","","retain","true"
"baseline","https://kujo.robertdevore.com/course/ai-effects-and-messages/","https://kujo.robertdevore.com/course/scope-and-capture/","08 · Scope, shadowing, and capture","HTML anchor","200","https://kujo.robertdevore.com/course/scope-and-capture/","","reachable","","retain","true"
"baseline","https://kujo.robertdevore.com/course/ai-effects-and-messages/","https://kujo.robertdevore.com/course/structs-and-enums/","09 · Structs and enums","HTML anchor","200","https://kujo.robertdevore.com/course/structs-and-enums/","","reachable","","retain","true"
"baseline","https://kujo.robertdevore.com/course/ai-effects-and-messages/","https://kujo.robertdevore.com/course/match-result-option/","10 · Match, Result, and Option","HTML anchor","200","https://kujo.robertdevore.com/course/match-result-option/","","reachable","","retain","true"
"baseline","https://kujo.robertdevore.com/course/ai-effects-and-messages/","https://kujo.robertdevore.com/course/exceptions/","11 · Exceptions and recoverable errors","HTML anchor","200","https://kujo.robertdevore.com/course/exceptions/","","reachable","","retain","true"
"baseline","https://kujo.robertdevore.com/course/ai-effects-and-messages/","https://kujo.robertdevore.com/course/optional-typing/","12 · Optional typing without imaginary guarantees","HTML anchor","200","https://kujo.robertdevore.com/course/optional-typing/","","reachable","","retain","true"
"baseline","https://kujo.robertdevore.com/course/ai-effects-and-messages/","https://kujo.robertdevore.com/course/async-and-await/","13 · Async functions and await","HTML anchor","200","https://kujo.robertdevore.com/course/async-and-await/","","reachable","","retain","true"
"baseline","https://kujo.robertdevore.com/course/ai-effects-and-messages/","https://kujo.robertdevore.com/course/bounded-concurrency/","14 · Spawn and bounded concurrent work","HTML anchor","200","https://kujo.robertdevore.com/course/bounded-concurrency/","","reachable","","retain","true"
"baseline","https://kujo.robertdevore.com/course/ai-effects-and-messages/","https://kujo.robertdevore.com/build-2/","◆ Stage build","HTML anchor","200","https://kujo.robertdevore.com/build-2/","","reachable","","retain","true"
"baseline","https://kujo.robertdevore.com/course/ai-effects-and-messages/","https://kujo.robertdevore.com/course/modules/","15 · Modules and explicit exports","HTML anchor","200","https://kujo.robertdevore.com/course/modules/","","reachable","","retain","true"
"baseline","https://kujo.robertdevore.com/course/ai-effects-and-messages/","https://kujo.robertdevore.com/course/projects-and-lockfiles/","16 · Projects, packages, and lockfiles","HTML anchor","200","https://kujo.robertdevore.com/course/projects-and-lockfiles/","","reachable","","retain","true"
"baseline","https://kujo.robertdevore.com/course/ai-effects-and-messages/","https://kujo.robertdevore.com/course/standard-library/","17 · Finding the standard library contract","HTML anchor","200","https://kujo.robertdevore.com/course/standard-library/","","reachable","","retain","true"
"baseline","https://kujo.robertdevore.com/course/ai-effects-and-messages/","https://kujo.robertdevore.com/course/testing/","18 · Testing, fixtures, and runtime evidence","HTML anchor","200","https://kujo.robertdevore.com/course/testing/","","reachable","","retain","true"
"baseline","https://kujo.robertdevore.com/course/ai-effects-and-messages/","https://kujo.robertdevore.com/course/machine-contracts/","19 · Diagnostics and machine-readable interfaces","HTML anchor","200","https://kujo.robertdevore.com/course/machine-contracts/","","reachable","","retain","true"
"baseline","https://kujo.robertdevore.com/course/ai-effects-and-messages/","https://kujo.robertdevore.com/course/documentation/","20 · Documentation as a build artifact","HTML anchor","200","https://kujo.robertdevore.com/course/documentation/","","reachable","","retain","true"
"baseline","https://kujo.robertdevore.com/course/ai-effects-and-messages/","https://kujo.robertdevore.com/course/editor-and-lsp/","21 · Editor integration and the LSP boundary","HTML anchor","200","https://kujo.robertdevore.com/course/editor-and-lsp/","","reachable","","retain","true"
"baseline","https://kujo.robertdevore.com/course/ai-effects-and-messages/","https://kujo.robertdevore.com/build-3/","◆ Stage build","HTML anchor","200","https://kujo.robertdevore.com/build-3/","","reachable","","retain","true"
"baseline","https://kujo.robertdevore.com/course/ai-effects-and-messages/","https://kujo.robertdevore.com/course/filesystem/","22 · Filesystem automation with bounded paths","HTML anchor","200","https://kujo.robertdevore.com/course/filesystem/","","reachable","","retain","true"
"baseline","https://kujo.robertdevore.com/course/ai-effects-and-messages/","https://kujo.robertdevore.com/course/processes/","23 · Processes without unnecessary shells","HTML anchor","200","https://kujo.robertdevore.com/course/processes/","","reachable","","retain","true"
"baseline","https://kujo.robertdevore.com/course/ai-effects-and-messages/","https://kujo.robertdevore.com/course/http-and-networking/","24 · HTTP and network boundaries","HTML anchor","200","https://kujo.robertdevore.com/course/http-and-networking/","","reachable","","retain","true"
"baseline","https://kujo.robertdevore.com/course/ai-effects-and-messages/","https://kujo.robertdevore.com/course/data-and-persistence/","25 · Structured data and local persistence","HTML anchor","200","https://kujo.robertdevore.com/course/data-and-persistence/","","reachable","","retain","true"
"baseline","https://kujo.robertdevore.com/course/ai-effects-and-messages/","https://kujo.robertdevore.com/course/capability-security/","26 · Trusted execution and minimum authority","HTML anchor","200","https://kujo.robertdevore.com/course/capability-security/","","reachable","","retain","true"
"baseline","https://kujo.robertdevore.com/course/ai-effects-and-messages/","https://kujo.robertdevore.com/course/secret-boundaries/","27 · Secrets, redaction, and endpoint policy","HTML anchor","200","https://kujo.robertdevore.com/course/secret-boundaries/","","reachable","","retain","true"
"baseline","https://kujo.robertdevore.com/course/ai-effects-and-messages/","https://kujo.robertdevore.com/build-4/","◆ Stage build","HTML anchor","200","https://kujo.robertdevore.com/build-4/","","reachable","","retain","true"
"baseline","https://kujo.robertdevore.com/course/ai-effects-and-messages/","https://kujo.robertdevore.com/course/ai-effects-and-messages/","28 · AI effects and portable messages","HTML anchor","200","https://kujo.robertdevore.com/course/ai-effects-and-messages/","","reachable","","retain","true"
"baseline","https://kujo.robertdevore.com/course/ai-effects-and-messages/","https://kujo.robertdevore.com/course/request-identity/","29 · Deterministic request identity","HTML anchor","200","https://kujo.robertdevore.com/course/request-identity/","","reachable","","retain","true"
"baseline","https://kujo.robertdevore.com/course/ai-effects-and-messages/","https://kujo.robertdevore.com/course/record-and-replay/","30 · Record, replay, and offline evidence","HTML anchor","200","https://kujo.robertdevore.com/course/record-and-replay/","","reachable","","retain","true"
"baseline","https://kujo.robertdevore.com/course/ai-effects-and-messages/","https://kujo.robertdevore.com/course/streaming/","31 · Streaming and cancellation","HTML anchor","200","https://kujo.robertdevore.com/course/streaming/","","reachable","","retain","true"
"baseline","https://kujo.robertdevore.com/course/ai-effects-and-messages/","https://kujo.robertdevore.com/course/structured-outputs/","32 · Structured outputs and schema validation","HTML anchor","200","https://kujo.robertdevore.com/course/structured-outputs/","","reachable","","retain","true"
"baseline","https://kujo.robertdevore.com/course/ai-effects-and-messages/","https://kujo.robertdevore.com/course/context-and-vectors/","33 · Context budgets, embeddings, and vectors","HTML anchor","200","https://kujo.robertdevore.com/course/context-and-vectors/","","reachable","","retain","true"
"baseline","https://kujo.robertdevore.com/course/ai-effects-and-messages/","https://kujo.robertdevore.com/course/tool-loops/","34 · Bounded AI tool loops","HTML anchor","200","https://kujo.robertdevore.com/course/tool-loops/","","reachable","","retain","true"
"baseline","https://kujo.robertdevore.com/course/ai-effects-and-messages/","https://kujo.robertdevore.com/build-5/","◆ Stage build","HTML anchor","200","https://kujo.robertdevore.com/build-5/","","reachable","","retain","true"
"baseline","https://kujo.robertdevore.com/course/ai-effects-and-messages/","https://kujo.robertdevore.com/course/mechanism-and-policy/","35 · Mechanism versus policy","HTML anchor","200","https://kujo.robertdevore.com/course/mechanism-and-policy/","","reachable","","retain","true"
"baseline","https://kujo.robertdevore.com/course/ai-effects-and-messages/","https://kujo.robertdevore.com/course/loop-engineering/","36 · Loop Engineering, specs, and stop conditions","HTML anchor","200","https://kujo.robertdevore.com/course/loop-engineering/","","reachable","","retain","true"
"baseline","https://kujo.robertdevore.com/course/ai-effects-and-messages/","https://kujo.robertdevore.com/course/evaluation/","37 · Evaluation independent of generation","HTML anchor","200","https://kujo.robertdevore.com/course/evaluation/","","reachable","","retain","true"
"baseline","https://kujo.robertdevore.com/course/ai-effects-and-messages/","https://kujo.robertdevore.com/course/evidence-and-handoffs/","38 · Evidence, run records, and work boundaries","HTML anchor","200","https://kujo.robertdevore.com/course/evidence-and-handoffs/","","reachable","","retain","true"
"baseline","https://kujo.robertdevore.com/course/ai-effects-and-messages/","https://kujo.robertdevore.com/course/isolation-and-observability/","39 · Isolation, observability, and watchdogs","HTML anchor","200","https://kujo.robertdevore.com/course/isolation-and-observability/","","reachable","","retain","true"
"baseline","https://kujo.robertdevore.com/course/ai-effects-and-messages/","https://kujo.robertdevore.com/course/mcp-interoperability/","40 · MCP and external tool interoperability","HTML anchor","200","https://kujo.robertdevore.com/course/mcp-interoperability/","","reachable","","retain","true"
"baseline","https://kujo.robertdevore.com/course/ai-effects-and-messages/","https://kujo.robertdevore.com/build-6/","◆ Stage build","HTML anchor","200","https://kujo.robertdevore.com/build-6/","","reachable","","retain","true"
"baseline","https://kujo.robertdevore.com/course/ai-effects-and-messages/","https://kujo.robertdevore.com/capstone/","◆ Final capstone","HTML anchor","200","https://kujo.robertdevore.com/capstone/","","reachable","","retain","true"
"baseline","https://kujo.robertdevore.com/course/ai-effects-and-messages/","https://kujo.robertdevore.com/course/","Full curriculum →","HTML anchor","200","https://kujo.robertdevore.com/course/","","reachable","","retain","true"
"baseline","https://kujo.robertdevore.com/course/ai-effects-and-messages/","https://kujo.robertdevore.com/examples/28.kujo","Download example","HTML anchor","200","https://kujo.robertdevore.com/examples/28.kujo","","reachable","","retain","true"
"baseline","https://kujo.robertdevore.com/course/ai-effects-and-messages/","https://kujo.robertdevore.com/course/secret-boundaries/","← Secrets, redaction, and endpoint policy","HTML anchor","200","https://kujo.robertdevore.com/course/secret-boundaries/","","reachable","","retain","true"
"baseline","https://kujo.robertdevore.com/course/ai-effects-and-messages/","https://kujo.robertdevore.com/course/request-identity/","Deterministic request identity →","HTML anchor","200","https://kujo.robertdevore.com/course/request-identity/","","reachable","","retain","true"
"baseline","https://kujo.robertdevore.com/course/ai-effects-and-messages/","https://kujo.robertdevore.com/","K_ KUJO COURSE","HTML anchor","200","https://kujo.robertdevore.com/","","reachable","","retain","true"
"baseline","https://kujo.robertdevore.com/course/ai-effects-and-messages/","https://kujo.robertdevore.com/about/","About","HTML anchor","200","https://kujo.robertdevore.com/about/","","reachable","","retain","true"
"baseline","https://kujo.robertdevore.com/course/ai-effects-and-messages/","https://kujo.robertdevore.com/sitemap.xml","Sitemap","HTML anchor","200","https://kujo.robertdevore.com/sitemap.xml","","reachable","","retain","true"
"baseline","https://kujo.robertdevore.com/course/request-identity/","https://kujo.robertdevore.com/course/request-identity/#main","Skip to content","HTML anchor","200","https://kujo.robertdevore.com/course/request-identity/","","reachable","","retain","true"
"baseline","https://kujo.robertdevore.com/course/request-identity/","https://kujo.robertdevore.com/","K_ KUJO THE COURSE","HTML anchor","200","https://kujo.robertdevore.com/","","reachable","","retain","true"
"baseline","https://kujo.robertdevore.com/course/request-identity/","https://kujo.robertdevore.com/course/","Curriculum","HTML anchor","200","https://kujo.robertdevore.com/course/","","reachable","","retain","true"
"baseline","https://kujo.robertdevore.com/course/request-identity/","https://kujo.robertdevore.com/explorer/","Examples","HTML anchor","200","https://kujo.robertdevore.com/explorer/","","reachable","","retain","true"
"baseline","https://kujo.robertdevore.com/course/request-identity/","https://kujo.robertdevore.com/evidence/","Evidence","HTML anchor","200","https://kujo.robertdevore.com/evidence/","","reachable","","retain","true"
"baseline","https://kujo.robertdevore.com/course/request-identity/","https://kujo.robertdevore.com/course/what-is-kujo/","01 · What Kujo is","HTML anchor","200","https://kujo.robertdevore.com/course/what-is-kujo/","","reachable","","retain","true"
"baseline","https://kujo.robertdevore.com/course/request-identity/","https://kujo.robertdevore.com/course/setup-and-cli/","02 · Installation, CLI, and your first program","HTML anchor","200","https://kujo.robertdevore.com/course/setup-and-cli/","","reachable","","retain","true"
"baseline","https://kujo.robertdevore.com/course/request-identity/","https://kujo.robertdevore.com/course/bindings-and-mutability/","03 · Bindings, values, and mutability","HTML anchor","200","https://kujo.robertdevore.com/course/bindings-and-mutability/","","reachable","","retain","true"
"baseline","https://kujo.robertdevore.com/course/request-identity/","https://kujo.robertdevore.com/course/values-and-truthiness/","04 · Values, operators, and truthiness","HTML anchor","200","https://kujo.robertdevore.com/course/values-and-truthiness/","","reachable","","retain","true"
"baseline","https://kujo.robertdevore.com/course/request-identity/","https://kujo.robertdevore.com/course/control-flow/","05 · Control flow and block scopes","HTML anchor","200","https://kujo.robertdevore.com/course/control-flow/","","reachable","","retain","true"
"baseline","https://kujo.robertdevore.com/course/request-identity/","https://kujo.robertdevore.com/course/functions/","06 · Functions, callbacks, and return values","HTML anchor","200","https://kujo.robertdevore.com/course/functions/","","reachable","","retain","true"
"baseline","https://kujo.robertdevore.com/course/request-identity/","https://kujo.robertdevore.com/course/collections-and-pipelines/","07 · Collections, pipes, and null handling","HTML anchor","200","https://kujo.robertdevore.com/course/collections-and-pipelines/","","reachable","","retain","true"
"baseline","https://kujo.robertdevore.com/course/request-identity/","https://kujo.robertdevore.com/build-1/","◆ Stage build","HTML anchor","200","https://kujo.robertdevore.com/build-1/","","reachable","","retain","true"
"baseline","https://kujo.robertdevore.com/course/request-identity/","https://kujo.robertdevore.com/course/scope-and-capture/","08 · Scope, shadowing, and capture","HTML anchor","200","https://kujo.robertdevore.com/course/scope-and-capture/","","reachable","","retain","true"
"baseline","https://kujo.robertdevore.com/course/request-identity/","https://kujo.robertdevore.com/course/structs-and-enums/","09 · Structs and enums","HTML anchor","200","https://kujo.robertdevore.com/course/structs-and-enums/","","reachable","","retain","true"
"baseline","https://kujo.robertdevore.com/course/request-identity/","https://kujo.robertdevore.com/course/match-result-option/","10 · Match, Result, and Option","HTML anchor","200","https://kujo.robertdevore.com/course/match-result-option/","","reachable","","retain","true"
"baseline","https://kujo.robertdevore.com/course/request-identity/","https://kujo.robertdevore.com/course/exceptions/","11 · Exceptions and recoverable errors","HTML anchor","200","https://kujo.robertdevore.com/course/exceptions/","","reachable","","retain","true"
"baseline","https://kujo.robertdevore.com/course/request-identity/","https://kujo.robertdevore.com/course/optional-typing/","12 · Optional typing without imaginary guarantees","HTML anchor","200","https://kujo.robertdevore.com/course/optional-typing/","","reachable","","retain","true"
"baseline","https://kujo.robertdevore.com/course/request-identity/","https://kujo.robertdevore.com/course/async-and-await/","13 · Async functions and await","HTML anchor","200","https://kujo.robertdevore.com/course/async-and-await/","","reachable","","retain","true"
"baseline","https://kujo.robertdevore.com/course/request-identity/","https://kujo.robertdevore.com/course/bounded-concurrency/","14 · Spawn and bounded concurrent work","HTML anchor","200","https://kujo.robertdevore.com/course/bounded-concurrency/","","reachable","","retain","true"
"baseline","https://kujo.robertdevore.com/course/request-identity/","https://kujo.robertdevore.com/build-2/","◆ Stage build","HTML anchor","200","https://kujo.robertdevore.com/build-2/","","reachable","","retain","true"
"baseline","https://kujo.robertdevore.com/course/request-identity/","https://kujo.robertdevore.com/course/modules/","15 · Modules and explicit exports","HTML anchor","200","https://kujo.robertdevore.com/course/modules/","","reachable","","retain","true"
"baseline","https://kujo.robertdevore.com/course/request-identity/","https://kujo.robertdevore.com/course/projects-and-lockfiles/","16 · Projects, packages, and lockfiles","HTML anchor","200","https://kujo.robertdevore.com/course/projects-and-lockfiles/","","reachable","","retain","true"
"baseline","https://kujo.robertdevore.com/course/request-identity/","https://kujo.robertdevore.com/course/standard-library/","17 · Finding the standard library contract","HTML anchor","200","https://kujo.robertdevore.com/course/standard-library/","","reachable","","retain","true"
"baseline","https://kujo.robertdevore.com/course/request-identity/","https://kujo.robertdevore.com/course/testing/","18 · Testing, fixtures, and runtime evidence","HTML anchor","200","https://kujo.robertdevore.com/course/testing/","","reachable","","retain","true"
"baseline","https://kujo.robertdevore.com/course/request-identity/","https://kujo.robertdevore.com/course/machine-contracts/","19 · Diagnostics and machine-readable interfaces","HTML anchor","200","https://kujo.robertdevore.com/course/machine-contracts/","","reachable","","retain","true"
"baseline","https://kujo.robertdevore.com/course/request-identity/","https://kujo.robertdevore.com/course/documentation/","20 · Documentation as a build artifact","HTML anchor","200","https://kujo.robertdevore.com/course/documentation/","","reachable","","retain","true"
"baseline","https://kujo.robertdevore.com/course/request-identity/","https://kujo.robertdevore.com/course/editor-and-lsp/","21 · Editor integration and the LSP boundary","HTML anchor","200","https://kujo.robertdevore.com/course/editor-and-lsp/","","reachable","","retain","true"
"baseline","https://kujo.robertdevore.com/course/request-identity/","https://kujo.robertdevore.com/build-3/","◆ Stage build","HTML anchor","200","https://kujo.robertdevore.com/build-3/","","reachable","","retain","true"
"baseline","https://kujo.robertdevore.com/course/request-identity/","https://kujo.robertdevore.com/course/filesystem/","22 · Filesystem automation with bounded paths","HTML anchor","200","https://kujo.robertdevore.com/course/filesystem/","","reachable","","retain","true"
"baseline","https://kujo.robertdevore.com/course/request-identity/","https://kujo.robertdevore.com/course/processes/","23 · Processes without unnecessary shells","HTML anchor","200","https://kujo.robertdevore.com/course/processes/","","reachable","","retain","true"
"baseline","https://kujo.robertdevore.com/course/request-identity/","https://kujo.robertdevore.com/course/http-and-networking/","24 · HTTP and network boundaries","HTML anchor","200","https://kujo.robertdevore.com/course/http-and-networking/","","reachable","","retain","true"
"baseline","https://kujo.robertdevore.com/course/request-identity/","https://kujo.robertdevore.com/course/data-and-persistence/","25 · Structured data and local persistence","HTML anchor","200","https://kujo.robertdevore.com/course/data-and-persistence/","","reachable","","retain","true"
"baseline","https://kujo.robertdevore.com/course/request-identity/","https://kujo.robertdevore.com/course/capability-security/","26 · Trusted execution and minimum authority","HTML anchor","200","https://kujo.robertdevore.com/course/capability-security/","","reachable","","retain","true"
"baseline","https://kujo.robertdevore.com/course/request-identity/","https://kujo.robertdevore.com/course/secret-boundaries/","27 · Secrets, redaction, and endpoint policy","HTML anchor","200","https://kujo.robertdevore.com/course/secret-boundaries/","","reachable","","retain","true"
"baseline","https://kujo.robertdevore.com/course/request-identity/","https://kujo.robertdevore.com/build-4/","◆ Stage build","HTML anchor","200","https://kujo.robertdevore.com/build-4/","","reachable","","retain","true"
"baseline","https://kujo.robertdevore.com/course/request-identity/","https://kujo.robertdevore.com/course/ai-effects-and-messages/","28 · AI effects and portable messages","HTML anchor","200","https://kujo.robertdevore.com/course/ai-effects-and-messages/","","reachable","","retain","true"
"baseline","https://kujo.robertdevore.com/course/request-identity/","https://kujo.robertdevore.com/course/request-identity/","29 · Deterministic request identity","HTML anchor","200","https://kujo.robertdevore.com/course/request-identity/","","reachable","","retain","true"
"baseline","https://kujo.robertdevore.com/course/request-identity/","https://kujo.robertdevore.com/course/record-and-replay/","30 · Record, replay, and offline evidence","HTML anchor","200","https://kujo.robertdevore.com/course/record-and-replay/","","reachable","","retain","true"
"baseline","https://kujo.robertdevore.com/course/request-identity/","https://kujo.robertdevore.com/course/streaming/","31 · Streaming and cancellation","HTML anchor","200","https://kujo.robertdevore.com/course/streaming/","","reachable","","retain","true"
"baseline","https://kujo.robertdevore.com/course/request-identity/","https://kujo.robertdevore.com/course/structured-outputs/","32 · Structured outputs and schema validation","HTML anchor","200","https://kujo.robertdevore.com/course/structured-outputs/","","reachable","","retain","true"
"baseline","https://kujo.robertdevore.com/course/request-identity/","https://kujo.robertdevore.com/course/context-and-vectors/","33 · Context budgets, embeddings, and vectors","HTML anchor","200","https://kujo.robertdevore.com/course/context-and-vectors/","","reachable","","retain","true"
"baseline","https://kujo.robertdevore.com/course/request-identity/","https://kujo.robertdevore.com/course/tool-loops/","34 · Bounded AI tool loops","HTML anchor","200","https://kujo.robertdevore.com/course/tool-loops/","","reachable","","retain","true"
"baseline","https://kujo.robertdevore.com/course/request-identity/","https://kujo.robertdevore.com/build-5/","◆ Stage build","HTML anchor","200","https://kujo.robertdevore.com/build-5/","","reachable","","retain","true"
"baseline","https://kujo.robertdevore.com/course/request-identity/","https://kujo.robertdevore.com/course/mechanism-and-policy/","35 · Mechanism versus policy","HTML anchor","200","https://kujo.robertdevore.com/course/mechanism-and-policy/","","reachable","","retain","true"
"baseline","https://kujo.robertdevore.com/course/request-identity/","https://kujo.robertdevore.com/course/loop-engineering/","36 · Loop Engineering, specs, and stop conditions","HTML anchor","200","https://kujo.robertdevore.com/course/loop-engineering/","","reachable","","retain","true"
"baseline","https://kujo.robertdevore.com/course/request-identity/","https://kujo.robertdevore.com/course/evaluation/","37 · Evaluation independent of generation","HTML anchor","200","https://kujo.robertdevore.com/course/evaluation/","","reachable","","retain","true"
"baseline","https://kujo.robertdevore.com/course/request-identity/","https://kujo.robertdevore.com/course/evidence-and-handoffs/","38 · Evidence, run records, and work boundaries","HTML anchor","200","https://kujo.robertdevore.com/course/evidence-and-handoffs/","","reachable","","retain","true"
"baseline","https://kujo.robertdevore.com/course/request-identity/","https://kujo.robertdevore.com/course/isolation-and-observability/","39 · Isolation, observability, and watchdogs","HTML anchor","200","https://kujo.robertdevore.com/course/isolation-and-observability/","","reachable","","retain","true"
"baseline","https://kujo.robertdevore.com/course/request-identity/","https://kujo.robertdevore.com/course/mcp-interoperability/","40 · MCP and external tool interoperability","HTML anchor","200","https://kujo.robertdevore.com/course/mcp-interoperability/","","reachable","","retain","true"
"baseline","https://kujo.robertdevore.com/course/request-identity/","https://kujo.robertdevore.com/build-6/","◆ Stage build","HTML anchor","200","https://kujo.robertdevore.com/build-6/","","reachable","","retain","true"
"baseline","https://kujo.robertdevore.com/course/request-identity/","https://kujo.robertdevore.com/capstone/","◆ Final capstone","HTML anchor","200","https://kujo.robertdevore.com/capstone/","","reachable","","retain","true"
"baseline","https://kujo.robertdevore.com/course/request-identity/","https://kujo.robertdevore.com/course/","Full curriculum →","HTML anchor","200","https://kujo.robertdevore.com/course/","","reachable","","retain","true"
"baseline","https://kujo.robertdevore.com/course/request-identity/","https://kujo.robertdevore.com/examples/29.kujo","Download example","HTML anchor","200","https://kujo.robertdevore.com/examples/29.kujo","","reachable","","retain","true"
"baseline","https://kujo.robertdevore.com/course/request-identity/","https://kujo.robertdevore.com/course/ai-effects-and-messages/","← AI effects and portable messages","HTML anchor","200","https://kujo.robertdevore.com/course/ai-effects-and-messages/","","reachable","","retain","true"
"baseline","https://kujo.robertdevore.com/course/request-identity/","https://kujo.robertdevore.com/course/record-and-replay/","Record, replay, and offline evidence →","HTML anchor","200","https://kujo.robertdevore.com/course/record-and-replay/","","reachable","","retain","true"
"baseline","https://kujo.robertdevore.com/course/request-identity/","https://kujo.robertdevore.com/","K_ KUJO COURSE","HTML anchor","200","https://kujo.robertdevore.com/","","reachable","","retain","true"
"baseline","https://kujo.robertdevore.com/course/request-identity/","https://kujo.robertdevore.com/about/","About","HTML anchor","200","https://kujo.robertdevore.com/about/","","reachable","","retain","true"
"baseline","https://kujo.robertdevore.com/course/request-identity/","https://kujo.robertdevore.com/sitemap.xml","Sitemap","HTML anchor","200","https://kujo.robertdevore.com/sitemap.xml","","reachable","","retain","true"
"baseline","https://kujo.robertdevore.com/course/record-and-replay/","https://kujo.robertdevore.com/course/record-and-replay/#main","Skip to content","HTML anchor","200","https://kujo.robertdevore.com/course/record-and-replay/","","reachable","","retain","true"
"baseline","https://kujo.robertdevore.com/course/record-and-replay/","https://kujo.robertdevore.com/","K_ KUJO THE COURSE","HTML anchor","200","https://kujo.robertdevore.com/","","reachable","","retain","true"
"baseline","https://kujo.robertdevore.com/course/record-and-replay/","https://kujo.robertdevore.com/course/","Curriculum","HTML anchor","200","https://kujo.robertdevore.com/course/","","reachable","","retain","true"
"baseline","https://kujo.robertdevore.com/course/record-and-replay/","https://kujo.robertdevore.com/explorer/","Examples","HTML anchor","200","https://kujo.robertdevore.com/explorer/","","reachable","","retain","true"
"baseline","https://kujo.robertdevore.com/course/record-and-replay/","https://kujo.robertdevore.com/evidence/","Evidence","HTML anchor","200","https://kujo.robertdevore.com/evidence/","","reachable","","retain","true"
"baseline","https://kujo.robertdevore.com/course/record-and-replay/","https://kujo.robertdevore.com/course/what-is-kujo/","01 · What Kujo is","HTML anchor","200","https://kujo.robertdevore.com/course/what-is-kujo/","","reachable","","retain","true"
"baseline","https://kujo.robertdevore.com/course/record-and-replay/","https://kujo.robertdevore.com/course/setup-and-cli/","02 · Installation, CLI, and your first program","HTML anchor","200","https://kujo.robertdevore.com/course/setup-and-cli/","","reachable","","retain","true"
"baseline","https://kujo.robertdevore.com/course/record-and-replay/","https://kujo.robertdevore.com/course/bindings-and-mutability/","03 · Bindings, values, and mutability","HTML anchor","200","https://kujo.robertdevore.com/course/bindings-and-mutability/","","reachable","","retain","true"
"baseline","https://kujo.robertdevore.com/course/record-and-replay/","https://kujo.robertdevore.com/course/values-and-truthiness/","04 · Values, operators, and truthiness","HTML anchor","200","https://kujo.robertdevore.com/course/values-and-truthiness/","","reachable","","retain","true"
"baseline","https://kujo.robertdevore.com/course/record-and-replay/","https://kujo.robertdevore.com/course/control-flow/","05 · Control flow and block scopes","HTML anchor","200","https://kujo.robertdevore.com/course/control-flow/","","reachable","","retain","true"
"baseline","https://kujo.robertdevore.com/course/record-and-replay/","https://kujo.robertdevore.com/course/functions/","06 · Functions, callbacks, and return values","HTML anchor","200","https://kujo.robertdevore.com/course/functions/","","reachable","","retain","true"
"baseline","https://kujo.robertdevore.com/course/record-and-replay/","https://kujo.robertdevore.com/course/collections-and-pipelines/","07 · Collections, pipes, and null handling","HTML anchor","200","https://kujo.robertdevore.com/course/collections-and-pipelines/","","reachable","","retain","true"
"baseline","https://kujo.robertdevore.com/course/record-and-replay/","https://kujo.robertdevore.com/build-1/","◆ Stage build","HTML anchor","200","https://kujo.robertdevore.com/build-1/","","reachable","","retain","true"
"baseline","https://kujo.robertdevore.com/course/record-and-replay/","https://kujo.robertdevore.com/course/scope-and-capture/","08 · Scope, shadowing, and capture","HTML anchor","200","https://kujo.robertdevore.com/course/scope-and-capture/","","reachable","","retain","true"
"baseline","https://kujo.robertdevore.com/course/record-and-replay/","https://kujo.robertdevore.com/course/structs-and-enums/","09 · Structs and enums","HTML anchor","200","https://kujo.robertdevore.com/course/structs-and-enums/","","reachable","","retain","true"
"baseline","https://kujo.robertdevore.com/course/record-and-replay/","https://kujo.robertdevore.com/course/match-result-option/","10 · Match, Result, and Option","HTML anchor","200","https://kujo.robertdevore.com/course/match-result-option/","","reachable","","retain","true"
"baseline","https://kujo.robertdevore.com/course/record-and-replay/","https://kujo.robertdevore.com/course/exceptions/","11 · Exceptions and recoverable errors","HTML anchor","200","https://kujo.robertdevore.com/course/exceptions/","","reachable","","retain","true"
"baseline","https://kujo.robertdevore.com/course/record-and-replay/","https://kujo.robertdevore.com/course/optional-typing/","12 · Optional typing without imaginary guarantees","HTML anchor","200","https://kujo.robertdevore.com/course/optional-typing/","","reachable","","retain","true"
"baseline","https://kujo.robertdevore.com/course/record-and-replay/","https://kujo.robertdevore.com/course/async-and-await/","13 · Async functions and await","HTML anchor","200","https://kujo.robertdevore.com/course/async-and-await/","","reachable","","retain","true"
"baseline","https://kujo.robertdevore.com/course/record-and-replay/","https://kujo.robertdevore.com/course/bounded-concurrency/","14 · Spawn and bounded concurrent work","HTML anchor","200","https://kujo.robertdevore.com/course/bounded-concurrency/","","reachable","","retain","true"
"baseline","https://kujo.robertdevore.com/course/record-and-replay/","https://kujo.robertdevore.com/build-2/","◆ Stage build","HTML anchor","200","https://kujo.robertdevore.com/build-2/","","reachable","","retain","true"
"baseline","https://kujo.robertdevore.com/course/record-and-replay/","https://kujo.robertdevore.com/course/modules/","15 · Modules and explicit exports","HTML anchor","200","https://kujo.robertdevore.com/course/modules/","","reachable","","retain","true"
"baseline","https://kujo.robertdevore.com/course/record-and-replay/","https://kujo.robertdevore.com/course/projects-and-lockfiles/","16 · Projects, packages, and lockfiles","HTML anchor","200","https://kujo.robertdevore.com/course/projects-and-lockfiles/","","reachable","","retain","true"
"baseline","https://kujo.robertdevore.com/course/record-and-replay/","https://kujo.robertdevore.com/course/standard-library/","17 · Finding the standard library contract","HTML anchor","200","https://kujo.robertdevore.com/course/standard-library/","","reachable","","retain","true"
"baseline","https://kujo.robertdevore.com/course/record-and-replay/","https://kujo.robertdevore.com/course/testing/","18 · Testing, fixtures, and runtime evidence","HTML anchor","200","https://kujo.robertdevore.com/course/testing/","","reachable","","retain","true"
"baseline","https://kujo.robertdevore.com/course/record-and-replay/","https://kujo.robertdevore.com/course/machine-contracts/","19 · Diagnostics and machine-readable interfaces","HTML anchor","200","https://kujo.robertdevore.com/course/machine-contracts/","","reachable","","retain","true"
"baseline","https://kujo.robertdevore.com/course/record-and-replay/","https://kujo.robertdevore.com/course/documentation/","20 · Documentation as a build artifact","HTML anchor","200","https://kujo.robertdevore.com/course/documentation/","","reachable","","retain","true"
"baseline","https://kujo.robertdevore.com/course/record-and-replay/","https://kujo.robertdevore.com/course/editor-and-lsp/","21 · Editor integration and the LSP boundary","HTML anchor","200","https://kujo.robertdevore.com/course/editor-and-lsp/","","reachable","","retain","true"
"baseline","https://kujo.robertdevore.com/course/record-and-replay/","https://kujo.robertdevore.com/build-3/","◆ Stage build","HTML anchor","200","https://kujo.robertdevore.com/build-3/","","reachable","","retain","true"
"baseline","https://kujo.robertdevore.com/course/record-and-replay/","https://kujo.robertdevore.com/course/filesystem/","22 · Filesystem automation with bounded paths","HTML anchor","200","https://kujo.robertdevore.com/course/filesystem/","","reachable","","retain","true"
"baseline","https://kujo.robertdevore.com/course/record-and-replay/","https://kujo.robertdevore.com/course/processes/","23 · Processes without unnecessary shells","HTML anchor","200","https://kujo.robertdevore.com/course/processes/","","reachable","","retain","true"
"baseline","https://kujo.robertdevore.com/course/record-and-replay/","https://kujo.robertdevore.com/course/http-and-networking/","24 · HTTP and network boundaries","HTML anchor","200","https://kujo.robertdevore.com/course/http-and-networking/","","reachable","","retain","true"
"baseline","https://kujo.robertdevore.com/course/record-and-replay/","https://kujo.robertdevore.com/course/data-and-persistence/","25 · Structured data and local persistence","HTML anchor","200","https://kujo.robertdevore.com/course/data-and-persistence/","","reachable","","retain","true"
"baseline","https://kujo.robertdevore.com/course/record-and-replay/","https://kujo.robertdevore.com/course/capability-security/","26 · Trusted execution and minimum authority","HTML anchor","200","https://kujo.robertdevore.com/course/capability-security/","","reachable","","retain","true"
"baseline","https://kujo.robertdevore.com/course/record-and-replay/","https://kujo.robertdevore.com/course/secret-boundaries/","27 · Secrets, redaction, and endpoint policy","HTML anchor","200","https://kujo.robertdevore.com/course/secret-boundaries/","","reachable","","retain","true"
"baseline","https://kujo.robertdevore.com/course/record-and-replay/","https://kujo.robertdevore.com/build-4/","◆ Stage build","HTML anchor","200","https://kujo.robertdevore.com/build-4/","","reachable","","retain","true"
"baseline","https://kujo.robertdevore.com/course/record-and-replay/","https://kujo.robertdevore.com/course/ai-effects-and-messages/","28 · AI effects and portable messages","HTML anchor","200","https://kujo.robertdevore.com/course/ai-effects-and-messages/","","reachable","","retain","true"
"baseline","https://kujo.robertdevore.com/course/record-and-replay/","https://kujo.robertdevore.com/course/request-identity/","29 · Deterministic request identity","HTML anchor","200","https://kujo.robertdevore.com/course/request-identity/","","reachable","","retain","true"
"baseline","https://kujo.robertdevore.com/course/record-and-replay/","https://kujo.robertdevore.com/course/record-and-replay/","30 · Record, replay, and offline evidence","HTML anchor","200","https://kujo.robertdevore.com/course/record-and-replay/","","reachable","","retain","true"
"baseline","https://kujo.robertdevore.com/course/record-and-replay/","https://kujo.robertdevore.com/course/streaming/","31 · Streaming and cancellation","HTML anchor","200","https://kujo.robertdevore.com/course/streaming/","","reachable","","retain","true"
"baseline","https://kujo.robertdevore.com/course/record-and-replay/","https://kujo.robertdevore.com/course/structured-outputs/","32 · Structured outputs and schema validation","HTML anchor","200","https://kujo.robertdevore.com/course/structured-outputs/","","reachable","","retain","true"
"baseline","https://kujo.robertdevore.com/course/record-and-replay/","https://kujo.robertdevore.com/course/context-and-vectors/","33 · Context budgets, embeddings, and vectors","HTML anchor","200","https://kujo.robertdevore.com/course/context-and-vectors/","","reachable","","retain","true"
"baseline","https://kujo.robertdevore.com/course/record-and-replay/","https://kujo.robertdevore.com/course/tool-loops/","34 · Bounded AI tool loops","HTML anchor","200","https://kujo.robertdevore.com/course/tool-loops/","","reachable","","retain","true"
"baseline","https://kujo.robertdevore.com/course/record-and-replay/","https://kujo.robertdevore.com/build-5/","◆ Stage build","HTML anchor","200","https://kujo.robertdevore.com/build-5/","","reachable","","retain","true"
"baseline","https://kujo.robertdevore.com/course/record-and-replay/","https://kujo.robertdevore.com/course/mechanism-and-policy/","35 · Mechanism versus policy","HTML anchor","200","https://kujo.robertdevore.com/course/mechanism-and-policy/","","reachable","","retain","true"
"baseline","https://kujo.robertdevore.com/course/record-and-replay/","https://kujo.robertdevore.com/course/loop-engineering/","36 · Loop Engineering, specs, and stop conditions","HTML anchor","200","https://kujo.robertdevore.com/course/loop-engineering/","","reachable","","retain","true"
"baseline","https://kujo.robertdevore.com/course/record-and-replay/","https://kujo.robertdevore.com/course/evaluation/","37 · Evaluation independent of generation","HTML anchor","200","https://kujo.robertdevore.com/course/evaluation/","","reachable","","retain","true"
"baseline","https://kujo.robertdevore.com/course/record-and-replay/","https://kujo.robertdevore.com/course/evidence-and-handoffs/","38 · Evidence, run records, and work boundaries","HTML anchor","200","https://kujo.robertdevore.com/course/evidence-and-handoffs/","","reachable","","retain","true"
"baseline","https://kujo.robertdevore.com/course/record-and-replay/","https://kujo.robertdevore.com/course/isolation-and-observability/","39 · Isolation, observability, and watchdogs","HTML anchor","200","https://kujo.robertdevore.com/course/isolation-and-observability/","","reachable","","retain","true"
"baseline","https://kujo.robertdevore.com/course/record-and-replay/","https://kujo.robertdevore.com/course/mcp-interoperability/","40 · MCP and external tool interoperability","HTML anchor","200","https://kujo.robertdevore.com/course/mcp-interoperability/","","reachable","","retain","true"
"baseline","https://kujo.robertdevore.com/course/record-and-replay/","https://kujo.robertdevore.com/build-6/","◆ Stage build","HTML anchor","200","https://kujo.robertdevore.com/build-6/","","reachable","","retain","true"
"baseline","https://kujo.robertdevore.com/course/record-and-replay/","https://kujo.robertdevore.com/capstone/","◆ Final capstone","HTML anchor","200","https://kujo.robertdevore.com/capstone/","","reachable","","retain","true"
"baseline","https://kujo.robertdevore.com/course/record-and-replay/","https://kujo.robertdevore.com/course/","Full curriculum →","HTML anchor","200","https://kujo.robertdevore.com/course/","","reachable","","retain","true"
"baseline","https://kujo.robertdevore.com/course/record-and-replay/","https://kujo.robertdevore.com/examples/30.kujo","Download example","HTML anchor","200","https://kujo.robertdevore.com/examples/30.kujo","","reachable","","retain","true"
"baseline","https://kujo.robertdevore.com/course/record-and-replay/","https://kujo.robertdevore.com/course/request-identity/","← Deterministic request identity","HTML anchor","200","https://kujo.robertdevore.com/course/request-identity/","","reachable","","retain","true"
"baseline","https://kujo.robertdevore.com/course/record-and-replay/","https://kujo.robertdevore.com/course/streaming/","Streaming and cancellation →","HTML anchor","200","https://kujo.robertdevore.com/course/streaming/","","reachable","","retain","true"
"baseline","https://kujo.robertdevore.com/course/record-and-replay/","https://kujo.robertdevore.com/","K_ KUJO COURSE","HTML anchor","200","https://kujo.robertdevore.com/","","reachable","","retain","true"
"baseline","https://kujo.robertdevore.com/course/record-and-replay/","https://kujo.robertdevore.com/about/","About","HTML anchor","200","https://kujo.robertdevore.com/about/","","reachable","","retain","true"
"baseline","https://kujo.robertdevore.com/course/record-and-replay/","https://kujo.robertdevore.com/sitemap.xml","Sitemap","HTML anchor","200","https://kujo.robertdevore.com/sitemap.xml","","reachable","","retain","true"
"baseline","https://kujo.robertdevore.com/course/streaming/","https://kujo.robertdevore.com/course/streaming/#main","Skip to content","HTML anchor","200","https://kujo.robertdevore.com/course/streaming/","","reachable","","retain","true"
"baseline","https://kujo.robertdevore.com/course/streaming/","https://kujo.robertdevore.com/","K_ KUJO THE COURSE","HTML anchor","200","https://kujo.robertdevore.com/","","reachable","","retain","true"
"baseline","https://kujo.robertdevore.com/course/streaming/","https://kujo.robertdevore.com/course/","Curriculum","HTML anchor","200","https://kujo.robertdevore.com/course/","","reachable","","retain","true"
"baseline","https://kujo.robertdevore.com/course/streaming/","https://kujo.robertdevore.com/explorer/","Examples","HTML anchor","200","https://kujo.robertdevore.com/explorer/","","reachable","","retain","true"
"baseline","https://kujo.robertdevore.com/course/streaming/","https://kujo.robertdevore.com/evidence/","Evidence","HTML anchor","200","https://kujo.robertdevore.com/evidence/","","reachable","","retain","true"
"baseline","https://kujo.robertdevore.com/course/streaming/","https://kujo.robertdevore.com/course/what-is-kujo/","01 · What Kujo is","HTML anchor","200","https://kujo.robertdevore.com/course/what-is-kujo/","","reachable","","retain","true"
"baseline","https://kujo.robertdevore.com/course/streaming/","https://kujo.robertdevore.com/course/setup-and-cli/","02 · Installation, CLI, and your first program","HTML anchor","200","https://kujo.robertdevore.com/course/setup-and-cli/","","reachable","","retain","true"
"baseline","https://kujo.robertdevore.com/course/streaming/","https://kujo.robertdevore.com/course/bindings-and-mutability/","03 · Bindings, values, and mutability","HTML anchor","200","https://kujo.robertdevore.com/course/bindings-and-mutability/","","reachable","","retain","true"
"baseline","https://kujo.robertdevore.com/course/streaming/","https://kujo.robertdevore.com/course/values-and-truthiness/","04 · Values, operators, and truthiness","HTML anchor","200","https://kujo.robertdevore.com/course/values-and-truthiness/","","reachable","","retain","true"
"baseline","https://kujo.robertdevore.com/course/streaming/","https://kujo.robertdevore.com/course/control-flow/","05 · Control flow and block scopes","HTML anchor","200","https://kujo.robertdevore.com/course/control-flow/","","reachable","","retain","true"
"baseline","https://kujo.robertdevore.com/course/streaming/","https://kujo.robertdevore.com/course/functions/","06 · Functions, callbacks, and return values","HTML anchor","200","https://kujo.robertdevore.com/course/functions/","","reachable","","retain","true"
"baseline","https://kujo.robertdevore.com/course/streaming/","https://kujo.robertdevore.com/course/collections-and-pipelines/","07 · Collections, pipes, and null handling","HTML anchor","200","https://kujo.robertdevore.com/course/collections-and-pipelines/","","reachable","","retain","true"
"baseline","https://kujo.robertdevore.com/course/streaming/","https://kujo.robertdevore.com/build-1/","◆ Stage build","HTML anchor","200","https://kujo.robertdevore.com/build-1/","","reachable","","retain","true"
"baseline","https://kujo.robertdevore.com/course/streaming/","https://kujo.robertdevore.com/course/scope-and-capture/","08 · Scope, shadowing, and capture","HTML anchor","200","https://kujo.robertdevore.com/course/scope-and-capture/","","reachable","","retain","true"
"baseline","https://kujo.robertdevore.com/course/streaming/","https://kujo.robertdevore.com/course/structs-and-enums/","09 · Structs and enums","HTML anchor","200","https://kujo.robertdevore.com/course/structs-and-enums/","","reachable","","retain","true"
"baseline","https://kujo.robertdevore.com/course/streaming/","https://kujo.robertdevore.com/course/match-result-option/","10 · Match, Result, and Option","HTML anchor","200","https://kujo.robertdevore.com/course/match-result-option/","","reachable","","retain","true"
"baseline","https://kujo.robertdevore.com/course/streaming/","https://kujo.robertdevore.com/course/exceptions/","11 · Exceptions and recoverable errors","HTML anchor","200","https://kujo.robertdevore.com/course/exceptions/","","reachable","","retain","true"
"baseline","https://kujo.robertdevore.com/course/streaming/","https://kujo.robertdevore.com/course/optional-typing/","12 · Optional typing without imaginary guarantees","HTML anchor","200","https://kujo.robertdevore.com/course/optional-typing/","","reachable","","retain","true"
"baseline","https://kujo.robertdevore.com/course/streaming/","https://kujo.robertdevore.com/course/async-and-await/","13 · Async functions and await","HTML anchor","200","https://kujo.robertdevore.com/course/async-and-await/","","reachable","","retain","true"
"baseline","https://kujo.robertdevore.com/course/streaming/","https://kujo.robertdevore.com/course/bounded-concurrency/","14 · Spawn and bounded concurrent work","HTML anchor","200","https://kujo.robertdevore.com/course/bounded-concurrency/","","reachable","","retain","true"
"baseline","https://kujo.robertdevore.com/course/streaming/","https://kujo.robertdevore.com/build-2/","◆ Stage build","HTML anchor","200","https://kujo.robertdevore.com/build-2/","","reachable","","retain","true"
"baseline","https://kujo.robertdevore.com/course/streaming/","https://kujo.robertdevore.com/course/modules/","15 · Modules and explicit exports","HTML anchor","200","https://kujo.robertdevore.com/course/modules/","","reachable","","retain","true"
"baseline","https://kujo.robertdevore.com/course/streaming/","https://kujo.robertdevore.com/course/projects-and-lockfiles/","16 · Projects, packages, and lockfiles","HTML anchor","200","https://kujo.robertdevore.com/course/projects-and-lockfiles/","","reachable","","retain","true"
"baseline","https://kujo.robertdevore.com/course/streaming/","https://kujo.robertdevore.com/course/standard-library/","17 · Finding the standard library contract","HTML anchor","200","https://kujo.robertdevore.com/course/standard-library/","","reachable","","retain","true"
"baseline","https://kujo.robertdevore.com/course/streaming/","https://kujo.robertdevore.com/course/testing/","18 · Testing, fixtures, and runtime evidence","HTML anchor","200","https://kujo.robertdevore.com/course/testing/","","reachable","","retain","true"
"baseline","https://kujo.robertdevore.com/course/streaming/","https://kujo.robertdevore.com/course/machine-contracts/","19 · Diagnostics and machine-readable interfaces","HTML anchor","200","https://kujo.robertdevore.com/course/machine-contracts/","","reachable","","retain","true"
"baseline","https://kujo.robertdevore.com/course/streaming/","https://kujo.robertdevore.com/course/documentation/","20 · Documentation as a build artifact","HTML anchor","200","https://kujo.robertdevore.com/course/documentation/","","reachable","","retain","true"
"baseline","https://kujo.robertdevore.com/course/streaming/","https://kujo.robertdevore.com/course/editor-and-lsp/","21 · Editor integration and the LSP boundary","HTML anchor","200","https://kujo.robertdevore.com/course/editor-and-lsp/","","reachable","","retain","true"
"baseline","https://kujo.robertdevore.com/course/streaming/","https://kujo.robertdevore.com/build-3/","◆ Stage build","HTML anchor","200","https://kujo.robertdevore.com/build-3/","","reachable","","retain","true"
"baseline","https://kujo.robertdevore.com/course/streaming/","https://kujo.robertdevore.com/course/filesystem/","22 · Filesystem automation with bounded paths","HTML anchor","200","https://kujo.robertdevore.com/course/filesystem/","","reachable","","retain","true"
"baseline","https://kujo.robertdevore.com/course/streaming/","https://kujo.robertdevore.com/course/processes/","23 · Processes without unnecessary shells","HTML anchor","200","https://kujo.robertdevore.com/course/processes/","","reachable","","retain","true"
"baseline","https://kujo.robertdevore.com/course/streaming/","https://kujo.robertdevore.com/course/http-and-networking/","24 · HTTP and network boundaries","HTML anchor","200","https://kujo.robertdevore.com/course/http-and-networking/","","reachable","","retain","true"
"baseline","https://kujo.robertdevore.com/course/streaming/","https://kujo.robertdevore.com/course/data-and-persistence/","25 · Structured data and local persistence","HTML anchor","200","https://kujo.robertdevore.com/course/data-and-persistence/","","reachable","","retain","true"
"baseline","https://kujo.robertdevore.com/course/streaming/","https://kujo.robertdevore.com/course/capability-security/","26 · Trusted execution and minimum authority","HTML anchor","200","https://kujo.robertdevore.com/course/capability-security/","","reachable","","retain","true"
"baseline","https://kujo.robertdevore.com/course/streaming/","https://kujo.robertdevore.com/course/secret-boundaries/","27 · Secrets, redaction, and endpoint policy","HTML anchor","200","https://kujo.robertdevore.com/course/secret-boundaries/","","reachable","","retain","true"
"baseline","https://kujo.robertdevore.com/course/streaming/","https://kujo.robertdevore.com/build-4/","◆ Stage build","HTML anchor","200","https://kujo.robertdevore.com/build-4/","","reachable","","retain","true"
"baseline","https://kujo.robertdevore.com/course/streaming/","https://kujo.robertdevore.com/course/ai-effects-and-messages/","28 · AI effects and portable messages","HTML anchor","200","https://kujo.robertdevore.com/course/ai-effects-and-messages/","","reachable","","retain","true"
"baseline","https://kujo.robertdevore.com/course/streaming/","https://kujo.robertdevore.com/course/request-identity/","29 · Deterministic request identity","HTML anchor","200","https://kujo.robertdevore.com/course/request-identity/","","reachable","","retain","true"
"baseline","https://kujo.robertdevore.com/course/streaming/","https://kujo.robertdevore.com/course/record-and-replay/","30 · Record, replay, and offline evidence","HTML anchor","200","https://kujo.robertdevore.com/course/record-and-replay/","","reachable","","retain","true"
"baseline","https://kujo.robertdevore.com/course/streaming/","https://kujo.robertdevore.com/course/streaming/","31 · Streaming and cancellation","HTML anchor","200","https://kujo.robertdevore.com/course/streaming/","","reachable","","retain","true"
"baseline","https://kujo.robertdevore.com/course/streaming/","https://kujo.robertdevore.com/course/structured-outputs/","32 · Structured outputs and schema validation","HTML anchor","200","https://kujo.robertdevore.com/course/structured-outputs/","","reachable","","retain","true"
"baseline","https://kujo.robertdevore.com/course/streaming/","https://kujo.robertdevore.com/course/context-and-vectors/","33 · Context budgets, embeddings, and vectors","HTML anchor","200","https://kujo.robertdevore.com/course/context-and-vectors/","","reachable","","retain","true"
"baseline","https://kujo.robertdevore.com/course/streaming/","https://kujo.robertdevore.com/course/tool-loops/","34 · Bounded AI tool loops","HTML anchor","200","https://kujo.robertdevore.com/course/tool-loops/","","reachable","","retain","true"
"baseline","https://kujo.robertdevore.com/course/streaming/","https://kujo.robertdevore.com/build-5/","◆ Stage build","HTML anchor","200","https://kujo.robertdevore.com/build-5/","","reachable","","retain","true"
"baseline","https://kujo.robertdevore.com/course/streaming/","https://kujo.robertdevore.com/course/mechanism-and-policy/","35 · Mechanism versus policy","HTML anchor","200","https://kujo.robertdevore.com/course/mechanism-and-policy/","","reachable","","retain","true"
"baseline","https://kujo.robertdevore.com/course/streaming/","https://kujo.robertdevore.com/course/loop-engineering/","36 · Loop Engineering, specs, and stop conditions","HTML anchor","200","https://kujo.robertdevore.com/course/loop-engineering/","","reachable","","retain","true"
"baseline","https://kujo.robertdevore.com/course/streaming/","https://kujo.robertdevore.com/course/evaluation/","37 · Evaluation independent of generation","HTML anchor","200","https://kujo.robertdevore.com/course/evaluation/","","reachable","","retain","true"
"baseline","https://kujo.robertdevore.com/course/streaming/","https://kujo.robertdevore.com/course/evidence-and-handoffs/","38 · Evidence, run records, and work boundaries","HTML anchor","200","https://kujo.robertdevore.com/course/evidence-and-handoffs/","","reachable","","retain","true"
"baseline","https://kujo.robertdevore.com/course/streaming/","https://kujo.robertdevore.com/course/isolation-and-observability/","39 · Isolation, observability, and watchdogs","HTML anchor","200","https://kujo.robertdevore.com/course/isolation-and-observability/","","reachable","","retain","true"
"baseline","https://kujo.robertdevore.com/course/streaming/","https://kujo.robertdevore.com/course/mcp-interoperability/","40 · MCP and external tool interoperability","HTML anchor","200","https://kujo.robertdevore.com/course/mcp-interoperability/","","reachable","","retain","true"
"baseline","https://kujo.robertdevore.com/course/streaming/","https://kujo.robertdevore.com/build-6/","◆ Stage build","HTML anchor","200","https://kujo.robertdevore.com/build-6/","","reachable","","retain","true"
"baseline","https://kujo.robertdevore.com/course/streaming/","https://kujo.robertdevore.com/capstone/","◆ Final capstone","HTML anchor","200","https://kujo.robertdevore.com/capstone/","","reachable","","retain","true"
"baseline","https://kujo.robertdevore.com/course/streaming/","https://kujo.robertdevore.com/course/","Full curriculum →","HTML anchor","200","https://kujo.robertdevore.com/course/","","reachable","","retain","true"
"baseline","https://kujo.robertdevore.com/course/streaming/","https://kujo.robertdevore.com/examples/31.kujo","Download example","HTML anchor","200","https://kujo.robertdevore.com/examples/31.kujo","","reachable","","retain","true"
"baseline","https://kujo.robertdevore.com/course/streaming/","https://kujo.robertdevore.com/course/record-and-replay/","← Record, replay, and offline evidence","HTML anchor","200","https://kujo.robertdevore.com/course/record-and-replay/","","reachable","","retain","true"
"baseline","https://kujo.robertdevore.com/course/streaming/","https://kujo.robertdevore.com/course/structured-outputs/","Structured outputs and schema validation →","HTML anchor","200","https://kujo.robertdevore.com/course/structured-outputs/","","reachable","","retain","true"
"baseline","https://kujo.robertdevore.com/course/streaming/","https://kujo.robertdevore.com/","K_ KUJO COURSE","HTML anchor","200","https://kujo.robertdevore.com/","","reachable","","retain","true"
"baseline","https://kujo.robertdevore.com/course/streaming/","https://kujo.robertdevore.com/about/","About","HTML anchor","200","https://kujo.robertdevore.com/about/","","reachable","","retain","true"
"baseline","https://kujo.robertdevore.com/course/streaming/","https://kujo.robertdevore.com/sitemap.xml","Sitemap","HTML anchor","200","https://kujo.robertdevore.com/sitemap.xml","","reachable","","retain","true"
"baseline","https://kujo.robertdevore.com/course/structured-outputs/","https://kujo.robertdevore.com/course/structured-outputs/#main","Skip to content","HTML anchor","200","https://kujo.robertdevore.com/course/structured-outputs/","","reachable","","retain","true"
"baseline","https://kujo.robertdevore.com/course/structured-outputs/","https://kujo.robertdevore.com/","K_ KUJO THE COURSE","HTML anchor","200","https://kujo.robertdevore.com/","","reachable","","retain","true"
"baseline","https://kujo.robertdevore.com/course/structured-outputs/","https://kujo.robertdevore.com/course/","Curriculum","HTML anchor","200","https://kujo.robertdevore.com/course/","","reachable","","retain","true"
"baseline","https://kujo.robertdevore.com/course/structured-outputs/","https://kujo.robertdevore.com/explorer/","Examples","HTML anchor","200","https://kujo.robertdevore.com/explorer/","","reachable","","retain","true"
"baseline","https://kujo.robertdevore.com/course/structured-outputs/","https://kujo.robertdevore.com/evidence/","Evidence","HTML anchor","200","https://kujo.robertdevore.com/evidence/","","reachable","","retain","true"
"baseline","https://kujo.robertdevore.com/course/structured-outputs/","https://kujo.robertdevore.com/course/what-is-kujo/","01 · What Kujo is","HTML anchor","200","https://kujo.robertdevore.com/course/what-is-kujo/","","reachable","","retain","true"
"baseline","https://kujo.robertdevore.com/course/structured-outputs/","https://kujo.robertdevore.com/course/setup-and-cli/","02 · Installation, CLI, and your first program","HTML anchor","200","https://kujo.robertdevore.com/course/setup-and-cli/","","reachable","","retain","true"
"baseline","https://kujo.robertdevore.com/course/structured-outputs/","https://kujo.robertdevore.com/course/bindings-and-mutability/","03 · Bindings, values, and mutability","HTML anchor","200","https://kujo.robertdevore.com/course/bindings-and-mutability/","","reachable","","retain","true"
"baseline","https://kujo.robertdevore.com/course/structured-outputs/","https://kujo.robertdevore.com/course/values-and-truthiness/","04 · Values, operators, and truthiness","HTML anchor","200","https://kujo.robertdevore.com/course/values-and-truthiness/","","reachable","","retain","true"
"baseline","https://kujo.robertdevore.com/course/structured-outputs/","https://kujo.robertdevore.com/course/control-flow/","05 · Control flow and block scopes","HTML anchor","200","https://kujo.robertdevore.com/course/control-flow/","","reachable","","retain","true"
"baseline","https://kujo.robertdevore.com/course/structured-outputs/","https://kujo.robertdevore.com/course/functions/","06 · Functions, callbacks, and return values","HTML anchor","200","https://kujo.robertdevore.com/course/functions/","","reachable","","retain","true"
"baseline","https://kujo.robertdevore.com/course/structured-outputs/","https://kujo.robertdevore.com/course/collections-and-pipelines/","07 · Collections, pipes, and null handling","HTML anchor","200","https://kujo.robertdevore.com/course/collections-and-pipelines/","","reachable","","retain","true"
"baseline","https://kujo.robertdevore.com/course/structured-outputs/","https://kujo.robertdevore.com/build-1/","◆ Stage build","HTML anchor","200","https://kujo.robertdevore.com/build-1/","","reachable","","retain","true"
"baseline","https://kujo.robertdevore.com/course/structured-outputs/","https://kujo.robertdevore.com/course/scope-and-capture/","08 · Scope, shadowing, and capture","HTML anchor","200","https://kujo.robertdevore.com/course/scope-and-capture/","","reachable","","retain","true"
"baseline","https://kujo.robertdevore.com/course/structured-outputs/","https://kujo.robertdevore.com/course/structs-and-enums/","09 · Structs and enums","HTML anchor","200","https://kujo.robertdevore.com/course/structs-and-enums/","","reachable","","retain","true"
"baseline","https://kujo.robertdevore.com/course/structured-outputs/","https://kujo.robertdevore.com/course/match-result-option/","10 · Match, Result, and Option","HTML anchor","200","https://kujo.robertdevore.com/course/match-result-option/","","reachable","","retain","true"
"baseline","https://kujo.robertdevore.com/course/structured-outputs/","https://kujo.robertdevore.com/course/exceptions/","11 · Exceptions and recoverable errors","HTML anchor","200","https://kujo.robertdevore.com/course/exceptions/","","reachable","","retain","true"
"baseline","https://kujo.robertdevore.com/course/structured-outputs/","https://kujo.robertdevore.com/course/optional-typing/","12 · Optional typing without imaginary guarantees","HTML anchor","200","https://kujo.robertdevore.com/course/optional-typing/","","reachable","","retain","true"
"baseline","https://kujo.robertdevore.com/course/structured-outputs/","https://kujo.robertdevore.com/course/async-and-await/","13 · Async functions and await","HTML anchor","200","https://kujo.robertdevore.com/course/async-and-await/","","reachable","","retain","true"
"baseline","https://kujo.robertdevore.com/course/structured-outputs/","https://kujo.robertdevore.com/course/bounded-concurrency/","14 · Spawn and bounded concurrent work","HTML anchor","200","https://kujo.robertdevore.com/course/bounded-concurrency/","","reachable","","retain","true"
"baseline","https://kujo.robertdevore.com/course/structured-outputs/","https://kujo.robertdevore.com/build-2/","◆ Stage build","HTML anchor","200","https://kujo.robertdevore.com/build-2/","","reachable","","retain","true"
"baseline","https://kujo.robertdevore.com/course/structured-outputs/","https://kujo.robertdevore.com/course/modules/","15 · Modules and explicit exports","HTML anchor","200","https://kujo.robertdevore.com/course/modules/","","reachable","","retain","true"
"baseline","https://kujo.robertdevore.com/course/structured-outputs/","https://kujo.robertdevore.com/course/projects-and-lockfiles/","16 · Projects, packages, and lockfiles","HTML anchor","200","https://kujo.robertdevore.com/course/projects-and-lockfiles/","","reachable","","retain","true"
"baseline","https://kujo.robertdevore.com/course/structured-outputs/","https://kujo.robertdevore.com/course/standard-library/","17 · Finding the standard library contract","HTML anchor","200","https://kujo.robertdevore.com/course/standard-library/","","reachable","","retain","true"
"baseline","https://kujo.robertdevore.com/course/structured-outputs/","https://kujo.robertdevore.com/course/testing/","18 · Testing, fixtures, and runtime evidence","HTML anchor","200","https://kujo.robertdevore.com/course/testing/","","reachable","","retain","true"
"baseline","https://kujo.robertdevore.com/course/structured-outputs/","https://kujo.robertdevore.com/course/machine-contracts/","19 · Diagnostics and machine-readable interfaces","HTML anchor","200","https://kujo.robertdevore.com/course/machine-contracts/","","reachable","","retain","true"
"baseline","https://kujo.robertdevore.com/course/structured-outputs/","https://kujo.robertdevore.com/course/documentation/","20 · Documentation as a build artifact","HTML anchor","200","https://kujo.robertdevore.com/course/documentation/","","reachable","","retain","true"
"baseline","https://kujo.robertdevore.com/course/structured-outputs/","https://kujo.robertdevore.com/course/editor-and-lsp/","21 · Editor integration and the LSP boundary","HTML anchor","200","https://kujo.robertdevore.com/course/editor-and-lsp/","","reachable","","retain","true"
"baseline","https://kujo.robertdevore.com/course/structured-outputs/","https://kujo.robertdevore.com/build-3/","◆ Stage build","HTML anchor","200","https://kujo.robertdevore.com/build-3/","","reachable","","retain","true"
"baseline","https://kujo.robertdevore.com/course/structured-outputs/","https://kujo.robertdevore.com/course/filesystem/","22 · Filesystem automation with bounded paths","HTML anchor","200","https://kujo.robertdevore.com/course/filesystem/","","reachable","","retain","true"
"baseline","https://kujo.robertdevore.com/course/structured-outputs/","https://kujo.robertdevore.com/course/processes/","23 · Processes without unnecessary shells","HTML anchor","200","https://kujo.robertdevore.com/course/processes/","","reachable","","retain","true"
"baseline","https://kujo.robertdevore.com/course/structured-outputs/","https://kujo.robertdevore.com/course/http-and-networking/","24 · HTTP and network boundaries","HTML anchor","200","https://kujo.robertdevore.com/course/http-and-networking/","","reachable","","retain","true"
"baseline","https://kujo.robertdevore.com/course/structured-outputs/","https://kujo.robertdevore.com/course/data-and-persistence/","25 · Structured data and local persistence","HTML anchor","200","https://kujo.robertdevore.com/course/data-and-persistence/","","reachable","","retain","true"
"baseline","https://kujo.robertdevore.com/course/structured-outputs/","https://kujo.robertdevore.com/course/capability-security/","26 · Trusted execution and minimum authority","HTML anchor","200","https://kujo.robertdevore.com/course/capability-security/","","reachable","","retain","true"
"baseline","https://kujo.robertdevore.com/course/structured-outputs/","https://kujo.robertdevore.com/course/secret-boundaries/","27 · Secrets, redaction, and endpoint policy","HTML anchor","200","https://kujo.robertdevore.com/course/secret-boundaries/","","reachable","","retain","true"
"baseline","https://kujo.robertdevore.com/course/structured-outputs/","https://kujo.robertdevore.com/build-4/","◆ Stage build","HTML anchor","200","https://kujo.robertdevore.com/build-4/","","reachable","","retain","true"
"baseline","https://kujo.robertdevore.com/course/structured-outputs/","https://kujo.robertdevore.com/course/ai-effects-and-messages/","28 · AI effects and portable messages","HTML anchor","200","https://kujo.robertdevore.com/course/ai-effects-and-messages/","","reachable","","retain","true"
"baseline","https://kujo.robertdevore.com/course/structured-outputs/","https://kujo.robertdevore.com/course/request-identity/","29 · Deterministic request identity","HTML anchor","200","https://kujo.robertdevore.com/course/request-identity/","","reachable","","retain","true"
"baseline","https://kujo.robertdevore.com/course/structured-outputs/","https://kujo.robertdevore.com/course/record-and-replay/","30 · Record, replay, and offline evidence","HTML anchor","200","https://kujo.robertdevore.com/course/record-and-replay/","","reachable","","retain","true"
"baseline","https://kujo.robertdevore.com/course/structured-outputs/","https://kujo.robertdevore.com/course/streaming/","31 · Streaming and cancellation","HTML anchor","200","https://kujo.robertdevore.com/course/streaming/","","reachable","","retain","true"
"baseline","https://kujo.robertdevore.com/course/structured-outputs/","https://kujo.robertdevore.com/course/structured-outputs/","32 · Structured outputs and schema validation","HTML anchor","200","https://kujo.robertdevore.com/course/structured-outputs/","","reachable","","retain","true"
"baseline","https://kujo.robertdevore.com/course/structured-outputs/","https://kujo.robertdevore.com/course/context-and-vectors/","33 · Context budgets, embeddings, and vectors","HTML anchor","200","https://kujo.robertdevore.com/course/context-and-vectors/","","reachable","","retain","true"
"baseline","https://kujo.robertdevore.com/course/structured-outputs/","https://kujo.robertdevore.com/course/tool-loops/","34 · Bounded AI tool loops","HTML anchor","200","https://kujo.robertdevore.com/course/tool-loops/","","reachable","","retain","true"
"baseline","https://kujo.robertdevore.com/course/structured-outputs/","https://kujo.robertdevore.com/build-5/","◆ Stage build","HTML anchor","200","https://kujo.robertdevore.com/build-5/","","reachable","","retain","true"
"baseline","https://kujo.robertdevore.com/course/structured-outputs/","https://kujo.robertdevore.com/course/mechanism-and-policy/","35 · Mechanism versus policy","HTML anchor","200","https://kujo.robertdevore.com/course/mechanism-and-policy/","","reachable","","retain","true"
"baseline","https://kujo.robertdevore.com/course/structured-outputs/","https://kujo.robertdevore.com/course/loop-engineering/","36 · Loop Engineering, specs, and stop conditions","HTML anchor","200","https://kujo.robertdevore.com/course/loop-engineering/","","reachable","","retain","true"
"baseline","https://kujo.robertdevore.com/course/structured-outputs/","https://kujo.robertdevore.com/course/evaluation/","37 · Evaluation independent of generation","HTML anchor","200","https://kujo.robertdevore.com/course/evaluation/","","reachable","","retain","true"
"baseline","https://kujo.robertdevore.com/course/structured-outputs/","https://kujo.robertdevore.com/course/evidence-and-handoffs/","38 · Evidence, run records, and work boundaries","HTML anchor","200","https://kujo.robertdevore.com/course/evidence-and-handoffs/","","reachable","","retain","true"
"baseline","https://kujo.robertdevore.com/course/structured-outputs/","https://kujo.robertdevore.com/course/isolation-and-observability/","39 · Isolation, observability, and watchdogs","HTML anchor","200","https://kujo.robertdevore.com/course/isolation-and-observability/","","reachable","","retain","true"
"baseline","https://kujo.robertdevore.com/course/structured-outputs/","https://kujo.robertdevore.com/course/mcp-interoperability/","40 · MCP and external tool interoperability","HTML anchor","200","https://kujo.robertdevore.com/course/mcp-interoperability/","","reachable","","retain","true"
"baseline","https://kujo.robertdevore.com/course/structured-outputs/","https://kujo.robertdevore.com/build-6/","◆ Stage build","HTML anchor","200","https://kujo.robertdevore.com/build-6/","","reachable","","retain","true"
"baseline","https://kujo.robertdevore.com/course/structured-outputs/","https://kujo.robertdevore.com/capstone/","◆ Final capstone","HTML anchor","200","https://kujo.robertdevore.com/capstone/","","reachable","","retain","true"
"baseline","https://kujo.robertdevore.com/course/structured-outputs/","https://kujo.robertdevore.com/course/","Full curriculum →","HTML anchor","200","https://kujo.robertdevore.com/course/","","reachable","","retain","true"
"baseline","https://kujo.robertdevore.com/course/structured-outputs/","https://kujo.robertdevore.com/examples/32.kujo","Download example","HTML anchor","200","https://kujo.robertdevore.com/examples/32.kujo","","reachable","","retain","true"
"baseline","https://kujo.robertdevore.com/course/structured-outputs/","https://kujo.robertdevore.com/course/streaming/","← Streaming and cancellation","HTML anchor","200","https://kujo.robertdevore.com/course/streaming/","","reachable","","retain","true"
"baseline","https://kujo.robertdevore.com/course/structured-outputs/","https://kujo.robertdevore.com/course/context-and-vectors/","Context budgets, embeddings, and vectors →","HTML anchor","200","https://kujo.robertdevore.com/course/context-and-vectors/","","reachable","","retain","true"
"baseline","https://kujo.robertdevore.com/course/structured-outputs/","https://kujo.robertdevore.com/","K_ KUJO COURSE","HTML anchor","200","https://kujo.robertdevore.com/","","reachable","","retain","true"
"baseline","https://kujo.robertdevore.com/course/structured-outputs/","https://kujo.robertdevore.com/about/","About","HTML anchor","200","https://kujo.robertdevore.com/about/","","reachable","","retain","true"
"baseline","https://kujo.robertdevore.com/course/structured-outputs/","https://kujo.robertdevore.com/sitemap.xml","Sitemap","HTML anchor","200","https://kujo.robertdevore.com/sitemap.xml","","reachable","","retain","true"
"baseline","https://kujo.robertdevore.com/course/context-and-vectors/","https://kujo.robertdevore.com/course/context-and-vectors/#main","Skip to content","HTML anchor","200","https://kujo.robertdevore.com/course/context-and-vectors/","","reachable","","retain","true"
"baseline","https://kujo.robertdevore.com/course/context-and-vectors/","https://kujo.robertdevore.com/","K_ KUJO THE COURSE","HTML anchor","200","https://kujo.robertdevore.com/","","reachable","","retain","true"
"baseline","https://kujo.robertdevore.com/course/context-and-vectors/","https://kujo.robertdevore.com/course/","Curriculum","HTML anchor","200","https://kujo.robertdevore.com/course/","","reachable","","retain","true"
"baseline","https://kujo.robertdevore.com/course/context-and-vectors/","https://kujo.robertdevore.com/explorer/","Examples","HTML anchor","200","https://kujo.robertdevore.com/explorer/","","reachable","","retain","true"
"baseline","https://kujo.robertdevore.com/course/context-and-vectors/","https://kujo.robertdevore.com/evidence/","Evidence","HTML anchor","200","https://kujo.robertdevore.com/evidence/","","reachable","","retain","true"
"baseline","https://kujo.robertdevore.com/course/context-and-vectors/","https://kujo.robertdevore.com/course/what-is-kujo/","01 · What Kujo is","HTML anchor","200","https://kujo.robertdevore.com/course/what-is-kujo/","","reachable","","retain","true"
"baseline","https://kujo.robertdevore.com/course/context-and-vectors/","https://kujo.robertdevore.com/course/setup-and-cli/","02 · Installation, CLI, and your first program","HTML anchor","200","https://kujo.robertdevore.com/course/setup-and-cli/","","reachable","","retain","true"
"baseline","https://kujo.robertdevore.com/course/context-and-vectors/","https://kujo.robertdevore.com/course/bindings-and-mutability/","03 · Bindings, values, and mutability","HTML anchor","200","https://kujo.robertdevore.com/course/bindings-and-mutability/","","reachable","","retain","true"
"baseline","https://kujo.robertdevore.com/course/context-and-vectors/","https://kujo.robertdevore.com/course/values-and-truthiness/","04 · Values, operators, and truthiness","HTML anchor","200","https://kujo.robertdevore.com/course/values-and-truthiness/","","reachable","","retain","true"
"baseline","https://kujo.robertdevore.com/course/context-and-vectors/","https://kujo.robertdevore.com/course/control-flow/","05 · Control flow and block scopes","HTML anchor","200","https://kujo.robertdevore.com/course/control-flow/","","reachable","","retain","true"
"baseline","https://kujo.robertdevore.com/course/context-and-vectors/","https://kujo.robertdevore.com/course/functions/","06 · Functions, callbacks, and return values","HTML anchor","200","https://kujo.robertdevore.com/course/functions/","","reachable","","retain","true"
"baseline","https://kujo.robertdevore.com/course/context-and-vectors/","https://kujo.robertdevore.com/course/collections-and-pipelines/","07 · Collections, pipes, and null handling","HTML anchor","200","https://kujo.robertdevore.com/course/collections-and-pipelines/","","reachable","","retain","true"
"baseline","https://kujo.robertdevore.com/course/context-and-vectors/","https://kujo.robertdevore.com/build-1/","◆ Stage build","HTML anchor","200","https://kujo.robertdevore.com/build-1/","","reachable","","retain","true"
"baseline","https://kujo.robertdevore.com/course/context-and-vectors/","https://kujo.robertdevore.com/course/scope-and-capture/","08 · Scope, shadowing, and capture","HTML anchor","200","https://kujo.robertdevore.com/course/scope-and-capture/","","reachable","","retain","true"
"baseline","https://kujo.robertdevore.com/course/context-and-vectors/","https://kujo.robertdevore.com/course/structs-and-enums/","09 · Structs and enums","HTML anchor","200","https://kujo.robertdevore.com/course/structs-and-enums/","","reachable","","retain","true"
"baseline","https://kujo.robertdevore.com/course/context-and-vectors/","https://kujo.robertdevore.com/course/match-result-option/","10 · Match, Result, and Option","HTML anchor","200","https://kujo.robertdevore.com/course/match-result-option/","","reachable","","retain","true"
"baseline","https://kujo.robertdevore.com/course/context-and-vectors/","https://kujo.robertdevore.com/course/exceptions/","11 · Exceptions and recoverable errors","HTML anchor","200","https://kujo.robertdevore.com/course/exceptions/","","reachable","","retain","true"
"baseline","https://kujo.robertdevore.com/course/context-and-vectors/","https://kujo.robertdevore.com/course/optional-typing/","12 · Optional typing without imaginary guarantees","HTML anchor","200","https://kujo.robertdevore.com/course/optional-typing/","","reachable","","retain","true"
"baseline","https://kujo.robertdevore.com/course/context-and-vectors/","https://kujo.robertdevore.com/course/async-and-await/","13 · Async functions and await","HTML anchor","200","https://kujo.robertdevore.com/course/async-and-await/","","reachable","","retain","true"
"baseline","https://kujo.robertdevore.com/course/context-and-vectors/","https://kujo.robertdevore.com/course/bounded-concurrency/","14 · Spawn and bounded concurrent work","HTML anchor","200","https://kujo.robertdevore.com/course/bounded-concurrency/","","reachable","","retain","true"
"baseline","https://kujo.robertdevore.com/course/context-and-vectors/","https://kujo.robertdevore.com/build-2/","◆ Stage build","HTML anchor","200","https://kujo.robertdevore.com/build-2/","","reachable","","retain","true"
"baseline","https://kujo.robertdevore.com/course/context-and-vectors/","https://kujo.robertdevore.com/course/modules/","15 · Modules and explicit exports","HTML anchor","200","https://kujo.robertdevore.com/course/modules/","","reachable","","retain","true"
"baseline","https://kujo.robertdevore.com/course/context-and-vectors/","https://kujo.robertdevore.com/course/projects-and-lockfiles/","16 · Projects, packages, and lockfiles","HTML anchor","200","https://kujo.robertdevore.com/course/projects-and-lockfiles/","","reachable","","retain","true"
"baseline","https://kujo.robertdevore.com/course/context-and-vectors/","https://kujo.robertdevore.com/course/standard-library/","17 · Finding the standard library contract","HTML anchor","200","https://kujo.robertdevore.com/course/standard-library/","","reachable","","retain","true"
"baseline","https://kujo.robertdevore.com/course/context-and-vectors/","https://kujo.robertdevore.com/course/testing/","18 · Testing, fixtures, and runtime evidence","HTML anchor","200","https://kujo.robertdevore.com/course/testing/","","reachable","","retain","true"
"baseline","https://kujo.robertdevore.com/course/context-and-vectors/","https://kujo.robertdevore.com/course/machine-contracts/","19 · Diagnostics and machine-readable interfaces","HTML anchor","200","https://kujo.robertdevore.com/course/machine-contracts/","","reachable","","retain","true"
"baseline","https://kujo.robertdevore.com/course/context-and-vectors/","https://kujo.robertdevore.com/course/documentation/","20 · Documentation as a build artifact","HTML anchor","200","https://kujo.robertdevore.com/course/documentation/","","reachable","","retain","true"
"baseline","https://kujo.robertdevore.com/course/context-and-vectors/","https://kujo.robertdevore.com/course/editor-and-lsp/","21 · Editor integration and the LSP boundary","HTML anchor","200","https://kujo.robertdevore.com/course/editor-and-lsp/","","reachable","","retain","true"
"baseline","https://kujo.robertdevore.com/course/context-and-vectors/","https://kujo.robertdevore.com/build-3/","◆ Stage build","HTML anchor","200","https://kujo.robertdevore.com/build-3/","","reachable","","retain","true"
"baseline","https://kujo.robertdevore.com/course/context-and-vectors/","https://kujo.robertdevore.com/course/filesystem/","22 · Filesystem automation with bounded paths","HTML anchor","200","https://kujo.robertdevore.com/course/filesystem/","","reachable","","retain","true"
"baseline","https://kujo.robertdevore.com/course/context-and-vectors/","https://kujo.robertdevore.com/course/processes/","23 · Processes without unnecessary shells","HTML anchor","200","https://kujo.robertdevore.com/course/processes/","","reachable","","retain","true"
"baseline","https://kujo.robertdevore.com/course/context-and-vectors/","https://kujo.robertdevore.com/course/http-and-networking/","24 · HTTP and network boundaries","HTML anchor","200","https://kujo.robertdevore.com/course/http-and-networking/","","reachable","","retain","true"
"baseline","https://kujo.robertdevore.com/course/context-and-vectors/","https://kujo.robertdevore.com/course/data-and-persistence/","25 · Structured data and local persistence","HTML anchor","200","https://kujo.robertdevore.com/course/data-and-persistence/","","reachable","","retain","true"
"baseline","https://kujo.robertdevore.com/course/context-and-vectors/","https://kujo.robertdevore.com/course/capability-security/","26 · Trusted execution and minimum authority","HTML anchor","200","https://kujo.robertdevore.com/course/capability-security/","","reachable","","retain","true"
"baseline","https://kujo.robertdevore.com/course/context-and-vectors/","https://kujo.robertdevore.com/course/secret-boundaries/","27 · Secrets, redaction, and endpoint policy","HTML anchor","200","https://kujo.robertdevore.com/course/secret-boundaries/","","reachable","","retain","true"
"baseline","https://kujo.robertdevore.com/course/context-and-vectors/","https://kujo.robertdevore.com/build-4/","◆ Stage build","HTML anchor","200","https://kujo.robertdevore.com/build-4/","","reachable","","retain","true"
"baseline","https://kujo.robertdevore.com/course/context-and-vectors/","https://kujo.robertdevore.com/course/ai-effects-and-messages/","28 · AI effects and portable messages","HTML anchor","200","https://kujo.robertdevore.com/course/ai-effects-and-messages/","","reachable","","retain","true"
"baseline","https://kujo.robertdevore.com/course/context-and-vectors/","https://kujo.robertdevore.com/course/request-identity/","29 · Deterministic request identity","HTML anchor","200","https://kujo.robertdevore.com/course/request-identity/","","reachable","","retain","true"
"baseline","https://kujo.robertdevore.com/course/context-and-vectors/","https://kujo.robertdevore.com/course/record-and-replay/","30 · Record, replay, and offline evidence","HTML anchor","200","https://kujo.robertdevore.com/course/record-and-replay/","","reachable","","retain","true"
"baseline","https://kujo.robertdevore.com/course/context-and-vectors/","https://kujo.robertdevore.com/course/streaming/","31 · Streaming and cancellation","HTML anchor","200","https://kujo.robertdevore.com/course/streaming/","","reachable","","retain","true"
"baseline","https://kujo.robertdevore.com/course/context-and-vectors/","https://kujo.robertdevore.com/course/structured-outputs/","32 · Structured outputs and schema validation","HTML anchor","200","https://kujo.robertdevore.com/course/structured-outputs/","","reachable","","retain","true"
"baseline","https://kujo.robertdevore.com/course/context-and-vectors/","https://kujo.robertdevore.com/course/context-and-vectors/","33 · Context budgets, embeddings, and vectors","HTML anchor","200","https://kujo.robertdevore.com/course/context-and-vectors/","","reachable","","retain","true"
"baseline","https://kujo.robertdevore.com/course/context-and-vectors/","https://kujo.robertdevore.com/course/tool-loops/","34 · Bounded AI tool loops","HTML anchor","200","https://kujo.robertdevore.com/course/tool-loops/","","reachable","","retain","true"
"baseline","https://kujo.robertdevore.com/course/context-and-vectors/","https://kujo.robertdevore.com/build-5/","◆ Stage build","HTML anchor","200","https://kujo.robertdevore.com/build-5/","","reachable","","retain","true"
"baseline","https://kujo.robertdevore.com/course/context-and-vectors/","https://kujo.robertdevore.com/course/mechanism-and-policy/","35 · Mechanism versus policy","HTML anchor","200","https://kujo.robertdevore.com/course/mechanism-and-policy/","","reachable","","retain","true"
"baseline","https://kujo.robertdevore.com/course/context-and-vectors/","https://kujo.robertdevore.com/course/loop-engineering/","36 · Loop Engineering, specs, and stop conditions","HTML anchor","200","https://kujo.robertdevore.com/course/loop-engineering/","","reachable","","retain","true"
"baseline","https://kujo.robertdevore.com/course/context-and-vectors/","https://kujo.robertdevore.com/course/evaluation/","37 · Evaluation independent of generation","HTML anchor","200","https://kujo.robertdevore.com/course/evaluation/","","reachable","","retain","true"
"baseline","https://kujo.robertdevore.com/course/context-and-vectors/","https://kujo.robertdevore.com/course/evidence-and-handoffs/","38 · Evidence, run records, and work boundaries","HTML anchor","200","https://kujo.robertdevore.com/course/evidence-and-handoffs/","","reachable","","retain","true"
"baseline","https://kujo.robertdevore.com/course/context-and-vectors/","https://kujo.robertdevore.com/course/isolation-and-observability/","39 · Isolation, observability, and watchdogs","HTML anchor","200","https://kujo.robertdevore.com/course/isolation-and-observability/","","reachable","","retain","true"
"baseline","https://kujo.robertdevore.com/course/context-and-vectors/","https://kujo.robertdevore.com/course/mcp-interoperability/","40 · MCP and external tool interoperability","HTML anchor","200","https://kujo.robertdevore.com/course/mcp-interoperability/","","reachable","","retain","true"
"baseline","https://kujo.robertdevore.com/course/context-and-vectors/","https://kujo.robertdevore.com/build-6/","◆ Stage build","HTML anchor","200","https://kujo.robertdevore.com/build-6/","","reachable","","retain","true"
"baseline","https://kujo.robertdevore.com/course/context-and-vectors/","https://kujo.robertdevore.com/capstone/","◆ Final capstone","HTML anchor","200","https://kujo.robertdevore.com/capstone/","","reachable","","retain","true"
"baseline","https://kujo.robertdevore.com/course/context-and-vectors/","https://kujo.robertdevore.com/course/","Full curriculum →","HTML anchor","200","https://kujo.robertdevore.com/course/","","reachable","","retain","true"
"baseline","https://kujo.robertdevore.com/course/context-and-vectors/","https://kujo.robertdevore.com/examples/33.kujo","Download example","HTML anchor","200","https://kujo.robertdevore.com/examples/33.kujo","","reachable","","retain","true"
"baseline","https://kujo.robertdevore.com/course/context-and-vectors/","https://kujo.robertdevore.com/course/structured-outputs/","← Structured outputs and schema validation","HTML anchor","200","https://kujo.robertdevore.com/course/structured-outputs/","","reachable","","retain","true"
"baseline","https://kujo.robertdevore.com/course/context-and-vectors/","https://kujo.robertdevore.com/course/tool-loops/","Bounded AI tool loops →","HTML anchor","200","https://kujo.robertdevore.com/course/tool-loops/","","reachable","","retain","true"
"baseline","https://kujo.robertdevore.com/course/context-and-vectors/","https://kujo.robertdevore.com/","K_ KUJO COURSE","HTML anchor","200","https://kujo.robertdevore.com/","","reachable","","retain","true"
"baseline","https://kujo.robertdevore.com/course/context-and-vectors/","https://kujo.robertdevore.com/about/","About","HTML anchor","200","https://kujo.robertdevore.com/about/","","reachable","","retain","true"
"baseline","https://kujo.robertdevore.com/course/context-and-vectors/","https://kujo.robertdevore.com/sitemap.xml","Sitemap","HTML anchor","200","https://kujo.robertdevore.com/sitemap.xml","","reachable","","retain","true"
"baseline","https://kujo.robertdevore.com/course/tool-loops/","https://kujo.robertdevore.com/course/tool-loops/#main","Skip to content","HTML anchor","200","https://kujo.robertdevore.com/course/tool-loops/","","reachable","","retain","true"
"baseline","https://kujo.robertdevore.com/course/tool-loops/","https://kujo.robertdevore.com/","K_ KUJO THE COURSE","HTML anchor","200","https://kujo.robertdevore.com/","","reachable","","retain","true"
"baseline","https://kujo.robertdevore.com/course/tool-loops/","https://kujo.robertdevore.com/course/","Curriculum","HTML anchor","200","https://kujo.robertdevore.com/course/","","reachable","","retain","true"
"baseline","https://kujo.robertdevore.com/course/tool-loops/","https://kujo.robertdevore.com/explorer/","Examples","HTML anchor","200","https://kujo.robertdevore.com/explorer/","","reachable","","retain","true"
"baseline","https://kujo.robertdevore.com/course/tool-loops/","https://kujo.robertdevore.com/evidence/","Evidence","HTML anchor","200","https://kujo.robertdevore.com/evidence/","","reachable","","retain","true"
"baseline","https://kujo.robertdevore.com/course/tool-loops/","https://kujo.robertdevore.com/course/what-is-kujo/","01 · What Kujo is","HTML anchor","200","https://kujo.robertdevore.com/course/what-is-kujo/","","reachable","","retain","true"
"baseline","https://kujo.robertdevore.com/course/tool-loops/","https://kujo.robertdevore.com/course/setup-and-cli/","02 · Installation, CLI, and your first program","HTML anchor","200","https://kujo.robertdevore.com/course/setup-and-cli/","","reachable","","retain","true"
"baseline","https://kujo.robertdevore.com/course/tool-loops/","https://kujo.robertdevore.com/course/bindings-and-mutability/","03 · Bindings, values, and mutability","HTML anchor","200","https://kujo.robertdevore.com/course/bindings-and-mutability/","","reachable","","retain","true"
"baseline","https://kujo.robertdevore.com/course/tool-loops/","https://kujo.robertdevore.com/course/values-and-truthiness/","04 · Values, operators, and truthiness","HTML anchor","200","https://kujo.robertdevore.com/course/values-and-truthiness/","","reachable","","retain","true"
"baseline","https://kujo.robertdevore.com/course/tool-loops/","https://kujo.robertdevore.com/course/control-flow/","05 · Control flow and block scopes","HTML anchor","200","https://kujo.robertdevore.com/course/control-flow/","","reachable","","retain","true"
"baseline","https://kujo.robertdevore.com/course/tool-loops/","https://kujo.robertdevore.com/course/functions/","06 · Functions, callbacks, and return values","HTML anchor","200","https://kujo.robertdevore.com/course/functions/","","reachable","","retain","true"
"baseline","https://kujo.robertdevore.com/course/tool-loops/","https://kujo.robertdevore.com/course/collections-and-pipelines/","07 · Collections, pipes, and null handling","HTML anchor","200","https://kujo.robertdevore.com/course/collections-and-pipelines/","","reachable","","retain","true"
"baseline","https://kujo.robertdevore.com/course/tool-loops/","https://kujo.robertdevore.com/build-1/","◆ Stage build","HTML anchor","200","https://kujo.robertdevore.com/build-1/","","reachable","","retain","true"
"baseline","https://kujo.robertdevore.com/course/tool-loops/","https://kujo.robertdevore.com/course/scope-and-capture/","08 · Scope, shadowing, and capture","HTML anchor","200","https://kujo.robertdevore.com/course/scope-and-capture/","","reachable","","retain","true"
"baseline","https://kujo.robertdevore.com/course/tool-loops/","https://kujo.robertdevore.com/course/structs-and-enums/","09 · Structs and enums","HTML anchor","200","https://kujo.robertdevore.com/course/structs-and-enums/","","reachable","","retain","true"
"baseline","https://kujo.robertdevore.com/course/tool-loops/","https://kujo.robertdevore.com/course/match-result-option/","10 · Match, Result, and Option","HTML anchor","200","https://kujo.robertdevore.com/course/match-result-option/","","reachable","","retain","true"
"baseline","https://kujo.robertdevore.com/course/tool-loops/","https://kujo.robertdevore.com/course/exceptions/","11 · Exceptions and recoverable errors","HTML anchor","200","https://kujo.robertdevore.com/course/exceptions/","","reachable","","retain","true"
"baseline","https://kujo.robertdevore.com/course/tool-loops/","https://kujo.robertdevore.com/course/optional-typing/","12 · Optional typing without imaginary guarantees","HTML anchor","200","https://kujo.robertdevore.com/course/optional-typing/","","reachable","","retain","true"
"baseline","https://kujo.robertdevore.com/course/tool-loops/","https://kujo.robertdevore.com/course/async-and-await/","13 · Async functions and await","HTML anchor","200","https://kujo.robertdevore.com/course/async-and-await/","","reachable","","retain","true"
"baseline","https://kujo.robertdevore.com/course/tool-loops/","https://kujo.robertdevore.com/course/bounded-concurrency/","14 · Spawn and bounded concurrent work","HTML anchor","200","https://kujo.robertdevore.com/course/bounded-concurrency/","","reachable","","retain","true"
"baseline","https://kujo.robertdevore.com/course/tool-loops/","https://kujo.robertdevore.com/build-2/","◆ Stage build","HTML anchor","200","https://kujo.robertdevore.com/build-2/","","reachable","","retain","true"
"baseline","https://kujo.robertdevore.com/course/tool-loops/","https://kujo.robertdevore.com/course/modules/","15 · Modules and explicit exports","HTML anchor","200","https://kujo.robertdevore.com/course/modules/","","reachable","","retain","true"
"baseline","https://kujo.robertdevore.com/course/tool-loops/","https://kujo.robertdevore.com/course/projects-and-lockfiles/","16 · Projects, packages, and lockfiles","HTML anchor","200","https://kujo.robertdevore.com/course/projects-and-lockfiles/","","reachable","","retain","true"
"baseline","https://kujo.robertdevore.com/course/tool-loops/","https://kujo.robertdevore.com/course/standard-library/","17 · Finding the standard library contract","HTML anchor","200","https://kujo.robertdevore.com/course/standard-library/","","reachable","","retain","true"
"baseline","https://kujo.robertdevore.com/course/tool-loops/","https://kujo.robertdevore.com/course/testing/","18 · Testing, fixtures, and runtime evidence","HTML anchor","200","https://kujo.robertdevore.com/course/testing/","","reachable","","retain","true"
"baseline","https://kujo.robertdevore.com/course/tool-loops/","https://kujo.robertdevore.com/course/machine-contracts/","19 · Diagnostics and machine-readable interfaces","HTML anchor","200","https://kujo.robertdevore.com/course/machine-contracts/","","reachable","","retain","true"
"baseline","https://kujo.robertdevore.com/course/tool-loops/","https://kujo.robertdevore.com/course/documentation/","20 · Documentation as a build artifact","HTML anchor","200","https://kujo.robertdevore.com/course/documentation/","","reachable","","retain","true"
"baseline","https://kujo.robertdevore.com/course/tool-loops/","https://kujo.robertdevore.com/course/editor-and-lsp/","21 · Editor integration and the LSP boundary","HTML anchor","200","https://kujo.robertdevore.com/course/editor-and-lsp/","","reachable","","retain","true"
"baseline","https://kujo.robertdevore.com/course/tool-loops/","https://kujo.robertdevore.com/build-3/","◆ Stage build","HTML anchor","200","https://kujo.robertdevore.com/build-3/","","reachable","","retain","true"
"baseline","https://kujo.robertdevore.com/course/tool-loops/","https://kujo.robertdevore.com/course/filesystem/","22 · Filesystem automation with bounded paths","HTML anchor","200","https://kujo.robertdevore.com/course/filesystem/","","reachable","","retain","true"
"baseline","https://kujo.robertdevore.com/course/tool-loops/","https://kujo.robertdevore.com/course/processes/","23 · Processes without unnecessary shells","HTML anchor","200","https://kujo.robertdevore.com/course/processes/","","reachable","","retain","true"
"baseline","https://kujo.robertdevore.com/course/tool-loops/","https://kujo.robertdevore.com/course/http-and-networking/","24 · HTTP and network boundaries","HTML anchor","200","https://kujo.robertdevore.com/course/http-and-networking/","","reachable","","retain","true"
"baseline","https://kujo.robertdevore.com/course/tool-loops/","https://kujo.robertdevore.com/course/data-and-persistence/","25 · Structured data and local persistence","HTML anchor","200","https://kujo.robertdevore.com/course/data-and-persistence/","","reachable","","retain","true"
"baseline","https://kujo.robertdevore.com/course/tool-loops/","https://kujo.robertdevore.com/course/capability-security/","26 · Trusted execution and minimum authority","HTML anchor","200","https://kujo.robertdevore.com/course/capability-security/","","reachable","","retain","true"
"baseline","https://kujo.robertdevore.com/course/tool-loops/","https://kujo.robertdevore.com/course/secret-boundaries/","27 · Secrets, redaction, and endpoint policy","HTML anchor","200","https://kujo.robertdevore.com/course/secret-boundaries/","","reachable","","retain","true"
"baseline","https://kujo.robertdevore.com/course/tool-loops/","https://kujo.robertdevore.com/build-4/","◆ Stage build","HTML anchor","200","https://kujo.robertdevore.com/build-4/","","reachable","","retain","true"
"baseline","https://kujo.robertdevore.com/course/tool-loops/","https://kujo.robertdevore.com/course/ai-effects-and-messages/","28 · AI effects and portable messages","HTML anchor","200","https://kujo.robertdevore.com/course/ai-effects-and-messages/","","reachable","","retain","true"
"baseline","https://kujo.robertdevore.com/course/tool-loops/","https://kujo.robertdevore.com/course/request-identity/","29 · Deterministic request identity","HTML anchor","200","https://kujo.robertdevore.com/course/request-identity/","","reachable","","retain","true"
"baseline","https://kujo.robertdevore.com/course/tool-loops/","https://kujo.robertdevore.com/course/record-and-replay/","30 · Record, replay, and offline evidence","HTML anchor","200","https://kujo.robertdevore.com/course/record-and-replay/","","reachable","","retain","true"
"baseline","https://kujo.robertdevore.com/course/tool-loops/","https://kujo.robertdevore.com/course/streaming/","31 · Streaming and cancellation","HTML anchor","200","https://kujo.robertdevore.com/course/streaming/","","reachable","","retain","true"
"baseline","https://kujo.robertdevore.com/course/tool-loops/","https://kujo.robertdevore.com/course/structured-outputs/","32 · Structured outputs and schema validation","HTML anchor","200","https://kujo.robertdevore.com/course/structured-outputs/","","reachable","","retain","true"
"baseline","https://kujo.robertdevore.com/course/tool-loops/","https://kujo.robertdevore.com/course/context-and-vectors/","33 · Context budgets, embeddings, and vectors","HTML anchor","200","https://kujo.robertdevore.com/course/context-and-vectors/","","reachable","","retain","true"
"baseline","https://kujo.robertdevore.com/course/tool-loops/","https://kujo.robertdevore.com/course/tool-loops/","34 · Bounded AI tool loops","HTML anchor","200","https://kujo.robertdevore.com/course/tool-loops/","","reachable","","retain","true"
"baseline","https://kujo.robertdevore.com/course/tool-loops/","https://kujo.robertdevore.com/build-5/","◆ Stage build","HTML anchor","200","https://kujo.robertdevore.com/build-5/","","reachable","","retain","true"
"baseline","https://kujo.robertdevore.com/course/tool-loops/","https://kujo.robertdevore.com/course/mechanism-and-policy/","35 · Mechanism versus policy","HTML anchor","200","https://kujo.robertdevore.com/course/mechanism-and-policy/","","reachable","","retain","true"
"baseline","https://kujo.robertdevore.com/course/tool-loops/","https://kujo.robertdevore.com/course/loop-engineering/","36 · Loop Engineering, specs, and stop conditions","HTML anchor","200","https://kujo.robertdevore.com/course/loop-engineering/","","reachable","","retain","true"
"baseline","https://kujo.robertdevore.com/course/tool-loops/","https://kujo.robertdevore.com/course/evaluation/","37 · Evaluation independent of generation","HTML anchor","200","https://kujo.robertdevore.com/course/evaluation/","","reachable","","retain","true"
"baseline","https://kujo.robertdevore.com/course/tool-loops/","https://kujo.robertdevore.com/course/evidence-and-handoffs/","38 · Evidence, run records, and work boundaries","HTML anchor","200","https://kujo.robertdevore.com/course/evidence-and-handoffs/","","reachable","","retain","true"
"baseline","https://kujo.robertdevore.com/course/tool-loops/","https://kujo.robertdevore.com/course/isolation-and-observability/","39 · Isolation, observability, and watchdogs","HTML anchor","200","https://kujo.robertdevore.com/course/isolation-and-observability/","","reachable","","retain","true"
"baseline","https://kujo.robertdevore.com/course/tool-loops/","https://kujo.robertdevore.com/course/mcp-interoperability/","40 · MCP and external tool interoperability","HTML anchor","200","https://kujo.robertdevore.com/course/mcp-interoperability/","","reachable","","retain","true"
"baseline","https://kujo.robertdevore.com/course/tool-loops/","https://kujo.robertdevore.com/build-6/","◆ Stage build","HTML anchor","200","https://kujo.robertdevore.com/build-6/","","reachable","","retain","true"
"baseline","https://kujo.robertdevore.com/course/tool-loops/","https://kujo.robertdevore.com/capstone/","◆ Final capstone","HTML anchor","200","https://kujo.robertdevore.com/capstone/","","reachable","","retain","true"
"baseline","https://kujo.robertdevore.com/course/tool-loops/","https://kujo.robertdevore.com/course/","Full curriculum →","HTML anchor","200","https://kujo.robertdevore.com/course/","","reachable","","retain","true"
"baseline","https://kujo.robertdevore.com/course/tool-loops/","https://kujo.robertdevore.com/examples/34.kujo","Download example","HTML anchor","200","https://kujo.robertdevore.com/examples/34.kujo","","reachable","","retain","true"
"baseline","https://kujo.robertdevore.com/course/tool-loops/","https://kujo.robertdevore.com/course/context-and-vectors/","← Context budgets, embeddings, and vectors","HTML anchor","200","https://kujo.robertdevore.com/course/context-and-vectors/","","reachable","","retain","true"
"baseline","https://kujo.robertdevore.com/course/tool-loops/","https://kujo.robertdevore.com/course/mechanism-and-policy/","Mechanism versus policy →","HTML anchor","200","https://kujo.robertdevore.com/course/mechanism-and-policy/","","reachable","","retain","true"
"baseline","https://kujo.robertdevore.com/course/tool-loops/","https://kujo.robertdevore.com/build-5/","Complete this stage’s build →","HTML anchor","200","https://kujo.robertdevore.com/build-5/","","reachable","","retain","true"
"baseline","https://kujo.robertdevore.com/course/tool-loops/","https://kujo.robertdevore.com/","K_ KUJO COURSE","HTML anchor","200","https://kujo.robertdevore.com/","","reachable","","retain","true"
"baseline","https://kujo.robertdevore.com/course/tool-loops/","https://kujo.robertdevore.com/about/","About","HTML anchor","200","https://kujo.robertdevore.com/about/","","reachable","","retain","true"
"baseline","https://kujo.robertdevore.com/course/tool-loops/","https://kujo.robertdevore.com/sitemap.xml","Sitemap","HTML anchor","200","https://kujo.robertdevore.com/sitemap.xml","","reachable","","retain","true"
"baseline","https://kujo.robertdevore.com/course/mechanism-and-policy/","https://kujo.robertdevore.com/course/mechanism-and-policy/#main","Skip to content","HTML anchor","200","https://kujo.robertdevore.com/course/mechanism-and-policy/","","reachable","","retain","true"
"baseline","https://kujo.robertdevore.com/course/mechanism-and-policy/","https://kujo.robertdevore.com/","K_ KUJO THE COURSE","HTML anchor","200","https://kujo.robertdevore.com/","","reachable","","retain","true"
"baseline","https://kujo.robertdevore.com/course/mechanism-and-policy/","https://kujo.robertdevore.com/course/","Curriculum","HTML anchor","200","https://kujo.robertdevore.com/course/","","reachable","","retain","true"
"baseline","https://kujo.robertdevore.com/course/mechanism-and-policy/","https://kujo.robertdevore.com/explorer/","Examples","HTML anchor","200","https://kujo.robertdevore.com/explorer/","","reachable","","retain","true"
"baseline","https://kujo.robertdevore.com/course/mechanism-and-policy/","https://kujo.robertdevore.com/evidence/","Evidence","HTML anchor","200","https://kujo.robertdevore.com/evidence/","","reachable","","retain","true"
"baseline","https://kujo.robertdevore.com/course/mechanism-and-policy/","https://kujo.robertdevore.com/course/what-is-kujo/","01 · What Kujo is","HTML anchor","200","https://kujo.robertdevore.com/course/what-is-kujo/","","reachable","","retain","true"
"baseline","https://kujo.robertdevore.com/course/mechanism-and-policy/","https://kujo.robertdevore.com/course/setup-and-cli/","02 · Installation, CLI, and your first program","HTML anchor","200","https://kujo.robertdevore.com/course/setup-and-cli/","","reachable","","retain","true"
"baseline","https://kujo.robertdevore.com/course/mechanism-and-policy/","https://kujo.robertdevore.com/course/bindings-and-mutability/","03 · Bindings, values, and mutability","HTML anchor","200","https://kujo.robertdevore.com/course/bindings-and-mutability/","","reachable","","retain","true"
"baseline","https://kujo.robertdevore.com/course/mechanism-and-policy/","https://kujo.robertdevore.com/course/values-and-truthiness/","04 · Values, operators, and truthiness","HTML anchor","200","https://kujo.robertdevore.com/course/values-and-truthiness/","","reachable","","retain","true"
"baseline","https://kujo.robertdevore.com/course/mechanism-and-policy/","https://kujo.robertdevore.com/course/control-flow/","05 · Control flow and block scopes","HTML anchor","200","https://kujo.robertdevore.com/course/control-flow/","","reachable","","retain","true"
"baseline","https://kujo.robertdevore.com/course/mechanism-and-policy/","https://kujo.robertdevore.com/course/functions/","06 · Functions, callbacks, and return values","HTML anchor","200","https://kujo.robertdevore.com/course/functions/","","reachable","","retain","true"
"baseline","https://kujo.robertdevore.com/course/mechanism-and-policy/","https://kujo.robertdevore.com/course/collections-and-pipelines/","07 · Collections, pipes, and null handling","HTML anchor","200","https://kujo.robertdevore.com/course/collections-and-pipelines/","","reachable","","retain","true"
"baseline","https://kujo.robertdevore.com/course/mechanism-and-policy/","https://kujo.robertdevore.com/build-1/","◆ Stage build","HTML anchor","200","https://kujo.robertdevore.com/build-1/","","reachable","","retain","true"
"baseline","https://kujo.robertdevore.com/course/mechanism-and-policy/","https://kujo.robertdevore.com/course/scope-and-capture/","08 · Scope, shadowing, and capture","HTML anchor","200","https://kujo.robertdevore.com/course/scope-and-capture/","","reachable","","retain","true"
"baseline","https://kujo.robertdevore.com/course/mechanism-and-policy/","https://kujo.robertdevore.com/course/structs-and-enums/","09 · Structs and enums","HTML anchor","200","https://kujo.robertdevore.com/course/structs-and-enums/","","reachable","","retain","true"
"baseline","https://kujo.robertdevore.com/course/mechanism-and-policy/","https://kujo.robertdevore.com/course/match-result-option/","10 · Match, Result, and Option","HTML anchor","200","https://kujo.robertdevore.com/course/match-result-option/","","reachable","","retain","true"
"baseline","https://kujo.robertdevore.com/course/mechanism-and-policy/","https://kujo.robertdevore.com/course/exceptions/","11 · Exceptions and recoverable errors","HTML anchor","200","https://kujo.robertdevore.com/course/exceptions/","","reachable","","retain","true"
"baseline","https://kujo.robertdevore.com/course/mechanism-and-policy/","https://kujo.robertdevore.com/course/optional-typing/","12 · Optional typing without imaginary guarantees","HTML anchor","200","https://kujo.robertdevore.com/course/optional-typing/","","reachable","","retain","true"
"baseline","https://kujo.robertdevore.com/course/mechanism-and-policy/","https://kujo.robertdevore.com/course/async-and-await/","13 · Async functions and await","HTML anchor","200","https://kujo.robertdevore.com/course/async-and-await/","","reachable","","retain","true"
"baseline","https://kujo.robertdevore.com/course/mechanism-and-policy/","https://kujo.robertdevore.com/course/bounded-concurrency/","14 · Spawn and bounded concurrent work","HTML anchor","200","https://kujo.robertdevore.com/course/bounded-concurrency/","","reachable","","retain","true"
"baseline","https://kujo.robertdevore.com/course/mechanism-and-policy/","https://kujo.robertdevore.com/build-2/","◆ Stage build","HTML anchor","200","https://kujo.robertdevore.com/build-2/","","reachable","","retain","true"
"baseline","https://kujo.robertdevore.com/course/mechanism-and-policy/","https://kujo.robertdevore.com/course/modules/","15 · Modules and explicit exports","HTML anchor","200","https://kujo.robertdevore.com/course/modules/","","reachable","","retain","true"
"baseline","https://kujo.robertdevore.com/course/mechanism-and-policy/","https://kujo.robertdevore.com/course/projects-and-lockfiles/","16 · Projects, packages, and lockfiles","HTML anchor","200","https://kujo.robertdevore.com/course/projects-and-lockfiles/","","reachable","","retain","true"
"baseline","https://kujo.robertdevore.com/course/mechanism-and-policy/","https://kujo.robertdevore.com/course/standard-library/","17 · Finding the standard library contract","HTML anchor","200","https://kujo.robertdevore.com/course/standard-library/","","reachable","","retain","true"
"baseline","https://kujo.robertdevore.com/course/mechanism-and-policy/","https://kujo.robertdevore.com/course/testing/","18 · Testing, fixtures, and runtime evidence","HTML anchor","200","https://kujo.robertdevore.com/course/testing/","","reachable","","retain","true"
"baseline","https://kujo.robertdevore.com/course/mechanism-and-policy/","https://kujo.robertdevore.com/course/machine-contracts/","19 · Diagnostics and machine-readable interfaces","HTML anchor","200","https://kujo.robertdevore.com/course/machine-contracts/","","reachable","","retain","true"
"baseline","https://kujo.robertdevore.com/course/mechanism-and-policy/","https://kujo.robertdevore.com/course/documentation/","20 · Documentation as a build artifact","HTML anchor","200","https://kujo.robertdevore.com/course/documentation/","","reachable","","retain","true"
"baseline","https://kujo.robertdevore.com/course/mechanism-and-policy/","https://kujo.robertdevore.com/course/editor-and-lsp/","21 · Editor integration and the LSP boundary","HTML anchor","200","https://kujo.robertdevore.com/course/editor-and-lsp/","","reachable","","retain","true"
"baseline","https://kujo.robertdevore.com/course/mechanism-and-policy/","https://kujo.robertdevore.com/build-3/","◆ Stage build","HTML anchor","200","https://kujo.robertdevore.com/build-3/","","reachable","","retain","true"
"baseline","https://kujo.robertdevore.com/course/mechanism-and-policy/","https://kujo.robertdevore.com/course/filesystem/","22 · Filesystem automation with bounded paths","HTML anchor","200","https://kujo.robertdevore.com/course/filesystem/","","reachable","","retain","true"
"baseline","https://kujo.robertdevore.com/course/mechanism-and-policy/","https://kujo.robertdevore.com/course/processes/","23 · Processes without unnecessary shells","HTML anchor","200","https://kujo.robertdevore.com/course/processes/","","reachable","","retain","true"
"baseline","https://kujo.robertdevore.com/course/mechanism-and-policy/","https://kujo.robertdevore.com/course/http-and-networking/","24 · HTTP and network boundaries","HTML anchor","200","https://kujo.robertdevore.com/course/http-and-networking/","","reachable","","retain","true"
"baseline","https://kujo.robertdevore.com/course/mechanism-and-policy/","https://kujo.robertdevore.com/course/data-and-persistence/","25 · Structured data and local persistence","HTML anchor","200","https://kujo.robertdevore.com/course/data-and-persistence/","","reachable","","retain","true"
"baseline","https://kujo.robertdevore.com/course/mechanism-and-policy/","https://kujo.robertdevore.com/course/capability-security/","26 · Trusted execution and minimum authority","HTML anchor","200","https://kujo.robertdevore.com/course/capability-security/","","reachable","","retain","true"
"baseline","https://kujo.robertdevore.com/course/mechanism-and-policy/","https://kujo.robertdevore.com/course/secret-boundaries/","27 · Secrets, redaction, and endpoint policy","HTML anchor","200","https://kujo.robertdevore.com/course/secret-boundaries/","","reachable","","retain","true"
"baseline","https://kujo.robertdevore.com/course/mechanism-and-policy/","https://kujo.robertdevore.com/build-4/","◆ Stage build","HTML anchor","200","https://kujo.robertdevore.com/build-4/","","reachable","","retain","true"
"baseline","https://kujo.robertdevore.com/course/mechanism-and-policy/","https://kujo.robertdevore.com/course/ai-effects-and-messages/","28 · AI effects and portable messages","HTML anchor","200","https://kujo.robertdevore.com/course/ai-effects-and-messages/","","reachable","","retain","true"
"baseline","https://kujo.robertdevore.com/course/mechanism-and-policy/","https://kujo.robertdevore.com/course/request-identity/","29 · Deterministic request identity","HTML anchor","200","https://kujo.robertdevore.com/course/request-identity/","","reachable","","retain","true"
"baseline","https://kujo.robertdevore.com/course/mechanism-and-policy/","https://kujo.robertdevore.com/course/record-and-replay/","30 · Record, replay, and offline evidence","HTML anchor","200","https://kujo.robertdevore.com/course/record-and-replay/","","reachable","","retain","true"
"baseline","https://kujo.robertdevore.com/course/mechanism-and-policy/","https://kujo.robertdevore.com/course/streaming/","31 · Streaming and cancellation","HTML anchor","200","https://kujo.robertdevore.com/course/streaming/","","reachable","","retain","true"
"baseline","https://kujo.robertdevore.com/course/mechanism-and-policy/","https://kujo.robertdevore.com/course/structured-outputs/","32 · Structured outputs and schema validation","HTML anchor","200","https://kujo.robertdevore.com/course/structured-outputs/","","reachable","","retain","true"
"baseline","https://kujo.robertdevore.com/course/mechanism-and-policy/","https://kujo.robertdevore.com/course/context-and-vectors/","33 · Context budgets, embeddings, and vectors","HTML anchor","200","https://kujo.robertdevore.com/course/context-and-vectors/","","reachable","","retain","true"
"baseline","https://kujo.robertdevore.com/course/mechanism-and-policy/","https://kujo.robertdevore.com/course/tool-loops/","34 · Bounded AI tool loops","HTML anchor","200","https://kujo.robertdevore.com/course/tool-loops/","","reachable","","retain","true"
"baseline","https://kujo.robertdevore.com/course/mechanism-and-policy/","https://kujo.robertdevore.com/build-5/","◆ Stage build","HTML anchor","200","https://kujo.robertdevore.com/build-5/","","reachable","","retain","true"
"baseline","https://kujo.robertdevore.com/course/mechanism-and-policy/","https://kujo.robertdevore.com/course/mechanism-and-policy/","35 · Mechanism versus policy","HTML anchor","200","https://kujo.robertdevore.com/course/mechanism-and-policy/","","reachable","","retain","true"
"baseline","https://kujo.robertdevore.com/course/mechanism-and-policy/","https://kujo.robertdevore.com/course/loop-engineering/","36 · Loop Engineering, specs, and stop conditions","HTML anchor","200","https://kujo.robertdevore.com/course/loop-engineering/","","reachable","","retain","true"
"baseline","https://kujo.robertdevore.com/course/mechanism-and-policy/","https://kujo.robertdevore.com/course/evaluation/","37 · Evaluation independent of generation","HTML anchor","200","https://kujo.robertdevore.com/course/evaluation/","","reachable","","retain","true"
"baseline","https://kujo.robertdevore.com/course/mechanism-and-policy/","https://kujo.robertdevore.com/course/evidence-and-handoffs/","38 · Evidence, run records, and work boundaries","HTML anchor","200","https://kujo.robertdevore.com/course/evidence-and-handoffs/","","reachable","","retain","true"
"baseline","https://kujo.robertdevore.com/course/mechanism-and-policy/","https://kujo.robertdevore.com/course/isolation-and-observability/","39 · Isolation, observability, and watchdogs","HTML anchor","200","https://kujo.robertdevore.com/course/isolation-and-observability/","","reachable","","retain","true"
"baseline","https://kujo.robertdevore.com/course/mechanism-and-policy/","https://kujo.robertdevore.com/course/mcp-interoperability/","40 · MCP and external tool interoperability","HTML anchor","200","https://kujo.robertdevore.com/course/mcp-interoperability/","","reachable","","retain","true"
"baseline","https://kujo.robertdevore.com/course/mechanism-and-policy/","https://kujo.robertdevore.com/build-6/","◆ Stage build","HTML anchor","200","https://kujo.robertdevore.com/build-6/","","reachable","","retain","true"
"baseline","https://kujo.robertdevore.com/course/mechanism-and-policy/","https://kujo.robertdevore.com/capstone/","◆ Final capstone","HTML anchor","200","https://kujo.robertdevore.com/capstone/","","reachable","","retain","true"
"baseline","https://kujo.robertdevore.com/course/mechanism-and-policy/","https://kujo.robertdevore.com/course/","Full curriculum →","HTML anchor","200","https://kujo.robertdevore.com/course/","","reachable","","retain","true"
"baseline","https://kujo.robertdevore.com/course/mechanism-and-policy/","https://kujo.robertdevore.com/examples/35.kujo","Download example","HTML anchor","200","https://kujo.robertdevore.com/examples/35.kujo","","reachable","","retain","true"
"baseline","https://kujo.robertdevore.com/course/mechanism-and-policy/","https://kujo.robertdevore.com/course/tool-loops/","← Bounded AI tool loops","HTML anchor","200","https://kujo.robertdevore.com/course/tool-loops/","","reachable","","retain","true"
"baseline","https://kujo.robertdevore.com/course/mechanism-and-policy/","https://kujo.robertdevore.com/course/loop-engineering/","Loop Engineering, specs, and stop conditions →","HTML anchor","200","https://kujo.robertdevore.com/course/loop-engineering/","","reachable","","retain","true"
"baseline","https://kujo.robertdevore.com/course/mechanism-and-policy/","https://kujo.robertdevore.com/","K_ KUJO COURSE","HTML anchor","200","https://kujo.robertdevore.com/","","reachable","","retain","true"
"baseline","https://kujo.robertdevore.com/course/mechanism-and-policy/","https://kujo.robertdevore.com/about/","About","HTML anchor","200","https://kujo.robertdevore.com/about/","","reachable","","retain","true"
"baseline","https://kujo.robertdevore.com/course/mechanism-and-policy/","https://kujo.robertdevore.com/sitemap.xml","Sitemap","HTML anchor","200","https://kujo.robertdevore.com/sitemap.xml","","reachable","","retain","true"
"baseline","https://kujo.robertdevore.com/course/loop-engineering/","https://kujo.robertdevore.com/course/loop-engineering/#main","Skip to content","HTML anchor","200","https://kujo.robertdevore.com/course/loop-engineering/","","reachable","","retain","true"
"baseline","https://kujo.robertdevore.com/course/loop-engineering/","https://kujo.robertdevore.com/","K_ KUJO THE COURSE","HTML anchor","200","https://kujo.robertdevore.com/","","reachable","","retain","true"
"baseline","https://kujo.robertdevore.com/course/loop-engineering/","https://kujo.robertdevore.com/course/","Curriculum","HTML anchor","200","https://kujo.robertdevore.com/course/","","reachable","","retain","true"
"baseline","https://kujo.robertdevore.com/course/loop-engineering/","https://kujo.robertdevore.com/explorer/","Examples","HTML anchor","200","https://kujo.robertdevore.com/explorer/","","reachable","","retain","true"
"baseline","https://kujo.robertdevore.com/course/loop-engineering/","https://kujo.robertdevore.com/evidence/","Evidence","HTML anchor","200","https://kujo.robertdevore.com/evidence/","","reachable","","retain","true"
"baseline","https://kujo.robertdevore.com/course/loop-engineering/","https://kujo.robertdevore.com/course/what-is-kujo/","01 · What Kujo is","HTML anchor","200","https://kujo.robertdevore.com/course/what-is-kujo/","","reachable","","retain","true"
"baseline","https://kujo.robertdevore.com/course/loop-engineering/","https://kujo.robertdevore.com/course/setup-and-cli/","02 · Installation, CLI, and your first program","HTML anchor","200","https://kujo.robertdevore.com/course/setup-and-cli/","","reachable","","retain","true"
"baseline","https://kujo.robertdevore.com/course/loop-engineering/","https://kujo.robertdevore.com/course/bindings-and-mutability/","03 · Bindings, values, and mutability","HTML anchor","200","https://kujo.robertdevore.com/course/bindings-and-mutability/","","reachable","","retain","true"
"baseline","https://kujo.robertdevore.com/course/loop-engineering/","https://kujo.robertdevore.com/course/values-and-truthiness/","04 · Values, operators, and truthiness","HTML anchor","200","https://kujo.robertdevore.com/course/values-and-truthiness/","","reachable","","retain","true"
"baseline","https://kujo.robertdevore.com/course/loop-engineering/","https://kujo.robertdevore.com/course/control-flow/","05 · Control flow and block scopes","HTML anchor","200","https://kujo.robertdevore.com/course/control-flow/","","reachable","","retain","true"
"baseline","https://kujo.robertdevore.com/course/loop-engineering/","https://kujo.robertdevore.com/course/functions/","06 · Functions, callbacks, and return values","HTML anchor","200","https://kujo.robertdevore.com/course/functions/","","reachable","","retain","true"
"baseline","https://kujo.robertdevore.com/course/loop-engineering/","https://kujo.robertdevore.com/course/collections-and-pipelines/","07 · Collections, pipes, and null handling","HTML anchor","200","https://kujo.robertdevore.com/course/collections-and-pipelines/","","reachable","","retain","true"
"baseline","https://kujo.robertdevore.com/course/loop-engineering/","https://kujo.robertdevore.com/build-1/","◆ Stage build","HTML anchor","200","https://kujo.robertdevore.com/build-1/","","reachable","","retain","true"
"baseline","https://kujo.robertdevore.com/course/loop-engineering/","https://kujo.robertdevore.com/course/scope-and-capture/","08 · Scope, shadowing, and capture","HTML anchor","200","https://kujo.robertdevore.com/course/scope-and-capture/","","reachable","","retain","true"
"baseline","https://kujo.robertdevore.com/course/loop-engineering/","https://kujo.robertdevore.com/course/structs-and-enums/","09 · Structs and enums","HTML anchor","200","https://kujo.robertdevore.com/course/structs-and-enums/","","reachable","","retain","true"
"baseline","https://kujo.robertdevore.com/course/loop-engineering/","https://kujo.robertdevore.com/course/match-result-option/","10 · Match, Result, and Option","HTML anchor","200","https://kujo.robertdevore.com/course/match-result-option/","","reachable","","retain","true"
"baseline","https://kujo.robertdevore.com/course/loop-engineering/","https://kujo.robertdevore.com/course/exceptions/","11 · Exceptions and recoverable errors","HTML anchor","200","https://kujo.robertdevore.com/course/exceptions/","","reachable","","retain","true"
"baseline","https://kujo.robertdevore.com/course/loop-engineering/","https://kujo.robertdevore.com/course/optional-typing/","12 · Optional typing without imaginary guarantees","HTML anchor","200","https://kujo.robertdevore.com/course/optional-typing/","","reachable","","retain","true"
"baseline","https://kujo.robertdevore.com/course/loop-engineering/","https://kujo.robertdevore.com/course/async-and-await/","13 · Async functions and await","HTML anchor","200","https://kujo.robertdevore.com/course/async-and-await/","","reachable","","retain","true"
"baseline","https://kujo.robertdevore.com/course/loop-engineering/","https://kujo.robertdevore.com/course/bounded-concurrency/","14 · Spawn and bounded concurrent work","HTML anchor","200","https://kujo.robertdevore.com/course/bounded-concurrency/","","reachable","","retain","true"
"baseline","https://kujo.robertdevore.com/course/loop-engineering/","https://kujo.robertdevore.com/build-2/","◆ Stage build","HTML anchor","200","https://kujo.robertdevore.com/build-2/","","reachable","","retain","true"
"baseline","https://kujo.robertdevore.com/course/loop-engineering/","https://kujo.robertdevore.com/course/modules/","15 · Modules and explicit exports","HTML anchor","200","https://kujo.robertdevore.com/course/modules/","","reachable","","retain","true"
"baseline","https://kujo.robertdevore.com/course/loop-engineering/","https://kujo.robertdevore.com/course/projects-and-lockfiles/","16 · Projects, packages, and lockfiles","HTML anchor","200","https://kujo.robertdevore.com/course/projects-and-lockfiles/","","reachable","","retain","true"
"baseline","https://kujo.robertdevore.com/course/loop-engineering/","https://kujo.robertdevore.com/course/standard-library/","17 · Finding the standard library contract","HTML anchor","200","https://kujo.robertdevore.com/course/standard-library/","","reachable","","retain","true"
"baseline","https://kujo.robertdevore.com/course/loop-engineering/","https://kujo.robertdevore.com/course/testing/","18 · Testing, fixtures, and runtime evidence","HTML anchor","200","https://kujo.robertdevore.com/course/testing/","","reachable","","retain","true"
"baseline","https://kujo.robertdevore.com/course/loop-engineering/","https://kujo.robertdevore.com/course/machine-contracts/","19 · Diagnostics and machine-readable interfaces","HTML anchor","200","https://kujo.robertdevore.com/course/machine-contracts/","","reachable","","retain","true"
"baseline","https://kujo.robertdevore.com/course/loop-engineering/","https://kujo.robertdevore.com/course/documentation/","20 · Documentation as a build artifact","HTML anchor","200","https://kujo.robertdevore.com/course/documentation/","","reachable","","retain","true"
"baseline","https://kujo.robertdevore.com/course/loop-engineering/","https://kujo.robertdevore.com/course/editor-and-lsp/","21 · Editor integration and the LSP boundary","HTML anchor","200","https://kujo.robertdevore.com/course/editor-and-lsp/","","reachable","","retain","true"
"baseline","https://kujo.robertdevore.com/course/loop-engineering/","https://kujo.robertdevore.com/build-3/","◆ Stage build","HTML anchor","200","https://kujo.robertdevore.com/build-3/","","reachable","","retain","true"
"baseline","https://kujo.robertdevore.com/course/loop-engineering/","https://kujo.robertdevore.com/course/filesystem/","22 · Filesystem automation with bounded paths","HTML anchor","200","https://kujo.robertdevore.com/course/filesystem/","","reachable","","retain","true"
"baseline","https://kujo.robertdevore.com/course/loop-engineering/","https://kujo.robertdevore.com/course/processes/","23 · Processes without unnecessary shells","HTML anchor","200","https://kujo.robertdevore.com/course/processes/","","reachable","","retain","true"
"baseline","https://kujo.robertdevore.com/course/loop-engineering/","https://kujo.robertdevore.com/course/http-and-networking/","24 · HTTP and network boundaries","HTML anchor","200","https://kujo.robertdevore.com/course/http-and-networking/","","reachable","","retain","true"
"baseline","https://kujo.robertdevore.com/course/loop-engineering/","https://kujo.robertdevore.com/course/data-and-persistence/","25 · Structured data and local persistence","HTML anchor","200","https://kujo.robertdevore.com/course/data-and-persistence/","","reachable","","retain","true"
"baseline","https://kujo.robertdevore.com/course/loop-engineering/","https://kujo.robertdevore.com/course/capability-security/","26 · Trusted execution and minimum authority","HTML anchor","200","https://kujo.robertdevore.com/course/capability-security/","","reachable","","retain","true"
"baseline","https://kujo.robertdevore.com/course/loop-engineering/","https://kujo.robertdevore.com/course/secret-boundaries/","27 · Secrets, redaction, and endpoint policy","HTML anchor","200","https://kujo.robertdevore.com/course/secret-boundaries/","","reachable","","retain","true"
"baseline","https://kujo.robertdevore.com/course/loop-engineering/","https://kujo.robertdevore.com/build-4/","◆ Stage build","HTML anchor","200","https://kujo.robertdevore.com/build-4/","","reachable","","retain","true"
"baseline","https://kujo.robertdevore.com/course/loop-engineering/","https://kujo.robertdevore.com/course/ai-effects-and-messages/","28 · AI effects and portable messages","HTML anchor","200","https://kujo.robertdevore.com/course/ai-effects-and-messages/","","reachable","","retain","true"
"baseline","https://kujo.robertdevore.com/course/loop-engineering/","https://kujo.robertdevore.com/course/request-identity/","29 · Deterministic request identity","HTML anchor","200","https://kujo.robertdevore.com/course/request-identity/","","reachable","","retain","true"
"baseline","https://kujo.robertdevore.com/course/loop-engineering/","https://kujo.robertdevore.com/course/record-and-replay/","30 · Record, replay, and offline evidence","HTML anchor","200","https://kujo.robertdevore.com/course/record-and-replay/","","reachable","","retain","true"
"baseline","https://kujo.robertdevore.com/course/loop-engineering/","https://kujo.robertdevore.com/course/streaming/","31 · Streaming and cancellation","HTML anchor","200","https://kujo.robertdevore.com/course/streaming/","","reachable","","retain","true"
"baseline","https://kujo.robertdevore.com/course/loop-engineering/","https://kujo.robertdevore.com/course/structured-outputs/","32 · Structured outputs and schema validation","HTML anchor","200","https://kujo.robertdevore.com/course/structured-outputs/","","reachable","","retain","true"
"baseline","https://kujo.robertdevore.com/course/loop-engineering/","https://kujo.robertdevore.com/course/context-and-vectors/","33 · Context budgets, embeddings, and vectors","HTML anchor","200","https://kujo.robertdevore.com/course/context-and-vectors/","","reachable","","retain","true"
"baseline","https://kujo.robertdevore.com/course/loop-engineering/","https://kujo.robertdevore.com/course/tool-loops/","34 · Bounded AI tool loops","HTML anchor","200","https://kujo.robertdevore.com/course/tool-loops/","","reachable","","retain","true"
"baseline","https://kujo.robertdevore.com/course/loop-engineering/","https://kujo.robertdevore.com/build-5/","◆ Stage build","HTML anchor","200","https://kujo.robertdevore.com/build-5/","","reachable","","retain","true"
"baseline","https://kujo.robertdevore.com/course/loop-engineering/","https://kujo.robertdevore.com/course/mechanism-and-policy/","35 · Mechanism versus policy","HTML anchor","200","https://kujo.robertdevore.com/course/mechanism-and-policy/","","reachable","","retain","true"
"baseline","https://kujo.robertdevore.com/course/loop-engineering/","https://kujo.robertdevore.com/course/loop-engineering/","36 · Loop Engineering, specs, and stop conditions","HTML anchor","200","https://kujo.robertdevore.com/course/loop-engineering/","","reachable","","retain","true"
"baseline","https://kujo.robertdevore.com/course/loop-engineering/","https://kujo.robertdevore.com/course/evaluation/","37 · Evaluation independent of generation","HTML anchor","200","https://kujo.robertdevore.com/course/evaluation/","","reachable","","retain","true"
"baseline","https://kujo.robertdevore.com/course/loop-engineering/","https://kujo.robertdevore.com/course/evidence-and-handoffs/","38 · Evidence, run records, and work boundaries","HTML anchor","200","https://kujo.robertdevore.com/course/evidence-and-handoffs/","","reachable","","retain","true"
"baseline","https://kujo.robertdevore.com/course/loop-engineering/","https://kujo.robertdevore.com/course/isolation-and-observability/","39 · Isolation, observability, and watchdogs","HTML anchor","200","https://kujo.robertdevore.com/course/isolation-and-observability/","","reachable","","retain","true"
"baseline","https://kujo.robertdevore.com/course/loop-engineering/","https://kujo.robertdevore.com/course/mcp-interoperability/","40 · MCP and external tool interoperability","HTML anchor","200","https://kujo.robertdevore.com/course/mcp-interoperability/","","reachable","","retain","true"
"baseline","https://kujo.robertdevore.com/course/loop-engineering/","https://kujo.robertdevore.com/build-6/","◆ Stage build","HTML anchor","200","https://kujo.robertdevore.com/build-6/","","reachable","","retain","true"
"baseline","https://kujo.robertdevore.com/course/loop-engineering/","https://kujo.robertdevore.com/capstone/","◆ Final capstone","HTML anchor","200","https://kujo.robertdevore.com/capstone/","","reachable","","retain","true"
"baseline","https://kujo.robertdevore.com/course/loop-engineering/","https://kujo.robertdevore.com/course/","Full curriculum →","HTML anchor","200","https://kujo.robertdevore.com/course/","","reachable","","retain","true"
"baseline","https://kujo.robertdevore.com/course/loop-engineering/","https://kujo.robertdevore.com/examples/36.kujo","Download example","HTML anchor","200","https://kujo.robertdevore.com/examples/36.kujo","","reachable","","retain","true"
"baseline","https://kujo.robertdevore.com/course/loop-engineering/","https://kujo.robertdevore.com/course/mechanism-and-policy/","← Mechanism versus policy","HTML anchor","200","https://kujo.robertdevore.com/course/mechanism-and-policy/","","reachable","","retain","true"
"baseline","https://kujo.robertdevore.com/course/loop-engineering/","https://kujo.robertdevore.com/course/evaluation/","Evaluation independent of generation →","HTML anchor","200","https://kujo.robertdevore.com/course/evaluation/","","reachable","","retain","true"
"baseline","https://kujo.robertdevore.com/course/loop-engineering/","https://kujo.robertdevore.com/","K_ KUJO COURSE","HTML anchor","200","https://kujo.robertdevore.com/","","reachable","","retain","true"
"baseline","https://kujo.robertdevore.com/course/loop-engineering/","https://kujo.robertdevore.com/about/","About","HTML anchor","200","https://kujo.robertdevore.com/about/","","reachable","","retain","true"
"baseline","https://kujo.robertdevore.com/course/loop-engineering/","https://kujo.robertdevore.com/sitemap.xml","Sitemap","HTML anchor","200","https://kujo.robertdevore.com/sitemap.xml","","reachable","","retain","true"
"baseline","https://kujo.robertdevore.com/course/evaluation/","https://kujo.robertdevore.com/course/evaluation/#main","Skip to content","HTML anchor","200","https://kujo.robertdevore.com/course/evaluation/","","reachable","","retain","true"
"baseline","https://kujo.robertdevore.com/course/evaluation/","https://kujo.robertdevore.com/","K_ KUJO THE COURSE","HTML anchor","200","https://kujo.robertdevore.com/","","reachable","","retain","true"
"baseline","https://kujo.robertdevore.com/course/evaluation/","https://kujo.robertdevore.com/course/","Curriculum","HTML anchor","200","https://kujo.robertdevore.com/course/","","reachable","","retain","true"
"baseline","https://kujo.robertdevore.com/course/evaluation/","https://kujo.robertdevore.com/explorer/","Examples","HTML anchor","200","https://kujo.robertdevore.com/explorer/","","reachable","","retain","true"
"baseline","https://kujo.robertdevore.com/course/evaluation/","https://kujo.robertdevore.com/evidence/","Evidence","HTML anchor","200","https://kujo.robertdevore.com/evidence/","","reachable","","retain","true"
"baseline","https://kujo.robertdevore.com/course/evaluation/","https://kujo.robertdevore.com/course/what-is-kujo/","01 · What Kujo is","HTML anchor","200","https://kujo.robertdevore.com/course/what-is-kujo/","","reachable","","retain","true"
"baseline","https://kujo.robertdevore.com/course/evaluation/","https://kujo.robertdevore.com/course/setup-and-cli/","02 · Installation, CLI, and your first program","HTML anchor","200","https://kujo.robertdevore.com/course/setup-and-cli/","","reachable","","retain","true"
"baseline","https://kujo.robertdevore.com/course/evaluation/","https://kujo.robertdevore.com/course/bindings-and-mutability/","03 · Bindings, values, and mutability","HTML anchor","200","https://kujo.robertdevore.com/course/bindings-and-mutability/","","reachable","","retain","true"
"baseline","https://kujo.robertdevore.com/course/evaluation/","https://kujo.robertdevore.com/course/values-and-truthiness/","04 · Values, operators, and truthiness","HTML anchor","200","https://kujo.robertdevore.com/course/values-and-truthiness/","","reachable","","retain","true"
"baseline","https://kujo.robertdevore.com/course/evaluation/","https://kujo.robertdevore.com/course/control-flow/","05 · Control flow and block scopes","HTML anchor","200","https://kujo.robertdevore.com/course/control-flow/","","reachable","","retain","true"
"baseline","https://kujo.robertdevore.com/course/evaluation/","https://kujo.robertdevore.com/course/functions/","06 · Functions, callbacks, and return values","HTML anchor","200","https://kujo.robertdevore.com/course/functions/","","reachable","","retain","true"
"baseline","https://kujo.robertdevore.com/course/evaluation/","https://kujo.robertdevore.com/course/collections-and-pipelines/","07 · Collections, pipes, and null handling","HTML anchor","200","https://kujo.robertdevore.com/course/collections-and-pipelines/","","reachable","","retain","true"
"baseline","https://kujo.robertdevore.com/course/evaluation/","https://kujo.robertdevore.com/build-1/","◆ Stage build","HTML anchor","200","https://kujo.robertdevore.com/build-1/","","reachable","","retain","true"
"baseline","https://kujo.robertdevore.com/course/evaluation/","https://kujo.robertdevore.com/course/scope-and-capture/","08 · Scope, shadowing, and capture","HTML anchor","200","https://kujo.robertdevore.com/course/scope-and-capture/","","reachable","","retain","true"
"baseline","https://kujo.robertdevore.com/course/evaluation/","https://kujo.robertdevore.com/course/structs-and-enums/","09 · Structs and enums","HTML anchor","200","https://kujo.robertdevore.com/course/structs-and-enums/","","reachable","","retain","true"
"baseline","https://kujo.robertdevore.com/course/evaluation/","https://kujo.robertdevore.com/course/match-result-option/","10 · Match, Result, and Option","HTML anchor","200","https://kujo.robertdevore.com/course/match-result-option/","","reachable","","retain","true"
"baseline","https://kujo.robertdevore.com/course/evaluation/","https://kujo.robertdevore.com/course/exceptions/","11 · Exceptions and recoverable errors","HTML anchor","200","https://kujo.robertdevore.com/course/exceptions/","","reachable","","retain","true"
"baseline","https://kujo.robertdevore.com/course/evaluation/","https://kujo.robertdevore.com/course/optional-typing/","12 · Optional typing without imaginary guarantees","HTML anchor","200","https://kujo.robertdevore.com/course/optional-typing/","","reachable","","retain","true"
"baseline","https://kujo.robertdevore.com/course/evaluation/","https://kujo.robertdevore.com/course/async-and-await/","13 · Async functions and await","HTML anchor","200","https://kujo.robertdevore.com/course/async-and-await/","","reachable","","retain","true"
"baseline","https://kujo.robertdevore.com/course/evaluation/","https://kujo.robertdevore.com/course/bounded-concurrency/","14 · Spawn and bounded concurrent work","HTML anchor","200","https://kujo.robertdevore.com/course/bounded-concurrency/","","reachable","","retain","true"
"baseline","https://kujo.robertdevore.com/course/evaluation/","https://kujo.robertdevore.com/build-2/","◆ Stage build","HTML anchor","200","https://kujo.robertdevore.com/build-2/","","reachable","","retain","true"
"baseline","https://kujo.robertdevore.com/course/evaluation/","https://kujo.robertdevore.com/course/modules/","15 · Modules and explicit exports","HTML anchor","200","https://kujo.robertdevore.com/course/modules/","","reachable","","retain","true"
"baseline","https://kujo.robertdevore.com/course/evaluation/","https://kujo.robertdevore.com/course/projects-and-lockfiles/","16 · Projects, packages, and lockfiles","HTML anchor","200","https://kujo.robertdevore.com/course/projects-and-lockfiles/","","reachable","","retain","true"
"baseline","https://kujo.robertdevore.com/course/evaluation/","https://kujo.robertdevore.com/course/standard-library/","17 · Finding the standard library contract","HTML anchor","200","https://kujo.robertdevore.com/course/standard-library/","","reachable","","retain","true"
"baseline","https://kujo.robertdevore.com/course/evaluation/","https://kujo.robertdevore.com/course/testing/","18 · Testing, fixtures, and runtime evidence","HTML anchor","200","https://kujo.robertdevore.com/course/testing/","","reachable","","retain","true"
"baseline","https://kujo.robertdevore.com/course/evaluation/","https://kujo.robertdevore.com/course/machine-contracts/","19 · Diagnostics and machine-readable interfaces","HTML anchor","200","https://kujo.robertdevore.com/course/machine-contracts/","","reachable","","retain","true"
"baseline","https://kujo.robertdevore.com/course/evaluation/","https://kujo.robertdevore.com/course/documentation/","20 · Documentation as a build artifact","HTML anchor","200","https://kujo.robertdevore.com/course/documentation/","","reachable","","retain","true"
"baseline","https://kujo.robertdevore.com/course/evaluation/","https://kujo.robertdevore.com/course/editor-and-lsp/","21 · Editor integration and the LSP boundary","HTML anchor","200","https://kujo.robertdevore.com/course/editor-and-lsp/","","reachable","","retain","true"
"baseline","https://kujo.robertdevore.com/course/evaluation/","https://kujo.robertdevore.com/build-3/","◆ Stage build","HTML anchor","200","https://kujo.robertdevore.com/build-3/","","reachable","","retain","true"
"baseline","https://kujo.robertdevore.com/course/evaluation/","https://kujo.robertdevore.com/course/filesystem/","22 · Filesystem automation with bounded paths","HTML anchor","200","https://kujo.robertdevore.com/course/filesystem/","","reachable","","retain","true"
"baseline","https://kujo.robertdevore.com/course/evaluation/","https://kujo.robertdevore.com/course/processes/","23 · Processes without unnecessary shells","HTML anchor","200","https://kujo.robertdevore.com/course/processes/","","reachable","","retain","true"
"baseline","https://kujo.robertdevore.com/course/evaluation/","https://kujo.robertdevore.com/course/http-and-networking/","24 · HTTP and network boundaries","HTML anchor","200","https://kujo.robertdevore.com/course/http-and-networking/","","reachable","","retain","true"
"baseline","https://kujo.robertdevore.com/course/evaluation/","https://kujo.robertdevore.com/course/data-and-persistence/","25 · Structured data and local persistence","HTML anchor","200","https://kujo.robertdevore.com/course/data-and-persistence/","","reachable","","retain","true"
"baseline","https://kujo.robertdevore.com/course/evaluation/","https://kujo.robertdevore.com/course/capability-security/","26 · Trusted execution and minimum authority","HTML anchor","200","https://kujo.robertdevore.com/course/capability-security/","","reachable","","retain","true"
"baseline","https://kujo.robertdevore.com/course/evaluation/","https://kujo.robertdevore.com/course/secret-boundaries/","27 · Secrets, redaction, and endpoint policy","HTML anchor","200","https://kujo.robertdevore.com/course/secret-boundaries/","","reachable","","retain","true"
"baseline","https://kujo.robertdevore.com/course/evaluation/","https://kujo.robertdevore.com/build-4/","◆ Stage build","HTML anchor","200","https://kujo.robertdevore.com/build-4/","","reachable","","retain","true"
"baseline","https://kujo.robertdevore.com/course/evaluation/","https://kujo.robertdevore.com/course/ai-effects-and-messages/","28 · AI effects and portable messages","HTML anchor","200","https://kujo.robertdevore.com/course/ai-effects-and-messages/","","reachable","","retain","true"
"baseline","https://kujo.robertdevore.com/course/evaluation/","https://kujo.robertdevore.com/course/request-identity/","29 · Deterministic request identity","HTML anchor","200","https://kujo.robertdevore.com/course/request-identity/","","reachable","","retain","true"
"baseline","https://kujo.robertdevore.com/course/evaluation/","https://kujo.robertdevore.com/course/record-and-replay/","30 · Record, replay, and offline evidence","HTML anchor","200","https://kujo.robertdevore.com/course/record-and-replay/","","reachable","","retain","true"
"baseline","https://kujo.robertdevore.com/course/evaluation/","https://kujo.robertdevore.com/course/streaming/","31 · Streaming and cancellation","HTML anchor","200","https://kujo.robertdevore.com/course/streaming/","","reachable","","retain","true"
"baseline","https://kujo.robertdevore.com/course/evaluation/","https://kujo.robertdevore.com/course/structured-outputs/","32 · Structured outputs and schema validation","HTML anchor","200","https://kujo.robertdevore.com/course/structured-outputs/","","reachable","","retain","true"
"baseline","https://kujo.robertdevore.com/course/evaluation/","https://kujo.robertdevore.com/course/context-and-vectors/","33 · Context budgets, embeddings, and vectors","HTML anchor","200","https://kujo.robertdevore.com/course/context-and-vectors/","","reachable","","retain","true"
"baseline","https://kujo.robertdevore.com/course/evaluation/","https://kujo.robertdevore.com/course/tool-loops/","34 · Bounded AI tool loops","HTML anchor","200","https://kujo.robertdevore.com/course/tool-loops/","","reachable","","retain","true"
"baseline","https://kujo.robertdevore.com/course/evaluation/","https://kujo.robertdevore.com/build-5/","◆ Stage build","HTML anchor","200","https://kujo.robertdevore.com/build-5/","","reachable","","retain","true"
"baseline","https://kujo.robertdevore.com/course/evaluation/","https://kujo.robertdevore.com/course/mechanism-and-policy/","35 · Mechanism versus policy","HTML anchor","200","https://kujo.robertdevore.com/course/mechanism-and-policy/","","reachable","","retain","true"
"baseline","https://kujo.robertdevore.com/course/evaluation/","https://kujo.robertdevore.com/course/loop-engineering/","36 · Loop Engineering, specs, and stop conditions","HTML anchor","200","https://kujo.robertdevore.com/course/loop-engineering/","","reachable","","retain","true"
"baseline","https://kujo.robertdevore.com/course/evaluation/","https://kujo.robertdevore.com/course/evaluation/","37 · Evaluation independent of generation","HTML anchor","200","https://kujo.robertdevore.com/course/evaluation/","","reachable","","retain","true"
"baseline","https://kujo.robertdevore.com/course/evaluation/","https://kujo.robertdevore.com/course/evidence-and-handoffs/","38 · Evidence, run records, and work boundaries","HTML anchor","200","https://kujo.robertdevore.com/course/evidence-and-handoffs/","","reachable","","retain","true"
"baseline","https://kujo.robertdevore.com/course/evaluation/","https://kujo.robertdevore.com/course/isolation-and-observability/","39 · Isolation, observability, and watchdogs","HTML anchor","200","https://kujo.robertdevore.com/course/isolation-and-observability/","","reachable","","retain","true"
"baseline","https://kujo.robertdevore.com/course/evaluation/","https://kujo.robertdevore.com/course/mcp-interoperability/","40 · MCP and external tool interoperability","HTML anchor","200","https://kujo.robertdevore.com/course/mcp-interoperability/","","reachable","","retain","true"
"baseline","https://kujo.robertdevore.com/course/evaluation/","https://kujo.robertdevore.com/build-6/","◆ Stage build","HTML anchor","200","https://kujo.robertdevore.com/build-6/","","reachable","","retain","true"
"baseline","https://kujo.robertdevore.com/course/evaluation/","https://kujo.robertdevore.com/capstone/","◆ Final capstone","HTML anchor","200","https://kujo.robertdevore.com/capstone/","","reachable","","retain","true"
"baseline","https://kujo.robertdevore.com/course/evaluation/","https://kujo.robertdevore.com/course/","Full curriculum →","HTML anchor","200","https://kujo.robertdevore.com/course/","","reachable","","retain","true"
"baseline","https://kujo.robertdevore.com/course/evaluation/","https://kujo.robertdevore.com/examples/37.kujo","Download example","HTML anchor","200","https://kujo.robertdevore.com/examples/37.kujo","","reachable","","retain","true"
"baseline","https://kujo.robertdevore.com/course/evaluation/","https://kujo.robertdevore.com/course/loop-engineering/","← Loop Engineering, specs, and stop conditions","HTML anchor","200","https://kujo.robertdevore.com/course/loop-engineering/","","reachable","","retain","true"
"baseline","https://kujo.robertdevore.com/course/evaluation/","https://kujo.robertdevore.com/course/evidence-and-handoffs/","Evidence, run records, and work boundaries →","HTML anchor","200","https://kujo.robertdevore.com/course/evidence-and-handoffs/","","reachable","","retain","true"
"baseline","https://kujo.robertdevore.com/course/evaluation/","https://kujo.robertdevore.com/","K_ KUJO COURSE","HTML anchor","200","https://kujo.robertdevore.com/","","reachable","","retain","true"
"baseline","https://kujo.robertdevore.com/course/evaluation/","https://kujo.robertdevore.com/about/","About","HTML anchor","200","https://kujo.robertdevore.com/about/","","reachable","","retain","true"
"baseline","https://kujo.robertdevore.com/course/evaluation/","https://kujo.robertdevore.com/sitemap.xml","Sitemap","HTML anchor","200","https://kujo.robertdevore.com/sitemap.xml","","reachable","","retain","true"
"baseline","https://kujo.robertdevore.com/course/evidence-and-handoffs/","https://kujo.robertdevore.com/course/evidence-and-handoffs/#main","Skip to content","HTML anchor","200","https://kujo.robertdevore.com/course/evidence-and-handoffs/","","reachable","","retain","true"
"baseline","https://kujo.robertdevore.com/course/evidence-and-handoffs/","https://kujo.robertdevore.com/","K_ KUJO THE COURSE","HTML anchor","200","https://kujo.robertdevore.com/","","reachable","","retain","true"
"baseline","https://kujo.robertdevore.com/course/evidence-and-handoffs/","https://kujo.robertdevore.com/course/","Curriculum","HTML anchor","200","https://kujo.robertdevore.com/course/","","reachable","","retain","true"
"baseline","https://kujo.robertdevore.com/course/evidence-and-handoffs/","https://kujo.robertdevore.com/explorer/","Examples","HTML anchor","200","https://kujo.robertdevore.com/explorer/","","reachable","","retain","true"
"baseline","https://kujo.robertdevore.com/course/evidence-and-handoffs/","https://kujo.robertdevore.com/evidence/","Evidence","HTML anchor","200","https://kujo.robertdevore.com/evidence/","","reachable","","retain","true"
"baseline","https://kujo.robertdevore.com/course/evidence-and-handoffs/","https://kujo.robertdevore.com/course/what-is-kujo/","01 · What Kujo is","HTML anchor","200","https://kujo.robertdevore.com/course/what-is-kujo/","","reachable","","retain","true"
"baseline","https://kujo.robertdevore.com/course/evidence-and-handoffs/","https://kujo.robertdevore.com/course/setup-and-cli/","02 · Installation, CLI, and your first program","HTML anchor","200","https://kujo.robertdevore.com/course/setup-and-cli/","","reachable","","retain","true"
"baseline","https://kujo.robertdevore.com/course/evidence-and-handoffs/","https://kujo.robertdevore.com/course/bindings-and-mutability/","03 · Bindings, values, and mutability","HTML anchor","200","https://kujo.robertdevore.com/course/bindings-and-mutability/","","reachable","","retain","true"
"baseline","https://kujo.robertdevore.com/course/evidence-and-handoffs/","https://kujo.robertdevore.com/course/values-and-truthiness/","04 · Values, operators, and truthiness","HTML anchor","200","https://kujo.robertdevore.com/course/values-and-truthiness/","","reachable","","retain","true"
"baseline","https://kujo.robertdevore.com/course/evidence-and-handoffs/","https://kujo.robertdevore.com/course/control-flow/","05 · Control flow and block scopes","HTML anchor","200","https://kujo.robertdevore.com/course/control-flow/","","reachable","","retain","true"
"baseline","https://kujo.robertdevore.com/course/evidence-and-handoffs/","https://kujo.robertdevore.com/course/functions/","06 · Functions, callbacks, and return values","HTML anchor","200","https://kujo.robertdevore.com/course/functions/","","reachable","","retain","true"
"baseline","https://kujo.robertdevore.com/course/evidence-and-handoffs/","https://kujo.robertdevore.com/course/collections-and-pipelines/","07 · Collections, pipes, and null handling","HTML anchor","200","https://kujo.robertdevore.com/course/collections-and-pipelines/","","reachable","","retain","true"
"baseline","https://kujo.robertdevore.com/course/evidence-and-handoffs/","https://kujo.robertdevore.com/build-1/","◆ Stage build","HTML anchor","200","https://kujo.robertdevore.com/build-1/","","reachable","","retain","true"
"baseline","https://kujo.robertdevore.com/course/evidence-and-handoffs/","https://kujo.robertdevore.com/course/scope-and-capture/","08 · Scope, shadowing, and capture","HTML anchor","200","https://kujo.robertdevore.com/course/scope-and-capture/","","reachable","","retain","true"
"baseline","https://kujo.robertdevore.com/course/evidence-and-handoffs/","https://kujo.robertdevore.com/course/structs-and-enums/","09 · Structs and enums","HTML anchor","200","https://kujo.robertdevore.com/course/structs-and-enums/","","reachable","","retain","true"
"baseline","https://kujo.robertdevore.com/course/evidence-and-handoffs/","https://kujo.robertdevore.com/course/match-result-option/","10 · Match, Result, and Option","HTML anchor","200","https://kujo.robertdevore.com/course/match-result-option/","","reachable","","retain","true"
"baseline","https://kujo.robertdevore.com/course/evidence-and-handoffs/","https://kujo.robertdevore.com/course/exceptions/","11 · Exceptions and recoverable errors","HTML anchor","200","https://kujo.robertdevore.com/course/exceptions/","","reachable","","retain","true"
"baseline","https://kujo.robertdevore.com/course/evidence-and-handoffs/","https://kujo.robertdevore.com/course/optional-typing/","12 · Optional typing without imaginary guarantees","HTML anchor","200","https://kujo.robertdevore.com/course/optional-typing/","","reachable","","retain","true"
"baseline","https://kujo.robertdevore.com/course/evidence-and-handoffs/","https://kujo.robertdevore.com/course/async-and-await/","13 · Async functions and await","HTML anchor","200","https://kujo.robertdevore.com/course/async-and-await/","","reachable","","retain","true"
"baseline","https://kujo.robertdevore.com/course/evidence-and-handoffs/","https://kujo.robertdevore.com/course/bounded-concurrency/","14 · Spawn and bounded concurrent work","HTML anchor","200","https://kujo.robertdevore.com/course/bounded-concurrency/","","reachable","","retain","true"
"baseline","https://kujo.robertdevore.com/course/evidence-and-handoffs/","https://kujo.robertdevore.com/build-2/","◆ Stage build","HTML anchor","200","https://kujo.robertdevore.com/build-2/","","reachable","","retain","true"
"baseline","https://kujo.robertdevore.com/course/evidence-and-handoffs/","https://kujo.robertdevore.com/course/modules/","15 · Modules and explicit exports","HTML anchor","200","https://kujo.robertdevore.com/course/modules/","","reachable","","retain","true"
"baseline","https://kujo.robertdevore.com/course/evidence-and-handoffs/","https://kujo.robertdevore.com/course/projects-and-lockfiles/","16 · Projects, packages, and lockfiles","HTML anchor","200","https://kujo.robertdevore.com/course/projects-and-lockfiles/","","reachable","","retain","true"
"baseline","https://kujo.robertdevore.com/course/evidence-and-handoffs/","https://kujo.robertdevore.com/course/standard-library/","17 · Finding the standard library contract","HTML anchor","200","https://kujo.robertdevore.com/course/standard-library/","","reachable","","retain","true"
"baseline","https://kujo.robertdevore.com/course/evidence-and-handoffs/","https://kujo.robertdevore.com/course/testing/","18 · Testing, fixtures, and runtime evidence","HTML anchor","200","https://kujo.robertdevore.com/course/testing/","","reachable","","retain","true"
"baseline","https://kujo.robertdevore.com/course/evidence-and-handoffs/","https://kujo.robertdevore.com/course/machine-contracts/","19 · Diagnostics and machine-readable interfaces","HTML anchor","200","https://kujo.robertdevore.com/course/machine-contracts/","","reachable","","retain","true"
"baseline","https://kujo.robertdevore.com/course/evidence-and-handoffs/","https://kujo.robertdevore.com/course/documentation/","20 · Documentation as a build artifact","HTML anchor","200","https://kujo.robertdevore.com/course/documentation/","","reachable","","retain","true"
"baseline","https://kujo.robertdevore.com/course/evidence-and-handoffs/","https://kujo.robertdevore.com/course/editor-and-lsp/","21 · Editor integration and the LSP boundary","HTML anchor","200","https://kujo.robertdevore.com/course/editor-and-lsp/","","reachable","","retain","true"
"baseline","https://kujo.robertdevore.com/course/evidence-and-handoffs/","https://kujo.robertdevore.com/build-3/","◆ Stage build","HTML anchor","200","https://kujo.robertdevore.com/build-3/","","reachable","","retain","true"
"baseline","https://kujo.robertdevore.com/course/evidence-and-handoffs/","https://kujo.robertdevore.com/course/filesystem/","22 · Filesystem automation with bounded paths","HTML anchor","200","https://kujo.robertdevore.com/course/filesystem/","","reachable","","retain","true"
"baseline","https://kujo.robertdevore.com/course/evidence-and-handoffs/","https://kujo.robertdevore.com/course/processes/","23 · Processes without unnecessary shells","HTML anchor","200","https://kujo.robertdevore.com/course/processes/","","reachable","","retain","true"
"baseline","https://kujo.robertdevore.com/course/evidence-and-handoffs/","https://kujo.robertdevore.com/course/http-and-networking/","24 · HTTP and network boundaries","HTML anchor","200","https://kujo.robertdevore.com/course/http-and-networking/","","reachable","","retain","true"
"baseline","https://kujo.robertdevore.com/course/evidence-and-handoffs/","https://kujo.robertdevore.com/course/data-and-persistence/","25 · Structured data and local persistence","HTML anchor","200","https://kujo.robertdevore.com/course/data-and-persistence/","","reachable","","retain","true"
"baseline","https://kujo.robertdevore.com/course/evidence-and-handoffs/","https://kujo.robertdevore.com/course/capability-security/","26 · Trusted execution and minimum authority","HTML anchor","200","https://kujo.robertdevore.com/course/capability-security/","","reachable","","retain","true"
"baseline","https://kujo.robertdevore.com/course/evidence-and-handoffs/","https://kujo.robertdevore.com/course/secret-boundaries/","27 · Secrets, redaction, and endpoint policy","HTML anchor","200","https://kujo.robertdevore.com/course/secret-boundaries/","","reachable","","retain","true"
"baseline","https://kujo.robertdevore.com/course/evidence-and-handoffs/","https://kujo.robertdevore.com/build-4/","◆ Stage build","HTML anchor","200","https://kujo.robertdevore.com/build-4/","","reachable","","retain","true"
"baseline","https://kujo.robertdevore.com/course/evidence-and-handoffs/","https://kujo.robertdevore.com/course/ai-effects-and-messages/","28 · AI effects and portable messages","HTML anchor","200","https://kujo.robertdevore.com/course/ai-effects-and-messages/","","reachable","","retain","true"
"baseline","https://kujo.robertdevore.com/course/evidence-and-handoffs/","https://kujo.robertdevore.com/course/request-identity/","29 · Deterministic request identity","HTML anchor","200","https://kujo.robertdevore.com/course/request-identity/","","reachable","","retain","true"
"baseline","https://kujo.robertdevore.com/course/evidence-and-handoffs/","https://kujo.robertdevore.com/course/record-and-replay/","30 · Record, replay, and offline evidence","HTML anchor","200","https://kujo.robertdevore.com/course/record-and-replay/","","reachable","","retain","true"
"baseline","https://kujo.robertdevore.com/course/evidence-and-handoffs/","https://kujo.robertdevore.com/course/streaming/","31 · Streaming and cancellation","HTML anchor","200","https://kujo.robertdevore.com/course/streaming/","","reachable","","retain","true"
"baseline","https://kujo.robertdevore.com/course/evidence-and-handoffs/","https://kujo.robertdevore.com/course/structured-outputs/","32 · Structured outputs and schema validation","HTML anchor","200","https://kujo.robertdevore.com/course/structured-outputs/","","reachable","","retain","true"
"baseline","https://kujo.robertdevore.com/course/evidence-and-handoffs/","https://kujo.robertdevore.com/course/context-and-vectors/","33 · Context budgets, embeddings, and vectors","HTML anchor","200","https://kujo.robertdevore.com/course/context-and-vectors/","","reachable","","retain","true"
"baseline","https://kujo.robertdevore.com/course/evidence-and-handoffs/","https://kujo.robertdevore.com/course/tool-loops/","34 · Bounded AI tool loops","HTML anchor","200","https://kujo.robertdevore.com/course/tool-loops/","","reachable","","retain","true"
"baseline","https://kujo.robertdevore.com/course/evidence-and-handoffs/","https://kujo.robertdevore.com/build-5/","◆ Stage build","HTML anchor","200","https://kujo.robertdevore.com/build-5/","","reachable","","retain","true"
"baseline","https://kujo.robertdevore.com/course/evidence-and-handoffs/","https://kujo.robertdevore.com/course/mechanism-and-policy/","35 · Mechanism versus policy","HTML anchor","200","https://kujo.robertdevore.com/course/mechanism-and-policy/","","reachable","","retain","true"
"baseline","https://kujo.robertdevore.com/course/evidence-and-handoffs/","https://kujo.robertdevore.com/course/loop-engineering/","36 · Loop Engineering, specs, and stop conditions","HTML anchor","200","https://kujo.robertdevore.com/course/loop-engineering/","","reachable","","retain","true"
"baseline","https://kujo.robertdevore.com/course/evidence-and-handoffs/","https://kujo.robertdevore.com/course/evaluation/","37 · Evaluation independent of generation","HTML anchor","200","https://kujo.robertdevore.com/course/evaluation/","","reachable","","retain","true"
"baseline","https://kujo.robertdevore.com/course/evidence-and-handoffs/","https://kujo.robertdevore.com/course/evidence-and-handoffs/","38 · Evidence, run records, and work boundaries","HTML anchor","200","https://kujo.robertdevore.com/course/evidence-and-handoffs/","","reachable","","retain","true"
"baseline","https://kujo.robertdevore.com/course/evidence-and-handoffs/","https://kujo.robertdevore.com/course/isolation-and-observability/","39 · Isolation, observability, and watchdogs","HTML anchor","200","https://kujo.robertdevore.com/course/isolation-and-observability/","","reachable","","retain","true"
"baseline","https://kujo.robertdevore.com/course/evidence-and-handoffs/","https://kujo.robertdevore.com/course/mcp-interoperability/","40 · MCP and external tool interoperability","HTML anchor","200","https://kujo.robertdevore.com/course/mcp-interoperability/","","reachable","","retain","true"
"baseline","https://kujo.robertdevore.com/course/evidence-and-handoffs/","https://kujo.robertdevore.com/build-6/","◆ Stage build","HTML anchor","200","https://kujo.robertdevore.com/build-6/","","reachable","","retain","true"
"baseline","https://kujo.robertdevore.com/course/evidence-and-handoffs/","https://kujo.robertdevore.com/capstone/","◆ Final capstone","HTML anchor","200","https://kujo.robertdevore.com/capstone/","","reachable","","retain","true"
"baseline","https://kujo.robertdevore.com/course/evidence-and-handoffs/","https://kujo.robertdevore.com/course/","Full curriculum →","HTML anchor","200","https://kujo.robertdevore.com/course/","","reachable","","retain","true"
"baseline","https://kujo.robertdevore.com/course/evidence-and-handoffs/","https://kujo.robertdevore.com/examples/38.kujo","Download example","HTML anchor","200","https://kujo.robertdevore.com/examples/38.kujo","","reachable","","retain","true"
"baseline","https://kujo.robertdevore.com/course/evidence-and-handoffs/","https://kujo.robertdevore.com/course/evaluation/","← Evaluation independent of generation","HTML anchor","200","https://kujo.robertdevore.com/course/evaluation/","","reachable","","retain","true"
"baseline","https://kujo.robertdevore.com/course/evidence-and-handoffs/","https://kujo.robertdevore.com/course/isolation-and-observability/","Isolation, observability, and watchdogs →","HTML anchor","200","https://kujo.robertdevore.com/course/isolation-and-observability/","","reachable","","retain","true"
"baseline","https://kujo.robertdevore.com/course/evidence-and-handoffs/","https://kujo.robertdevore.com/","K_ KUJO COURSE","HTML anchor","200","https://kujo.robertdevore.com/","","reachable","","retain","true"
"baseline","https://kujo.robertdevore.com/course/evidence-and-handoffs/","https://kujo.robertdevore.com/about/","About","HTML anchor","200","https://kujo.robertdevore.com/about/","","reachable","","retain","true"
"baseline","https://kujo.robertdevore.com/course/evidence-and-handoffs/","https://kujo.robertdevore.com/sitemap.xml","Sitemap","HTML anchor","200","https://kujo.robertdevore.com/sitemap.xml","","reachable","","retain","true"
"baseline","https://kujo.robertdevore.com/course/isolation-and-observability/","https://kujo.robertdevore.com/course/isolation-and-observability/#main","Skip to content","HTML anchor","200","https://kujo.robertdevore.com/course/isolation-and-observability/","","reachable","","retain","true"
"baseline","https://kujo.robertdevore.com/course/isolation-and-observability/","https://kujo.robertdevore.com/","K_ KUJO THE COURSE","HTML anchor","200","https://kujo.robertdevore.com/","","reachable","","retain","true"
"baseline","https://kujo.robertdevore.com/course/isolation-and-observability/","https://kujo.robertdevore.com/course/","Curriculum","HTML anchor","200","https://kujo.robertdevore.com/course/","","reachable","","retain","true"
"baseline","https://kujo.robertdevore.com/course/isolation-and-observability/","https://kujo.robertdevore.com/explorer/","Examples","HTML anchor","200","https://kujo.robertdevore.com/explorer/","","reachable","","retain","true"
"baseline","https://kujo.robertdevore.com/course/isolation-and-observability/","https://kujo.robertdevore.com/evidence/","Evidence","HTML anchor","200","https://kujo.robertdevore.com/evidence/","","reachable","","retain","true"
"baseline","https://kujo.robertdevore.com/course/isolation-and-observability/","https://kujo.robertdevore.com/course/what-is-kujo/","01 · What Kujo is","HTML anchor","200","https://kujo.robertdevore.com/course/what-is-kujo/","","reachable","","retain","true"
"baseline","https://kujo.robertdevore.com/course/isolation-and-observability/","https://kujo.robertdevore.com/course/setup-and-cli/","02 · Installation, CLI, and your first program","HTML anchor","200","https://kujo.robertdevore.com/course/setup-and-cli/","","reachable","","retain","true"
"baseline","https://kujo.robertdevore.com/course/isolation-and-observability/","https://kujo.robertdevore.com/course/bindings-and-mutability/","03 · Bindings, values, and mutability","HTML anchor","200","https://kujo.robertdevore.com/course/bindings-and-mutability/","","reachable","","retain","true"
"baseline","https://kujo.robertdevore.com/course/isolation-and-observability/","https://kujo.robertdevore.com/course/values-and-truthiness/","04 · Values, operators, and truthiness","HTML anchor","200","https://kujo.robertdevore.com/course/values-and-truthiness/","","reachable","","retain","true"
"baseline","https://kujo.robertdevore.com/course/isolation-and-observability/","https://kujo.robertdevore.com/course/control-flow/","05 · Control flow and block scopes","HTML anchor","200","https://kujo.robertdevore.com/course/control-flow/","","reachable","","retain","true"
"baseline","https://kujo.robertdevore.com/course/isolation-and-observability/","https://kujo.robertdevore.com/course/functions/","06 · Functions, callbacks, and return values","HTML anchor","200","https://kujo.robertdevore.com/course/functions/","","reachable","","retain","true"
"baseline","https://kujo.robertdevore.com/course/isolation-and-observability/","https://kujo.robertdevore.com/course/collections-and-pipelines/","07 · Collections, pipes, and null handling","HTML anchor","200","https://kujo.robertdevore.com/course/collections-and-pipelines/","","reachable","","retain","true"
"baseline","https://kujo.robertdevore.com/course/isolation-and-observability/","https://kujo.robertdevore.com/build-1/","◆ Stage build","HTML anchor","200","https://kujo.robertdevore.com/build-1/","","reachable","","retain","true"
"baseline","https://kujo.robertdevore.com/course/isolation-and-observability/","https://kujo.robertdevore.com/course/scope-and-capture/","08 · Scope, shadowing, and capture","HTML anchor","200","https://kujo.robertdevore.com/course/scope-and-capture/","","reachable","","retain","true"
"baseline","https://kujo.robertdevore.com/course/isolation-and-observability/","https://kujo.robertdevore.com/course/structs-and-enums/","09 · Structs and enums","HTML anchor","200","https://kujo.robertdevore.com/course/structs-and-enums/","","reachable","","retain","true"
"baseline","https://kujo.robertdevore.com/course/isolation-and-observability/","https://kujo.robertdevore.com/course/match-result-option/","10 · Match, Result, and Option","HTML anchor","200","https://kujo.robertdevore.com/course/match-result-option/","","reachable","","retain","true"
"baseline","https://kujo.robertdevore.com/course/isolation-and-observability/","https://kujo.robertdevore.com/course/exceptions/","11 · Exceptions and recoverable errors","HTML anchor","200","https://kujo.robertdevore.com/course/exceptions/","","reachable","","retain","true"
"baseline","https://kujo.robertdevore.com/course/isolation-and-observability/","https://kujo.robertdevore.com/course/optional-typing/","12 · Optional typing without imaginary guarantees","HTML anchor","200","https://kujo.robertdevore.com/course/optional-typing/","","reachable","","retain","true"
"baseline","https://kujo.robertdevore.com/course/isolation-and-observability/","https://kujo.robertdevore.com/course/async-and-await/","13 · Async functions and await","HTML anchor","200","https://kujo.robertdevore.com/course/async-and-await/","","reachable","","retain","true"
"baseline","https://kujo.robertdevore.com/course/isolation-and-observability/","https://kujo.robertdevore.com/course/bounded-concurrency/","14 · Spawn and bounded concurrent work","HTML anchor","200","https://kujo.robertdevore.com/course/bounded-concurrency/","","reachable","","retain","true"
"baseline","https://kujo.robertdevore.com/course/isolation-and-observability/","https://kujo.robertdevore.com/build-2/","◆ Stage build","HTML anchor","200","https://kujo.robertdevore.com/build-2/","","reachable","","retain","true"
"baseline","https://kujo.robertdevore.com/course/isolation-and-observability/","https://kujo.robertdevore.com/course/modules/","15 · Modules and explicit exports","HTML anchor","200","https://kujo.robertdevore.com/course/modules/","","reachable","","retain","true"
"baseline","https://kujo.robertdevore.com/course/isolation-and-observability/","https://kujo.robertdevore.com/course/projects-and-lockfiles/","16 · Projects, packages, and lockfiles","HTML anchor","200","https://kujo.robertdevore.com/course/projects-and-lockfiles/","","reachable","","retain","true"
"baseline","https://kujo.robertdevore.com/course/isolation-and-observability/","https://kujo.robertdevore.com/course/standard-library/","17 · Finding the standard library contract","HTML anchor","200","https://kujo.robertdevore.com/course/standard-library/","","reachable","","retain","true"
"baseline","https://kujo.robertdevore.com/course/isolation-and-observability/","https://kujo.robertdevore.com/course/testing/","18 · Testing, fixtures, and runtime evidence","HTML anchor","200","https://kujo.robertdevore.com/course/testing/","","reachable","","retain","true"
"baseline","https://kujo.robertdevore.com/course/isolation-and-observability/","https://kujo.robertdevore.com/course/machine-contracts/","19 · Diagnostics and machine-readable interfaces","HTML anchor","200","https://kujo.robertdevore.com/course/machine-contracts/","","reachable","","retain","true"
"baseline","https://kujo.robertdevore.com/course/isolation-and-observability/","https://kujo.robertdevore.com/course/documentation/","20 · Documentation as a build artifact","HTML anchor","200","https://kujo.robertdevore.com/course/documentation/","","reachable","","retain","true"
"baseline","https://kujo.robertdevore.com/course/isolation-and-observability/","https://kujo.robertdevore.com/course/editor-and-lsp/","21 · Editor integration and the LSP boundary","HTML anchor","200","https://kujo.robertdevore.com/course/editor-and-lsp/","","reachable","","retain","true"
"baseline","https://kujo.robertdevore.com/course/isolation-and-observability/","https://kujo.robertdevore.com/build-3/","◆ Stage build","HTML anchor","200","https://kujo.robertdevore.com/build-3/","","reachable","","retain","true"
"baseline","https://kujo.robertdevore.com/course/isolation-and-observability/","https://kujo.robertdevore.com/course/filesystem/","22 · Filesystem automation with bounded paths","HTML anchor","200","https://kujo.robertdevore.com/course/filesystem/","","reachable","","retain","true"
"baseline","https://kujo.robertdevore.com/course/isolation-and-observability/","https://kujo.robertdevore.com/course/processes/","23 · Processes without unnecessary shells","HTML anchor","200","https://kujo.robertdevore.com/course/processes/","","reachable","","retain","true"
"baseline","https://kujo.robertdevore.com/course/isolation-and-observability/","https://kujo.robertdevore.com/course/http-and-networking/","24 · HTTP and network boundaries","HTML anchor","200","https://kujo.robertdevore.com/course/http-and-networking/","","reachable","","retain","true"
"baseline","https://kujo.robertdevore.com/course/isolation-and-observability/","https://kujo.robertdevore.com/course/data-and-persistence/","25 · Structured data and local persistence","HTML anchor","200","https://kujo.robertdevore.com/course/data-and-persistence/","","reachable","","retain","true"
"baseline","https://kujo.robertdevore.com/course/isolation-and-observability/","https://kujo.robertdevore.com/course/capability-security/","26 · Trusted execution and minimum authority","HTML anchor","200","https://kujo.robertdevore.com/course/capability-security/","","reachable","","retain","true"
"baseline","https://kujo.robertdevore.com/course/isolation-and-observability/","https://kujo.robertdevore.com/course/secret-boundaries/","27 · Secrets, redaction, and endpoint policy","HTML anchor","200","https://kujo.robertdevore.com/course/secret-boundaries/","","reachable","","retain","true"
"baseline","https://kujo.robertdevore.com/course/isolation-and-observability/","https://kujo.robertdevore.com/build-4/","◆ Stage build","HTML anchor","200","https://kujo.robertdevore.com/build-4/","","reachable","","retain","true"
"baseline","https://kujo.robertdevore.com/course/isolation-and-observability/","https://kujo.robertdevore.com/course/ai-effects-and-messages/","28 · AI effects and portable messages","HTML anchor","200","https://kujo.robertdevore.com/course/ai-effects-and-messages/","","reachable","","retain","true"
"baseline","https://kujo.robertdevore.com/course/isolation-and-observability/","https://kujo.robertdevore.com/course/request-identity/","29 · Deterministic request identity","HTML anchor","200","https://kujo.robertdevore.com/course/request-identity/","","reachable","","retain","true"
"baseline","https://kujo.robertdevore.com/course/isolation-and-observability/","https://kujo.robertdevore.com/course/record-and-replay/","30 · Record, replay, and offline evidence","HTML anchor","200","https://kujo.robertdevore.com/course/record-and-replay/","","reachable","","retain","true"
"baseline","https://kujo.robertdevore.com/course/isolation-and-observability/","https://kujo.robertdevore.com/course/streaming/","31 · Streaming and cancellation","HTML anchor","200","https://kujo.robertdevore.com/course/streaming/","","reachable","","retain","true"
"baseline","https://kujo.robertdevore.com/course/isolation-and-observability/","https://kujo.robertdevore.com/course/structured-outputs/","32 · Structured outputs and schema validation","HTML anchor","200","https://kujo.robertdevore.com/course/structured-outputs/","","reachable","","retain","true"
"baseline","https://kujo.robertdevore.com/course/isolation-and-observability/","https://kujo.robertdevore.com/course/context-and-vectors/","33 · Context budgets, embeddings, and vectors","HTML anchor","200","https://kujo.robertdevore.com/course/context-and-vectors/","","reachable","","retain","true"
"baseline","https://kujo.robertdevore.com/course/isolation-and-observability/","https://kujo.robertdevore.com/course/tool-loops/","34 · Bounded AI tool loops","HTML anchor","200","https://kujo.robertdevore.com/course/tool-loops/","","reachable","","retain","true"
"baseline","https://kujo.robertdevore.com/course/isolation-and-observability/","https://kujo.robertdevore.com/build-5/","◆ Stage build","HTML anchor","200","https://kujo.robertdevore.com/build-5/","","reachable","","retain","true"
"baseline","https://kujo.robertdevore.com/course/isolation-and-observability/","https://kujo.robertdevore.com/course/mechanism-and-policy/","35 · Mechanism versus policy","HTML anchor","200","https://kujo.robertdevore.com/course/mechanism-and-policy/","","reachable","","retain","true"
"baseline","https://kujo.robertdevore.com/course/isolation-and-observability/","https://kujo.robertdevore.com/course/loop-engineering/","36 · Loop Engineering, specs, and stop conditions","HTML anchor","200","https://kujo.robertdevore.com/course/loop-engineering/","","reachable","","retain","true"
"baseline","https://kujo.robertdevore.com/course/isolation-and-observability/","https://kujo.robertdevore.com/course/evaluation/","37 · Evaluation independent of generation","HTML anchor","200","https://kujo.robertdevore.com/course/evaluation/","","reachable","","retain","true"
"baseline","https://kujo.robertdevore.com/course/isolation-and-observability/","https://kujo.robertdevore.com/course/evidence-and-handoffs/","38 · Evidence, run records, and work boundaries","HTML anchor","200","https://kujo.robertdevore.com/course/evidence-and-handoffs/","","reachable","","retain","true"
"baseline","https://kujo.robertdevore.com/course/isolation-and-observability/","https://kujo.robertdevore.com/course/isolation-and-observability/","39 · Isolation, observability, and watchdogs","HTML anchor","200","https://kujo.robertdevore.com/course/isolation-and-observability/","","reachable","","retain","true"
"baseline","https://kujo.robertdevore.com/course/isolation-and-observability/","https://kujo.robertdevore.com/course/mcp-interoperability/","40 · MCP and external tool interoperability","HTML anchor","200","https://kujo.robertdevore.com/course/mcp-interoperability/","","reachable","","retain","true"
"baseline","https://kujo.robertdevore.com/course/isolation-and-observability/","https://kujo.robertdevore.com/build-6/","◆ Stage build","HTML anchor","200","https://kujo.robertdevore.com/build-6/","","reachable","","retain","true"
"baseline","https://kujo.robertdevore.com/course/isolation-and-observability/","https://kujo.robertdevore.com/capstone/","◆ Final capstone","HTML anchor","200","https://kujo.robertdevore.com/capstone/","","reachable","","retain","true"
"baseline","https://kujo.robertdevore.com/course/isolation-and-observability/","https://kujo.robertdevore.com/course/","Full curriculum →","HTML anchor","200","https://kujo.robertdevore.com/course/","","reachable","","retain","true"
"baseline","https://kujo.robertdevore.com/course/isolation-and-observability/","https://kujo.robertdevore.com/examples/39.kujo","Download example","HTML anchor","200","https://kujo.robertdevore.com/examples/39.kujo","","reachable","","retain","true"
"baseline","https://kujo.robertdevore.com/course/isolation-and-observability/","https://kujo.robertdevore.com/course/evidence-and-handoffs/","← Evidence, run records, and work boundaries","HTML anchor","200","https://kujo.robertdevore.com/course/evidence-and-handoffs/","","reachable","","retain","true"
"baseline","https://kujo.robertdevore.com/course/isolation-and-observability/","https://kujo.robertdevore.com/course/mcp-interoperability/","MCP and external tool interoperability →","HTML anchor","200","https://kujo.robertdevore.com/course/mcp-interoperability/","","reachable","","retain","true"
"baseline","https://kujo.robertdevore.com/course/isolation-and-observability/","https://kujo.robertdevore.com/","K_ KUJO COURSE","HTML anchor","200","https://kujo.robertdevore.com/","","reachable","","retain","true"
"baseline","https://kujo.robertdevore.com/course/isolation-and-observability/","https://kujo.robertdevore.com/about/","About","HTML anchor","200","https://kujo.robertdevore.com/about/","","reachable","","retain","true"
"baseline","https://kujo.robertdevore.com/course/isolation-and-observability/","https://kujo.robertdevore.com/sitemap.xml","Sitemap","HTML anchor","200","https://kujo.robertdevore.com/sitemap.xml","","reachable","","retain","true"
"baseline","https://kujo.robertdevore.com/course/mcp-interoperability/","https://kujo.robertdevore.com/course/mcp-interoperability/#main","Skip to content","HTML anchor","200","https://kujo.robertdevore.com/course/mcp-interoperability/","","reachable","","retain","true"
"baseline","https://kujo.robertdevore.com/course/mcp-interoperability/","https://kujo.robertdevore.com/","K_ KUJO THE COURSE","HTML anchor","200","https://kujo.robertdevore.com/","","reachable","","retain","true"
"baseline","https://kujo.robertdevore.com/course/mcp-interoperability/","https://kujo.robertdevore.com/course/","Curriculum","HTML anchor","200","https://kujo.robertdevore.com/course/","","reachable","","retain","true"
"baseline","https://kujo.robertdevore.com/course/mcp-interoperability/","https://kujo.robertdevore.com/explorer/","Examples","HTML anchor","200","https://kujo.robertdevore.com/explorer/","","reachable","","retain","true"
"baseline","https://kujo.robertdevore.com/course/mcp-interoperability/","https://kujo.robertdevore.com/evidence/","Evidence","HTML anchor","200","https://kujo.robertdevore.com/evidence/","","reachable","","retain","true"
"baseline","https://kujo.robertdevore.com/course/mcp-interoperability/","https://kujo.robertdevore.com/course/what-is-kujo/","01 · What Kujo is","HTML anchor","200","https://kujo.robertdevore.com/course/what-is-kujo/","","reachable","","retain","true"
"baseline","https://kujo.robertdevore.com/course/mcp-interoperability/","https://kujo.robertdevore.com/course/setup-and-cli/","02 · Installation, CLI, and your first program","HTML anchor","200","https://kujo.robertdevore.com/course/setup-and-cli/","","reachable","","retain","true"
"baseline","https://kujo.robertdevore.com/course/mcp-interoperability/","https://kujo.robertdevore.com/course/bindings-and-mutability/","03 · Bindings, values, and mutability","HTML anchor","200","https://kujo.robertdevore.com/course/bindings-and-mutability/","","reachable","","retain","true"
"baseline","https://kujo.robertdevore.com/course/mcp-interoperability/","https://kujo.robertdevore.com/course/values-and-truthiness/","04 · Values, operators, and truthiness","HTML anchor","200","https://kujo.robertdevore.com/course/values-and-truthiness/","","reachable","","retain","true"
"baseline","https://kujo.robertdevore.com/course/mcp-interoperability/","https://kujo.robertdevore.com/course/control-flow/","05 · Control flow and block scopes","HTML anchor","200","https://kujo.robertdevore.com/course/control-flow/","","reachable","","retain","true"
"baseline","https://kujo.robertdevore.com/course/mcp-interoperability/","https://kujo.robertdevore.com/course/functions/","06 · Functions, callbacks, and return values","HTML anchor","200","https://kujo.robertdevore.com/course/functions/","","reachable","","retain","true"
"baseline","https://kujo.robertdevore.com/course/mcp-interoperability/","https://kujo.robertdevore.com/course/collections-and-pipelines/","07 · Collections, pipes, and null handling","HTML anchor","200","https://kujo.robertdevore.com/course/collections-and-pipelines/","","reachable","","retain","true"
"baseline","https://kujo.robertdevore.com/course/mcp-interoperability/","https://kujo.robertdevore.com/build-1/","◆ Stage build","HTML anchor","200","https://kujo.robertdevore.com/build-1/","","reachable","","retain","true"
"baseline","https://kujo.robertdevore.com/course/mcp-interoperability/","https://kujo.robertdevore.com/course/scope-and-capture/","08 · Scope, shadowing, and capture","HTML anchor","200","https://kujo.robertdevore.com/course/scope-and-capture/","","reachable","","retain","true"
"baseline","https://kujo.robertdevore.com/course/mcp-interoperability/","https://kujo.robertdevore.com/course/structs-and-enums/","09 · Structs and enums","HTML anchor","200","https://kujo.robertdevore.com/course/structs-and-enums/","","reachable","","retain","true"
"baseline","https://kujo.robertdevore.com/course/mcp-interoperability/","https://kujo.robertdevore.com/course/match-result-option/","10 · Match, Result, and Option","HTML anchor","200","https://kujo.robertdevore.com/course/match-result-option/","","reachable","","retain","true"
"baseline","https://kujo.robertdevore.com/course/mcp-interoperability/","https://kujo.robertdevore.com/course/exceptions/","11 · Exceptions and recoverable errors","HTML anchor","200","https://kujo.robertdevore.com/course/exceptions/","","reachable","","retain","true"
"baseline","https://kujo.robertdevore.com/course/mcp-interoperability/","https://kujo.robertdevore.com/course/optional-typing/","12 · Optional typing without imaginary guarantees","HTML anchor","200","https://kujo.robertdevore.com/course/optional-typing/","","reachable","","retain","true"
"baseline","https://kujo.robertdevore.com/course/mcp-interoperability/","https://kujo.robertdevore.com/course/async-and-await/","13 · Async functions and await","HTML anchor","200","https://kujo.robertdevore.com/course/async-and-await/","","reachable","","retain","true"
"baseline","https://kujo.robertdevore.com/course/mcp-interoperability/","https://kujo.robertdevore.com/course/bounded-concurrency/","14 · Spawn and bounded concurrent work","HTML anchor","200","https://kujo.robertdevore.com/course/bounded-concurrency/","","reachable","","retain","true"
"baseline","https://kujo.robertdevore.com/course/mcp-interoperability/","https://kujo.robertdevore.com/build-2/","◆ Stage build","HTML anchor","200","https://kujo.robertdevore.com/build-2/","","reachable","","retain","true"
"baseline","https://kujo.robertdevore.com/course/mcp-interoperability/","https://kujo.robertdevore.com/course/modules/","15 · Modules and explicit exports","HTML anchor","200","https://kujo.robertdevore.com/course/modules/","","reachable","","retain","true"
"baseline","https://kujo.robertdevore.com/course/mcp-interoperability/","https://kujo.robertdevore.com/course/projects-and-lockfiles/","16 · Projects, packages, and lockfiles","HTML anchor","200","https://kujo.robertdevore.com/course/projects-and-lockfiles/","","reachable","","retain","true"
"baseline","https://kujo.robertdevore.com/course/mcp-interoperability/","https://kujo.robertdevore.com/course/standard-library/","17 · Finding the standard library contract","HTML anchor","200","https://kujo.robertdevore.com/course/standard-library/","","reachable","","retain","true"
"baseline","https://kujo.robertdevore.com/course/mcp-interoperability/","https://kujo.robertdevore.com/course/testing/","18 · Testing, fixtures, and runtime evidence","HTML anchor","200","https://kujo.robertdevore.com/course/testing/","","reachable","","retain","true"
"baseline","https://kujo.robertdevore.com/course/mcp-interoperability/","https://kujo.robertdevore.com/course/machine-contracts/","19 · Diagnostics and machine-readable interfaces","HTML anchor","200","https://kujo.robertdevore.com/course/machine-contracts/","","reachable","","retain","true"
"baseline","https://kujo.robertdevore.com/course/mcp-interoperability/","https://kujo.robertdevore.com/course/documentation/","20 · Documentation as a build artifact","HTML anchor","200","https://kujo.robertdevore.com/course/documentation/","","reachable","","retain","true"
"baseline","https://kujo.robertdevore.com/course/mcp-interoperability/","https://kujo.robertdevore.com/course/editor-and-lsp/","21 · Editor integration and the LSP boundary","HTML anchor","200","https://kujo.robertdevore.com/course/editor-and-lsp/","","reachable","","retain","true"
"baseline","https://kujo.robertdevore.com/course/mcp-interoperability/","https://kujo.robertdevore.com/build-3/","◆ Stage build","HTML anchor","200","https://kujo.robertdevore.com/build-3/","","reachable","","retain","true"
"baseline","https://kujo.robertdevore.com/course/mcp-interoperability/","https://kujo.robertdevore.com/course/filesystem/","22 · Filesystem automation with bounded paths","HTML anchor","200","https://kujo.robertdevore.com/course/filesystem/","","reachable","","retain","true"
"baseline","https://kujo.robertdevore.com/course/mcp-interoperability/","https://kujo.robertdevore.com/course/processes/","23 · Processes without unnecessary shells","HTML anchor","200","https://kujo.robertdevore.com/course/processes/","","reachable","","retain","true"
"baseline","https://kujo.robertdevore.com/course/mcp-interoperability/","https://kujo.robertdevore.com/course/http-and-networking/","24 · HTTP and network boundaries","HTML anchor","200","https://kujo.robertdevore.com/course/http-and-networking/","","reachable","","retain","true"
"baseline","https://kujo.robertdevore.com/course/mcp-interoperability/","https://kujo.robertdevore.com/course/data-and-persistence/","25 · Structured data and local persistence","HTML anchor","200","https://kujo.robertdevore.com/course/data-and-persistence/","","reachable","","retain","true"
"baseline","https://kujo.robertdevore.com/course/mcp-interoperability/","https://kujo.robertdevore.com/course/capability-security/","26 · Trusted execution and minimum authority","HTML anchor","200","https://kujo.robertdevore.com/course/capability-security/","","reachable","","retain","true"
"baseline","https://kujo.robertdevore.com/course/mcp-interoperability/","https://kujo.robertdevore.com/course/secret-boundaries/","27 · Secrets, redaction, and endpoint policy","HTML anchor","200","https://kujo.robertdevore.com/course/secret-boundaries/","","reachable","","retain","true"
"baseline","https://kujo.robertdevore.com/course/mcp-interoperability/","https://kujo.robertdevore.com/build-4/","◆ Stage build","HTML anchor","200","https://kujo.robertdevore.com/build-4/","","reachable","","retain","true"
"baseline","https://kujo.robertdevore.com/course/mcp-interoperability/","https://kujo.robertdevore.com/course/ai-effects-and-messages/","28 · AI effects and portable messages","HTML anchor","200","https://kujo.robertdevore.com/course/ai-effects-and-messages/","","reachable","","retain","true"
"baseline","https://kujo.robertdevore.com/course/mcp-interoperability/","https://kujo.robertdevore.com/course/request-identity/","29 · Deterministic request identity","HTML anchor","200","https://kujo.robertdevore.com/course/request-identity/","","reachable","","retain","true"
"baseline","https://kujo.robertdevore.com/course/mcp-interoperability/","https://kujo.robertdevore.com/course/record-and-replay/","30 · Record, replay, and offline evidence","HTML anchor","200","https://kujo.robertdevore.com/course/record-and-replay/","","reachable","","retain","true"
"baseline","https://kujo.robertdevore.com/course/mcp-interoperability/","https://kujo.robertdevore.com/course/streaming/","31 · Streaming and cancellation","HTML anchor","200","https://kujo.robertdevore.com/course/streaming/","","reachable","","retain","true"
"baseline","https://kujo.robertdevore.com/course/mcp-interoperability/","https://kujo.robertdevore.com/course/structured-outputs/","32 · Structured outputs and schema validation","HTML anchor","200","https://kujo.robertdevore.com/course/structured-outputs/","","reachable","","retain","true"
"baseline","https://kujo.robertdevore.com/course/mcp-interoperability/","https://kujo.robertdevore.com/course/context-and-vectors/","33 · Context budgets, embeddings, and vectors","HTML anchor","200","https://kujo.robertdevore.com/course/context-and-vectors/","","reachable","","retain","true"
"baseline","https://kujo.robertdevore.com/course/mcp-interoperability/","https://kujo.robertdevore.com/course/tool-loops/","34 · Bounded AI tool loops","HTML anchor","200","https://kujo.robertdevore.com/course/tool-loops/","","reachable","","retain","true"
"baseline","https://kujo.robertdevore.com/course/mcp-interoperability/","https://kujo.robertdevore.com/build-5/","◆ Stage build","HTML anchor","200","https://kujo.robertdevore.com/build-5/","","reachable","","retain","true"
"baseline","https://kujo.robertdevore.com/course/mcp-interoperability/","https://kujo.robertdevore.com/course/mechanism-and-policy/","35 · Mechanism versus policy","HTML anchor","200","https://kujo.robertdevore.com/course/mechanism-and-policy/","","reachable","","retain","true"
"baseline","https://kujo.robertdevore.com/course/mcp-interoperability/","https://kujo.robertdevore.com/course/loop-engineering/","36 · Loop Engineering, specs, and stop conditions","HTML anchor","200","https://kujo.robertdevore.com/course/loop-engineering/","","reachable","","retain","true"
"baseline","https://kujo.robertdevore.com/course/mcp-interoperability/","https://kujo.robertdevore.com/course/evaluation/","37 · Evaluation independent of generation","HTML anchor","200","https://kujo.robertdevore.com/course/evaluation/","","reachable","","retain","true"
"baseline","https://kujo.robertdevore.com/course/mcp-interoperability/","https://kujo.robertdevore.com/course/evidence-and-handoffs/","38 · Evidence, run records, and work boundaries","HTML anchor","200","https://kujo.robertdevore.com/course/evidence-and-handoffs/","","reachable","","retain","true"
"baseline","https://kujo.robertdevore.com/course/mcp-interoperability/","https://kujo.robertdevore.com/course/isolation-and-observability/","39 · Isolation, observability, and watchdogs","HTML anchor","200","https://kujo.robertdevore.com/course/isolation-and-observability/","","reachable","","retain","true"
"baseline","https://kujo.robertdevore.com/course/mcp-interoperability/","https://kujo.robertdevore.com/course/mcp-interoperability/","40 · MCP and external tool interoperability","HTML anchor","200","https://kujo.robertdevore.com/course/mcp-interoperability/","","reachable","","retain","true"
"baseline","https://kujo.robertdevore.com/course/mcp-interoperability/","https://kujo.robertdevore.com/build-6/","◆ Stage build","HTML anchor","200","https://kujo.robertdevore.com/build-6/","","reachable","","retain","true"
"baseline","https://kujo.robertdevore.com/course/mcp-interoperability/","https://kujo.robertdevore.com/capstone/","◆ Final capstone","HTML anchor","200","https://kujo.robertdevore.com/capstone/","","reachable","","retain","true"
"baseline","https://kujo.robertdevore.com/course/mcp-interoperability/","https://kujo.robertdevore.com/course/","Full curriculum →","HTML anchor","200","https://kujo.robertdevore.com/course/","","reachable","","retain","true"
"baseline","https://kujo.robertdevore.com/course/mcp-interoperability/","https://kujo.robertdevore.com/examples/40.kujo","Download example","HTML anchor","200","https://kujo.robertdevore.com/examples/40.kujo","","reachable","","retain","true"
"baseline","https://kujo.robertdevore.com/course/mcp-interoperability/","https://kujo.robertdevore.com/course/isolation-and-observability/","← Isolation, observability, and watchdogs","HTML anchor","200","https://kujo.robertdevore.com/course/isolation-and-observability/","","reachable","","retain","true"
"baseline","https://kujo.robertdevore.com/course/mcp-interoperability/","https://kujo.robertdevore.com/build-6/","Complete this stage’s build →","HTML anchor","200","https://kujo.robertdevore.com/build-6/","","reachable","","retain","true"
"baseline","https://kujo.robertdevore.com/course/mcp-interoperability/","https://kujo.robertdevore.com/","K_ KUJO COURSE","HTML anchor","200","https://kujo.robertdevore.com/","","reachable","","retain","true"
"baseline","https://kujo.robertdevore.com/course/mcp-interoperability/","https://kujo.robertdevore.com/about/","About","HTML anchor","200","https://kujo.robertdevore.com/about/","","reachable","","retain","true"
"baseline","https://kujo.robertdevore.com/course/mcp-interoperability/","https://kujo.robertdevore.com/sitemap.xml","Sitemap","HTML anchor","200","https://kujo.robertdevore.com/sitemap.xml","","reachable","","retain","true"
"baseline","https://kujo.robertdevore.com/build-1/","https://kujo.robertdevore.com/build-1/#main","Skip to content","HTML anchor","200","https://kujo.robertdevore.com/build-1/","","reachable","","retain","true"
"baseline","https://kujo.robertdevore.com/build-1/","https://kujo.robertdevore.com/","K_ KUJO THE COURSE","HTML anchor","200","https://kujo.robertdevore.com/","","reachable","","retain","true"
"baseline","https://kujo.robertdevore.com/build-1/","https://kujo.robertdevore.com/course/","Curriculum","HTML anchor","200","https://kujo.robertdevore.com/course/","","reachable","","retain","true"
"baseline","https://kujo.robertdevore.com/build-1/","https://kujo.robertdevore.com/explorer/","Examples","HTML anchor","200","https://kujo.robertdevore.com/explorer/","","reachable","","retain","true"
"baseline","https://kujo.robertdevore.com/build-1/","https://kujo.robertdevore.com/evidence/","Evidence","HTML anchor","200","https://kujo.robertdevore.com/evidence/","","reachable","","retain","true"
"baseline","https://kujo.robertdevore.com/build-1/","https://kujo.robertdevore.com/projects/report/main.kujo","Download the entrypoint","HTML anchor","200","https://kujo.robertdevore.com/projects/report/main.kujo","","reachable","","retain","true"
"baseline","https://kujo.robertdevore.com/build-1/","https://kujo.robertdevore.com/course/","Return to the course map →","HTML anchor","200","https://kujo.robertdevore.com/course/","","reachable","","retain","true"
"baseline","https://kujo.robertdevore.com/build-1/","https://kujo.robertdevore.com/","K_ KUJO COURSE","HTML anchor","200","https://kujo.robertdevore.com/","","reachable","","retain","true"
"baseline","https://kujo.robertdevore.com/build-1/","https://kujo.robertdevore.com/about/","About","HTML anchor","200","https://kujo.robertdevore.com/about/","","reachable","","retain","true"
"baseline","https://kujo.robertdevore.com/build-1/","https://kujo.robertdevore.com/sitemap.xml","Sitemap","HTML anchor","200","https://kujo.robertdevore.com/sitemap.xml","","reachable","","retain","true"
"baseline","https://kujo.robertdevore.com/build-2/","https://kujo.robertdevore.com/build-2/#main","Skip to content","HTML anchor","200","https://kujo.robertdevore.com/build-2/","","reachable","","retain","true"
"baseline","https://kujo.robertdevore.com/build-2/","https://kujo.robertdevore.com/","K_ KUJO THE COURSE","HTML anchor","200","https://kujo.robertdevore.com/","","reachable","","retain","true"
"baseline","https://kujo.robertdevore.com/build-2/","https://kujo.robertdevore.com/course/","Curriculum","HTML anchor","200","https://kujo.robertdevore.com/course/","","reachable","","retain","true"
"baseline","https://kujo.robertdevore.com/build-2/","https://kujo.robertdevore.com/explorer/","Examples","HTML anchor","200","https://kujo.robertdevore.com/explorer/","","reachable","","retain","true"
"baseline","https://kujo.robertdevore.com/build-2/","https://kujo.robertdevore.com/evidence/","Evidence","HTML anchor","200","https://kujo.robertdevore.com/evidence/","","reachable","","retain","true"
"baseline","https://kujo.robertdevore.com/build-2/","https://kujo.robertdevore.com/projects/concurrent/main.kujo","Download the entrypoint","HTML anchor","200","https://kujo.robertdevore.com/projects/concurrent/main.kujo","","reachable","","retain","true"
"baseline","https://kujo.robertdevore.com/build-2/","https://kujo.robertdevore.com/course/","Return to the course map →","HTML anchor","200","https://kujo.robertdevore.com/course/","","reachable","","retain","true"
"baseline","https://kujo.robertdevore.com/build-2/","https://kujo.robertdevore.com/","K_ KUJO COURSE","HTML anchor","200","https://kujo.robertdevore.com/","","reachable","","retain","true"
"baseline","https://kujo.robertdevore.com/build-2/","https://kujo.robertdevore.com/about/","About","HTML anchor","200","https://kujo.robertdevore.com/about/","","reachable","","retain","true"
"baseline","https://kujo.robertdevore.com/build-2/","https://kujo.robertdevore.com/sitemap.xml","Sitemap","HTML anchor","200","https://kujo.robertdevore.com/sitemap.xml","","reachable","","retain","true"
"baseline","https://kujo.robertdevore.com/build-3/","https://kujo.robertdevore.com/build-3/#main","Skip to content","HTML anchor","200","https://kujo.robertdevore.com/build-3/","","reachable","","retain","true"
"baseline","https://kujo.robertdevore.com/build-3/","https://kujo.robertdevore.com/","K_ KUJO THE COURSE","HTML anchor","200","https://kujo.robertdevore.com/","","reachable","","retain","true"
"baseline","https://kujo.robertdevore.com/build-3/","https://kujo.robertdevore.com/course/","Curriculum","HTML anchor","200","https://kujo.robertdevore.com/course/","","reachable","","retain","true"
"baseline","https://kujo.robertdevore.com/build-3/","https://kujo.robertdevore.com/explorer/","Examples","HTML anchor","200","https://kujo.robertdevore.com/explorer/","","reachable","","retain","true"
"baseline","https://kujo.robertdevore.com/build-3/","https://kujo.robertdevore.com/evidence/","Evidence","HTML anchor","200","https://kujo.robertdevore.com/evidence/","","reachable","","retain","true"
"baseline","https://kujo.robertdevore.com/build-3/","https://kujo.robertdevore.com/projects/package/src/main.kujo","Download the entrypoint","HTML anchor","200","https://kujo.robertdevore.com/projects/package/src/main.kujo","","reachable","","retain","true"
"baseline","https://kujo.robertdevore.com/build-3/","https://kujo.robertdevore.com/course/","Return to the course map →","HTML anchor","200","https://kujo.robertdevore.com/course/","","reachable","","retain","true"
"baseline","https://kujo.robertdevore.com/build-3/","https://kujo.robertdevore.com/","K_ KUJO COURSE","HTML anchor","200","https://kujo.robertdevore.com/","","reachable","","retain","true"
"baseline","https://kujo.robertdevore.com/build-3/","https://kujo.robertdevore.com/about/","About","HTML anchor","200","https://kujo.robertdevore.com/about/","","reachable","","retain","true"
"baseline","https://kujo.robertdevore.com/build-3/","https://kujo.robertdevore.com/sitemap.xml","Sitemap","HTML anchor","200","https://kujo.robertdevore.com/sitemap.xml","","reachable","","retain","true"
"baseline","https://kujo.robertdevore.com/build-4/","https://kujo.robertdevore.com/build-4/#main","Skip to content","HTML anchor","200","https://kujo.robertdevore.com/build-4/","","reachable","","retain","true"
"baseline","https://kujo.robertdevore.com/build-4/","https://kujo.robertdevore.com/","K_ KUJO THE COURSE","HTML anchor","200","https://kujo.robertdevore.com/","","reachable","","retain","true"
"baseline","https://kujo.robertdevore.com/build-4/","https://kujo.robertdevore.com/course/","Curriculum","HTML anchor","200","https://kujo.robertdevore.com/course/","","reachable","","retain","true"
"baseline","https://kujo.robertdevore.com/build-4/","https://kujo.robertdevore.com/explorer/","Examples","HTML anchor","200","https://kujo.robertdevore.com/explorer/","","reachable","","retain","true"
"baseline","https://kujo.robertdevore.com/build-4/","https://kujo.robertdevore.com/evidence/","Evidence","HTML anchor","200","https://kujo.robertdevore.com/evidence/","","reachable","","retain","true"
"baseline","https://kujo.robertdevore.com/build-4/","https://kujo.robertdevore.com/projects/native/main.kujo","Download the entrypoint","HTML anchor","200","https://kujo.robertdevore.com/projects/native/main.kujo","","reachable","","retain","true"
"baseline","https://kujo.robertdevore.com/build-4/","https://kujo.robertdevore.com/course/","Return to the course map →","HTML anchor","200","https://kujo.robertdevore.com/course/","","reachable","","retain","true"
"baseline","https://kujo.robertdevore.com/build-4/","https://kujo.robertdevore.com/","K_ KUJO COURSE","HTML anchor","200","https://kujo.robertdevore.com/","","reachable","","retain","true"
"baseline","https://kujo.robertdevore.com/build-4/","https://kujo.robertdevore.com/about/","About","HTML anchor","200","https://kujo.robertdevore.com/about/","","reachable","","retain","true"
"baseline","https://kujo.robertdevore.com/build-4/","https://kujo.robertdevore.com/sitemap.xml","Sitemap","HTML anchor","200","https://kujo.robertdevore.com/sitemap.xml","","reachable","","retain","true"
"baseline","https://kujo.robertdevore.com/build-5/","https://kujo.robertdevore.com/build-5/#main","Skip to content","HTML anchor","200","https://kujo.robertdevore.com/build-5/","","reachable","","retain","true"
"baseline","https://kujo.robertdevore.com/build-5/","https://kujo.robertdevore.com/","K_ KUJO THE COURSE","HTML anchor","200","https://kujo.robertdevore.com/","","reachable","","retain","true"
"baseline","https://kujo.robertdevore.com/build-5/","https://kujo.robertdevore.com/course/","Curriculum","HTML anchor","200","https://kujo.robertdevore.com/course/","","reachable","","retain","true"
"baseline","https://kujo.robertdevore.com/build-5/","https://kujo.robertdevore.com/explorer/","Examples","HTML anchor","200","https://kujo.robertdevore.com/explorer/","","reachable","","retain","true"
"baseline","https://kujo.robertdevore.com/build-5/","https://kujo.robertdevore.com/evidence/","Evidence","HTML anchor","200","https://kujo.robertdevore.com/evidence/","","reachable","","retain","true"
"baseline","https://kujo.robertdevore.com/build-5/","https://kujo.robertdevore.com/projects/ai/main.kujo","Download the entrypoint","HTML anchor","200","https://kujo.robertdevore.com/projects/ai/main.kujo","","reachable","","retain","true"
"baseline","https://kujo.robertdevore.com/build-5/","https://kujo.robertdevore.com/course/","Return to the course map →","HTML anchor","200","https://kujo.robertdevore.com/course/","","reachable","","retain","true"
"baseline","https://kujo.robertdevore.com/build-5/","https://kujo.robertdevore.com/","K_ KUJO COURSE","HTML anchor","200","https://kujo.robertdevore.com/","","reachable","","retain","true"
"baseline","https://kujo.robertdevore.com/build-5/","https://kujo.robertdevore.com/about/","About","HTML anchor","200","https://kujo.robertdevore.com/about/","","reachable","","retain","true"
"baseline","https://kujo.robertdevore.com/build-5/","https://kujo.robertdevore.com/sitemap.xml","Sitemap","HTML anchor","200","https://kujo.robertdevore.com/sitemap.xml","","reachable","","retain","true"
"baseline","https://kujo.robertdevore.com/build-6/","https://kujo.robertdevore.com/build-6/#main","Skip to content","HTML anchor","200","https://kujo.robertdevore.com/build-6/","","reachable","","retain","true"
"baseline","https://kujo.robertdevore.com/build-6/","https://kujo.robertdevore.com/","K_ KUJO THE COURSE","HTML anchor","200","https://kujo.robertdevore.com/","","reachable","","retain","true"
"baseline","https://kujo.robertdevore.com/build-6/","https://kujo.robertdevore.com/course/","Curriculum","HTML anchor","200","https://kujo.robertdevore.com/course/","","reachable","","retain","true"
"baseline","https://kujo.robertdevore.com/build-6/","https://kujo.robertdevore.com/explorer/","Examples","HTML anchor","200","https://kujo.robertdevore.com/explorer/","","reachable","","retain","true"
"baseline","https://kujo.robertdevore.com/build-6/","https://kujo.robertdevore.com/evidence/","Evidence","HTML anchor","200","https://kujo.robertdevore.com/evidence/","","reachable","","retain","true"
"baseline","https://kujo.robertdevore.com/build-6/","https://kujo.robertdevore.com/projects/workflow/main.kujo","Download the entrypoint","HTML anchor","200","https://kujo.robertdevore.com/projects/workflow/main.kujo","","reachable","","retain","true"
"baseline","https://kujo.robertdevore.com/build-6/","https://kujo.robertdevore.com/course/","Return to the course map →","HTML anchor","200","https://kujo.robertdevore.com/course/","","reachable","","retain","true"
"baseline","https://kujo.robertdevore.com/build-6/","https://kujo.robertdevore.com/","K_ KUJO COURSE","HTML anchor","200","https://kujo.robertdevore.com/","","reachable","","retain","true"
"baseline","https://kujo.robertdevore.com/build-6/","https://kujo.robertdevore.com/about/","About","HTML anchor","200","https://kujo.robertdevore.com/about/","","reachable","","retain","true"
"baseline","https://kujo.robertdevore.com/build-6/","https://kujo.robertdevore.com/sitemap.xml","Sitemap","HTML anchor","200","https://kujo.robertdevore.com/sitemap.xml","","reachable","","retain","true"
"baseline","https://kujo.robertdevore.com/capstone/","https://kujo.robertdevore.com/capstone/#main","Skip to content","HTML anchor","200","https://kujo.robertdevore.com/capstone/","","reachable","","retain","true"
"baseline","https://kujo.robertdevore.com/capstone/","https://kujo.robertdevore.com/","K_ KUJO THE COURSE","HTML anchor","200","https://kujo.robertdevore.com/","","reachable","","retain","true"
"baseline","https://kujo.robertdevore.com/capstone/","https://kujo.robertdevore.com/course/","Curriculum","HTML anchor","200","https://kujo.robertdevore.com/course/","","reachable","","retain","true"
"baseline","https://kujo.robertdevore.com/capstone/","https://kujo.robertdevore.com/explorer/","Examples","HTML anchor","200","https://kujo.robertdevore.com/explorer/","","reachable","","retain","true"
"baseline","https://kujo.robertdevore.com/capstone/","https://kujo.robertdevore.com/evidence/","Evidence","HTML anchor","200","https://kujo.robertdevore.com/evidence/","","reachable","","retain","true"
"baseline","https://kujo.robertdevore.com/capstone/","https://kujo.robertdevore.com/projects/capstone/src/main.kujo","Download the entrypoint","HTML anchor","200","https://kujo.robertdevore.com/projects/capstone/src/main.kujo","","reachable","","retain","true"
"baseline","https://kujo.robertdevore.com/capstone/","https://kujo.robertdevore.com/","K_ KUJO COURSE","HTML anchor","200","https://kujo.robertdevore.com/","","reachable","","retain","true"
"baseline","https://kujo.robertdevore.com/capstone/","https://kujo.robertdevore.com/about/","About","HTML anchor","200","https://kujo.robertdevore.com/about/","","reachable","","retain","true"
"baseline","https://kujo.robertdevore.com/capstone/","https://kujo.robertdevore.com/sitemap.xml","Sitemap","HTML anchor","200","https://kujo.robertdevore.com/sitemap.xml","","reachable","","retain","true"
"baseline","https://kujo.robertdevore.com/explorer/","https://kujo.robertdevore.com/explorer/#main","Skip to content","HTML anchor","200","https://kujo.robertdevore.com/explorer/","","reachable","","retain","true"
"baseline","https://kujo.robertdevore.com/explorer/","https://kujo.robertdevore.com/","K_ KUJO THE COURSE","HTML anchor","200","https://kujo.robertdevore.com/","","reachable","","retain","true"
"baseline","https://kujo.robertdevore.com/explorer/","https://kujo.robertdevore.com/course/","Curriculum","HTML anchor","200","https://kujo.robertdevore.com/course/","","reachable","","retain","true"
"baseline","https://kujo.robertdevore.com/explorer/","https://kujo.robertdevore.com/explorer/","Examples","HTML anchor","200","https://kujo.robertdevore.com/explorer/","","reachable","","retain","true"
"baseline","https://kujo.robertdevore.com/explorer/","https://kujo.robertdevore.com/evidence/","Evidence","HTML anchor","200","https://kujo.robertdevore.com/evidence/","","reachable","","retain","true"
"baseline","https://kujo.robertdevore.com/explorer/","https://kujo.robertdevore.com/","K_ KUJO COURSE","HTML anchor","200","https://kujo.robertdevore.com/","","reachable","","retain","true"
"baseline","https://kujo.robertdevore.com/explorer/","https://kujo.robertdevore.com/about/","About","HTML anchor","200","https://kujo.robertdevore.com/about/","","reachable","","retain","true"
"baseline","https://kujo.robertdevore.com/explorer/","https://kujo.robertdevore.com/sitemap.xml","Sitemap","HTML anchor","200","https://kujo.robertdevore.com/sitemap.xml","","reachable","","retain","true"
"baseline","https://kujo.robertdevore.com/about/","https://kujo.robertdevore.com/about/#main","Skip to content","HTML anchor","200","https://kujo.robertdevore.com/about/","","reachable","","retain","true"
"baseline","https://kujo.robertdevore.com/about/","https://kujo.robertdevore.com/","K_ KUJO THE COURSE","HTML anchor","200","https://kujo.robertdevore.com/","","reachable","","retain","true"
"baseline","https://kujo.robertdevore.com/about/","https://kujo.robertdevore.com/course/","Curriculum","HTML anchor","200","https://kujo.robertdevore.com/course/","","reachable","","retain","true"
"baseline","https://kujo.robertdevore.com/about/","https://kujo.robertdevore.com/explorer/","Examples","HTML anchor","200","https://kujo.robertdevore.com/explorer/","","reachable","","retain","true"
"baseline","https://kujo.robertdevore.com/about/","https://kujo.robertdevore.com/evidence/","Evidence","HTML anchor","200","https://kujo.robertdevore.com/evidence/","","reachable","","retain","true"
"baseline","https://kujo.robertdevore.com/about/","https://kujo.robertdevore.com/evidence/","evidence ledger","HTML anchor","200","https://kujo.robertdevore.com/evidence/","","reachable","","retain","true"
"baseline","https://kujo.robertdevore.com/about/","https://kujo.robertdevore.com/","K_ KUJO COURSE","HTML anchor","200","https://kujo.robertdevore.com/","","reachable","","retain","true"
"baseline","https://kujo.robertdevore.com/about/","https://kujo.robertdevore.com/about/","About","HTML anchor","200","https://kujo.robertdevore.com/about/","","reachable","","retain","true"
"baseline","https://kujo.robertdevore.com/about/","https://kujo.robertdevore.com/sitemap.xml","Sitemap","HTML anchor","200","https://kujo.robertdevore.com/sitemap.xml","","reachable","","retain","true"
"baseline","https://kujo.robertdevore.com/evidence/","https://kujo.robertdevore.com/evidence/#main","Skip to content","HTML anchor","200","https://kujo.robertdevore.com/evidence/","","reachable","","retain","true"
"baseline","https://kujo.robertdevore.com/evidence/","https://kujo.robertdevore.com/","K_ KUJO THE COURSE","HTML anchor","200","https://kujo.robertdevore.com/","","reachable","","retain","true"
"baseline","https://kujo.robertdevore.com/evidence/","https://kujo.robertdevore.com/course/","Curriculum","HTML anchor","200","https://kujo.robertdevore.com/course/","","reachable","","retain","true"
"baseline","https://kujo.robertdevore.com/evidence/","https://kujo.robertdevore.com/explorer/","Examples","HTML anchor","200","https://kujo.robertdevore.com/explorer/","","reachable","","retain","true"
"baseline","https://kujo.robertdevore.com/evidence/","https://kujo.robertdevore.com/evidence/","Evidence","HTML anchor","200","https://kujo.robertdevore.com/evidence/","","reachable","","retain","true"
"baseline","https://kujo.robertdevore.com/evidence/","https://kujo.robertdevore.com/verification.json","Download the current verification receipts","HTML anchor","200","https://kujo.robertdevore.com/verification.json","","reachable","","retain","true"
"baseline","https://kujo.robertdevore.com/evidence/","https://kujo.robertdevore.com/source-ledger.json","Download the concept/source ledger","HTML anchor","200","https://kujo.robertdevore.com/source-ledger.json","","reachable","","retain","true"
"baseline","https://kujo.robertdevore.com/evidence/","https://kujo.robertdevore.com/runtime-discrepancies.json","Download both-runtime probe results","HTML anchor","200","https://kujo.robertdevore.com/runtime-discrepancies.json","","reachable","","retain","true"
"baseline","https://kujo.robertdevore.com/evidence/","https://kujo.robertdevore.com/","K_ KUJO COURSE","HTML anchor","200","https://kujo.robertdevore.com/","","reachable","","retain","true"
"baseline","https://kujo.robertdevore.com/evidence/","https://kujo.robertdevore.com/about/","About","HTML anchor","200","https://kujo.robertdevore.com/about/","","reachable","","retain","true"
"baseline","https://kujo.robertdevore.com/evidence/","https://kujo.robertdevore.com/sitemap.xml","Sitemap","HTML anchor","200","https://kujo.robertdevore.com/sitemap.xml","","reachable","","retain","true"
